run	cfg	input	build	rep	kind	bin	bin_sha256	env	created
run_0001_c09ckpt100_base_r1	c09ckpt100	c09ckpt100	base	1	forge	/home/ubuntu/bin-hostmem/forge_9c9f623c	c65dbb39f77254151f411cbcb8de0fb10c9245aa381764eb26c34801658e8a7c		2026-10-07T00:56:41+0000
run_0002_c44dual_ckpt100_base_r1	c44dual_ckpt100	c44dual_ckpt100	base	1	forge	/home/ubuntu/bin-hostmem/forge_9c9f623c	c65dbb39f77254151f411cbcb8de0fb10c9245aa381764eb26c34801658e8a7c	FORGE_ALLOW_UNVERIFIED_SPECIES=1	2026-10-07T00:56:41+0000
run_0003_c36node_base_r1	c36node	c36node	base	1	forge	/home/ubuntu/bin-hostmem/forge_9c9f623c	c65dbb39f77254151f411cbcb8de0fb10c9245aa381764eb26c34801658e8a7c		2026-10-07T00:56:41+0000
run_0004_c36node_impdiag_base_r1	c36node_impdiag	c36node	base	1	forge	/home/ubuntu/bin-hostmem/forge_9c9f623c	c65dbb39f77254151f411cbcb8de0fb10c9245aa381764eb26c34801658e8a7c	FORGE_IMPLICIT_DIAG_CSV=diag.csv	2026-10-07T00:56:41+0000
run_0005_c36node_psidual_base_r1	c36node_psidual	c36node	base	1	forge	/home/ubuntu/bin-hostmem/forge_9c9f623c	c65dbb39f77254151f411cbcb8de0fb10c9245aa381764eb26c34801658e8a7c	FORGE_DIAG_PSI_DUALEVAL=2,4	2026-10-07T00:56:42+0000
run_0006_c09cont200_base_r1	c09cont200	c09cont200	base	1	forge	/home/ubuntu/bin-hostmem/forge_9c9f623c	c65dbb39f77254151f411cbcb8de0fb10c9245aa381764eb26c34801658e8a7c		2026-10-07T00:56:42+0000
run_0007_c09ckpt100_outres_base_r1	c09ckpt100_outres	c09ckpt100	base	1	forge	/home/ubuntu/bin-hostmem/forge_9c9f623c	c65dbb39f77254151f411cbcb8de0fb10c9245aa381764eb26c34801658e8a7c	FORGE_OUT_RESIDUALS=1 FORGE_RESID_SNAP=0	2026-10-07T00:56:42+0000
run_0008_c09ckpt100_rawdiag_base_r1	c09ckpt100_rawdiag	c09ckpt100	base	1	forge	/home/ubuntu/bin-hostmem/forge_9c9f623c	c65dbb39f77254151f411cbcb8de0fb10c9245aa381764eb26c34801658e8a7c	FORGE_SPECIES_RAW_DIAG=1	2026-10-07T00:56:42+0000
run_0009_c09ckpt100_pindiag_base_r1	c09ckpt100_pindiag	c09ckpt100	base	1	forge	/home/ubuntu/bin-hostmem/forge_9c9f623c	c65dbb39f77254151f411cbcb8de0fb10c9245aa381764eb26c34801658e8a7c	FORGE_PIN_DIAG=1	2026-10-07T00:56:42+0000
run_0010_c44steady_base_r1	c44steady	c44steady	base	1	forge	/home/ubuntu/bin-hostmem/forge_9c9f623c	c65dbb39f77254151f411cbcb8de0fb10c9245aa381764eb26c34801658e8a7c	FORGE_ALLOW_UNVERIFIED_SPECIES=1	2026-10-07T00:56:42+0000
run_0011_c44dual_pindiag_base_r1	c44dual_pindiag	c44dual_ckpt100	base	1	forge	/home/ubuntu/bin-hostmem/forge_9c9f623c	c65dbb39f77254151f411cbcb8de0fb10c9245aa381764eb26c34801658e8a7c	FORGE_ALLOW_UNVERIFIED_SPECIES=1 FORGE_PIN_DIAG=1	2026-10-07T00:56:42+0000
run_0012_c52cht_base_r1	c52cht	c52cht	base	1	forge	/home/ubuntu/bin-hostmem/forge_9c9f623c	c65dbb39f77254151f411cbcb8de0fb10c9245aa381764eb26c34801658e8a7c		2026-10-07T00:56:42+0000
run_0013_c36cell_base_r1	c36cell	c36cell	base	1	forge	/home/ubuntu/bin-hostmem/forge_9c9f623c	c65dbb39f77254151f411cbcb8de0fb10c9245aa381764eb26c34801658e8a7c		2026-10-07T00:56:42+0000
run_0014_c20cell_rk3_base_r1	c20cell_rk3	c20cell_rk3	base	1	forge	/home/ubuntu/bin-hostmem/forge_9c9f623c	c65dbb39f77254151f411cbcb8de0fb10c9245aa381764eb26c34801658e8a7c		2026-10-07T00:56:42+0000
run_0015_c20cell_dual_base_r1	c20cell_dual	c20cell_dual	base	1	forge	/home/ubuntu/bin-hostmem/forge_9c9f623c	c65dbb39f77254151f411cbcb8de0fb10c9245aa381764eb26c34801658e8a7c		2026-10-07T00:56:42+0000
run_0016_c20cell_impdiag_base_r1	c20cell_impdiag	c20cell_impl	base	1	forge	/home/ubuntu/bin-hostmem/forge_9c9f623c	c65dbb39f77254151f411cbcb8de0fb10c9245aa381764eb26c34801658e8a7c	FORGE_IMPLICIT_DIAG_CSV=diag.csv	2026-10-07T00:56:42+0000
run_0017_c57lm_base_r1	c57lm	c57lm	base	1	forge	/home/ubuntu/bin-hostmem/forge_9c9f623c	c65dbb39f77254151f411cbcb8de0fb10c9245aa381764eb26c34801658e8a7c		2026-10-07T00:56:42+0000
run_0018_c57lm_fromsst_base_r1	c57lm_fromsst	c57lm_fromsst	base	1	forge	/home/ubuntu/bin-hostmem/forge_9c9f623c	c65dbb39f77254151f411cbcb8de0fb10c9245aa381764eb26c34801658e8a7c		2026-10-07T00:56:43+0000
run_0019_c56lineimp_base_r1	c56lineimp	c56lineimp	base	1	forge	/home/ubuntu/bin-hostmem/forge_9c9f623c	c65dbb39f77254151f411cbcb8de0fb10c9245aa381764eb26c34801658e8a7c		2026-10-07T00:56:43+0000
run_0020_c56extra_base_r1	c56extra	c56extra	base	1	forge	/home/ubuntu/bin-hostmem/forge_9c9f623c	c65dbb39f77254151f411cbcb8de0fb10c9245aa381764eb26c34801658e8a7c		2026-10-07T00:56:43+0000
run_0021_c48absorb_base_r1	c48absorb	c48absorb	base	1	forge	/home/ubuntu/bin-hostmem/forge_9c9f623c	c65dbb39f77254151f411cbcb8de0fb10c9245aa381764eb26c34801658e8a7c		2026-10-07T00:56:43+0000
run_0022_c26optin_base_r1	c26optin	c26optin	base	1	forge	/home/ubuntu/bin-hostmem/forge_9c9f623c	c65dbb39f77254151f411cbcb8de0fb10c9245aa381764eb26c34801658e8a7c		2026-10-07T00:56:43+0000
run_0023_c26optin_env_base_r1	c26optin_env	c26optin	base	1	forge	/home/ubuntu/bin-hostmem/forge_9c9f623c	c65dbb39f77254151f411cbcb8de0fb10c9245aa381764eb26c34801658e8a7c	FORGE_WI_FORCE_DIAG=1 FORGE_WF_CLOSURE_DIAG=1 FORGE_OMEGA_BUDGET=1 FORGE_WF_REP_DIAG=1	2026-10-07T00:56:43+0000
run_0024_v36node_base_r1	v36node	v36node	base	1	convert	/home/ubuntu/bin-hostmem/convert_9c9f623c	6f45e299f2268fd5a160e845c8be19a5e026ad0f46a2283b07796af8954eaebd		2026-10-07T00:56:43+0000
run_0025_v36cell_base_r1	v36cell	v36cell	base	1	convert	/home/ubuntu/bin-hostmem/convert_9c9f623c	6f45e299f2268fd5a160e845c8be19a5e026ad0f46a2283b07796af8954eaebd		2026-10-07T00:56:43+0000
run_0026_v09_base_r1	v09	v09	base	1	convert	/home/ubuntu/bin-hostmem/convert_9c9f623c	6f45e299f2268fd5a160e845c8be19a5e026ad0f46a2283b07796af8954eaebd		2026-10-07T00:56:43+0000
run_0027_v52_base_r1	v52	v52	base	1	convert	/home/ubuntu/bin-hostmem/convert_9c9f623c	6f45e299f2268fd5a160e845c8be19a5e026ad0f46a2283b07796af8954eaebd		2026-10-07T00:56:43+0000
run_0028_v44_base_r1	v44	v44	base	1	convert	/home/ubuntu/bin-hostmem/convert_9c9f623c	6f45e299f2268fd5a160e845c8be19a5e026ad0f46a2283b07796af8954eaebd		2026-10-07T00:56:43+0000
run_0029_c44dual_ckpt100_base_r1	c44dual_ckpt100	c44dual_ckpt100	base	1	forge	/home/ubuntu/bin-hostmem/forge_9c9f623c	c65dbb39f77254151f411cbcb8de0fb10c9245aa381764eb26c34801658e8a7c	FORGE_ALLOW_UNVERIFIED_SPECIES=1	2026-10-07T01:00:43+0000
run_0030_c44steady_base_r1	c44steady	c44steady	base	1	forge	/home/ubuntu/bin-hostmem/forge_9c9f623c	c65dbb39f77254151f411cbcb8de0fb10c9245aa381764eb26c34801658e8a7c	FORGE_ALLOW_UNVERIFIED_SPECIES=1	2026-10-07T01:00:43+0000
run_0031_c44dual_pindiag_base_r1	c44dual_pindiag	c44dual_ckpt100	base	1	forge	/home/ubuntu/bin-hostmem/forge_9c9f623c	c65dbb39f77254151f411cbcb8de0fb10c9245aa381764eb26c34801658e8a7c	FORGE_ALLOW_UNVERIFIED_SPECIES=1 FORGE_PIN_DIAG=1	2026-10-07T01:00:43+0000
run_0032_v44_base_r1	v44	v44	base	1	convert	/home/ubuntu/bin-hostmem/convert_9c9f623c	6f45e299f2268fd5a160e845c8be19a5e026ad0f46a2283b07796af8954eaebd		2026-10-07T01:00:43+0000
run_0033_c09restart100_base_r1	c09restart100	c09restart100	base	1	forge	/home/ubuntu/bin-hostmem/forge_9c9f623c	c65dbb39f77254151f411cbcb8de0fb10c9245aa381764eb26c34801658e8a7c		2026-10-07T01:04:31+0000
run_0034_c44dual_restart100_base_r1	c44dual_restart100	c44dual_restart100	base	1	forge	/home/ubuntu/bin-hostmem/forge_9c9f623c	c65dbb39f77254151f411cbcb8de0fb10c9245aa381764eb26c34801658e8a7c	FORGE_ALLOW_UNVERIFIED_SPECIES=1	2026-10-07T01:04:31+0000
run_0035_c09ckpt100_base_r2	c09ckpt100	c09ckpt100	base	2	forge	/home/ubuntu/bin-hostmem/forge_9c9f623c	c65dbb39f77254151f411cbcb8de0fb10c9245aa381764eb26c34801658e8a7c		2026-10-07T01:04:32+0000
run_0036_c09restart100_base_r2	c09restart100	c09restart100	base	2	forge	/home/ubuntu/bin-hostmem/forge_9c9f623c	c65dbb39f77254151f411cbcb8de0fb10c9245aa381764eb26c34801658e8a7c		2026-10-07T01:04:32+0000
run_0037_c09cont200_base_r2	c09cont200	c09cont200	base	2	forge	/home/ubuntu/bin-hostmem/forge_9c9f623c	c65dbb39f77254151f411cbcb8de0fb10c9245aa381764eb26c34801658e8a7c		2026-10-07T01:04:32+0000
run_0038_c44dual_ckpt100_base_r2	c44dual_ckpt100	c44dual_ckpt100	base	2	forge	/home/ubuntu/bin-hostmem/forge_9c9f623c	c65dbb39f77254151f411cbcb8de0fb10c9245aa381764eb26c34801658e8a7c	FORGE_ALLOW_UNVERIFIED_SPECIES=1	2026-10-07T01:04:32+0000
run_0039_c44dual_restart100_base_r2	c44dual_restart100	c44dual_restart100	base	2	forge	/home/ubuntu/bin-hostmem/forge_9c9f623c	c65dbb39f77254151f411cbcb8de0fb10c9245aa381764eb26c34801658e8a7c	FORGE_ALLOW_UNVERIFIED_SPECIES=1	2026-10-07T01:04:32+0000
run_0040_c36node_base_r2	c36node	c36node	base	2	forge	/home/ubuntu/bin-hostmem/forge_9c9f623c	c65dbb39f77254151f411cbcb8de0fb10c9245aa381764eb26c34801658e8a7c		2026-10-07T01:04:32+0000
run_0041_c36node_impdiag_base_r2	c36node_impdiag	c36node	base	2	forge	/home/ubuntu/bin-hostmem/forge_9c9f623c	c65dbb39f77254151f411cbcb8de0fb10c9245aa381764eb26c34801658e8a7c	FORGE_IMPLICIT_DIAG_CSV=diag.csv	2026-10-07T01:04:32+0000
run_0042_c36node_psidual_base_r2	c36node_psidual	c36node	base	2	forge	/home/ubuntu/bin-hostmem/forge_9c9f623c	c65dbb39f77254151f411cbcb8de0fb10c9245aa381764eb26c34801658e8a7c	FORGE_DIAG_PSI_DUALEVAL=2,4	2026-10-07T01:04:32+0000
run_0043_c09ckpt100_outres_base_r2	c09ckpt100_outres	c09ckpt100	base	2	forge	/home/ubuntu/bin-hostmem/forge_9c9f623c	c65dbb39f77254151f411cbcb8de0fb10c9245aa381764eb26c34801658e8a7c	FORGE_OUT_RESIDUALS=1 FORGE_RESID_SNAP=0	2026-10-07T01:04:32+0000
run_0044_c09ckpt100_rawdiag_base_r2	c09ckpt100_rawdiag	c09ckpt100	base	2	forge	/home/ubuntu/bin-hostmem/forge_9c9f623c	c65dbb39f77254151f411cbcb8de0fb10c9245aa381764eb26c34801658e8a7c	FORGE_SPECIES_RAW_DIAG=1	2026-10-07T01:04:32+0000
run_0045_c09ckpt100_pindiag_base_r2	c09ckpt100_pindiag	c09ckpt100	base	2	forge	/home/ubuntu/bin-hostmem/forge_9c9f623c	c65dbb39f77254151f411cbcb8de0fb10c9245aa381764eb26c34801658e8a7c	FORGE_PIN_DIAG=1	2026-10-07T01:04:32+0000
run_0046_c44steady_base_r2	c44steady	c44steady	base	2	forge	/home/ubuntu/bin-hostmem/forge_9c9f623c	c65dbb39f77254151f411cbcb8de0fb10c9245aa381764eb26c34801658e8a7c	FORGE_ALLOW_UNVERIFIED_SPECIES=1	2026-10-07T01:04:32+0000
run_0047_c44dual_pindiag_base_r2	c44dual_pindiag	c44dual_ckpt100	base	2	forge	/home/ubuntu/bin-hostmem/forge_9c9f623c	c65dbb39f77254151f411cbcb8de0fb10c9245aa381764eb26c34801658e8a7c	FORGE_ALLOW_UNVERIFIED_SPECIES=1 FORGE_PIN_DIAG=1	2026-10-07T01:04:32+0000
run_0048_c52cht_base_r2	c52cht	c52cht	base	2	forge	/home/ubuntu/bin-hostmem/forge_9c9f623c	c65dbb39f77254151f411cbcb8de0fb10c9245aa381764eb26c34801658e8a7c		2026-10-07T01:04:33+0000
run_0049_c36cell_base_r2	c36cell	c36cell	base	2	forge	/home/ubuntu/bin-hostmem/forge_9c9f623c	c65dbb39f77254151f411cbcb8de0fb10c9245aa381764eb26c34801658e8a7c		2026-10-07T01:04:33+0000
run_0050_c20cell_rk3_base_r2	c20cell_rk3	c20cell_rk3	base	2	forge	/home/ubuntu/bin-hostmem/forge_9c9f623c	c65dbb39f77254151f411cbcb8de0fb10c9245aa381764eb26c34801658e8a7c		2026-10-07T01:04:33+0000
run_0051_c20cell_dual_base_r2	c20cell_dual	c20cell_dual	base	2	forge	/home/ubuntu/bin-hostmem/forge_9c9f623c	c65dbb39f77254151f411cbcb8de0fb10c9245aa381764eb26c34801658e8a7c		2026-10-07T01:04:33+0000
run_0052_c20cell_impdiag_base_r2	c20cell_impdiag	c20cell_impl	base	2	forge	/home/ubuntu/bin-hostmem/forge_9c9f623c	c65dbb39f77254151f411cbcb8de0fb10c9245aa381764eb26c34801658e8a7c	FORGE_IMPLICIT_DIAG_CSV=diag.csv	2026-10-07T01:04:33+0000
run_0053_c57lm_base_r2	c57lm	c57lm	base	2	forge	/home/ubuntu/bin-hostmem/forge_9c9f623c	c65dbb39f77254151f411cbcb8de0fb10c9245aa381764eb26c34801658e8a7c		2026-10-07T01:04:33+0000
run_0054_c57lm_fromsst_base_r2	c57lm_fromsst	c57lm_fromsst	base	2	forge	/home/ubuntu/bin-hostmem/forge_9c9f623c	c65dbb39f77254151f411cbcb8de0fb10c9245aa381764eb26c34801658e8a7c		2026-10-07T01:04:33+0000
run_0055_c56lineimp_base_r2	c56lineimp	c56lineimp	base	2	forge	/home/ubuntu/bin-hostmem/forge_9c9f623c	c65dbb39f77254151f411cbcb8de0fb10c9245aa381764eb26c34801658e8a7c		2026-10-07T01:04:33+0000
run_0056_c56extra_base_r2	c56extra	c56extra	base	2	forge	/home/ubuntu/bin-hostmem/forge_9c9f623c	c65dbb39f77254151f411cbcb8de0fb10c9245aa381764eb26c34801658e8a7c		2026-10-07T01:04:33+0000
run_0057_c48absorb_base_r2	c48absorb	c48absorb	base	2	forge	/home/ubuntu/bin-hostmem/forge_9c9f623c	c65dbb39f77254151f411cbcb8de0fb10c9245aa381764eb26c34801658e8a7c		2026-10-07T01:04:33+0000
run_0058_c26optin_base_r2	c26optin	c26optin	base	2	forge	/home/ubuntu/bin-hostmem/forge_9c9f623c	c65dbb39f77254151f411cbcb8de0fb10c9245aa381764eb26c34801658e8a7c		2026-10-07T01:04:33+0000
run_0059_c26optin_env_base_r2	c26optin_env	c26optin	base	2	forge	/home/ubuntu/bin-hostmem/forge_9c9f623c	c65dbb39f77254151f411cbcb8de0fb10c9245aa381764eb26c34801658e8a7c	FORGE_WI_FORCE_DIAG=1 FORGE_WF_CLOSURE_DIAG=1 FORGE_OMEGA_BUDGET=1 FORGE_WF_REP_DIAG=1	2026-10-07T01:04:33+0000
run_0060_v36node_base_r2	v36node	v36node	base	2	convert	/home/ubuntu/bin-hostmem/convert_9c9f623c	6f45e299f2268fd5a160e845c8be19a5e026ad0f46a2283b07796af8954eaebd		2026-10-07T01:04:33+0000
run_0061_v36cell_base_r2	v36cell	v36cell	base	2	convert	/home/ubuntu/bin-hostmem/convert_9c9f623c	6f45e299f2268fd5a160e845c8be19a5e026ad0f46a2283b07796af8954eaebd		2026-10-07T01:04:33+0000
run_0062_v09_base_r2	v09	v09	base	2	convert	/home/ubuntu/bin-hostmem/convert_9c9f623c	6f45e299f2268fd5a160e845c8be19a5e026ad0f46a2283b07796af8954eaebd		2026-10-07T01:04:33+0000
run_0063_v52_base_r2	v52	v52	base	2	convert	/home/ubuntu/bin-hostmem/convert_9c9f623c	6f45e299f2268fd5a160e845c8be19a5e026ad0f46a2283b07796af8954eaebd		2026-10-07T01:04:34+0000
run_0064_v44_base_r2	v44	v44	base	2	convert	/home/ubuntu/bin-hostmem/convert_9c9f623c	6f45e299f2268fd5a160e845c8be19a5e026ad0f46a2283b07796af8954eaebd		2026-10-07T01:04:34+0000
run_0065_c09ckpt100_base_r3	c09ckpt100	c09ckpt100	base	3	forge	/home/ubuntu/bin-hostmem/forge_9c9f623c	c65dbb39f77254151f411cbcb8de0fb10c9245aa381764eb26c34801658e8a7c		2026-10-07T01:04:34+0000
run_0066_c09restart100_base_r3	c09restart100	c09restart100	base	3	forge	/home/ubuntu/bin-hostmem/forge_9c9f623c	c65dbb39f77254151f411cbcb8de0fb10c9245aa381764eb26c34801658e8a7c		2026-10-07T01:04:34+0000
run_0067_c09cont200_base_r3	c09cont200	c09cont200	base	3	forge	/home/ubuntu/bin-hostmem/forge_9c9f623c	c65dbb39f77254151f411cbcb8de0fb10c9245aa381764eb26c34801658e8a7c		2026-10-07T01:04:34+0000
run_0068_c44dual_ckpt100_base_r3	c44dual_ckpt100	c44dual_ckpt100	base	3	forge	/home/ubuntu/bin-hostmem/forge_9c9f623c	c65dbb39f77254151f411cbcb8de0fb10c9245aa381764eb26c34801658e8a7c	FORGE_ALLOW_UNVERIFIED_SPECIES=1	2026-10-07T01:04:34+0000
run_0069_c44dual_restart100_base_r3	c44dual_restart100	c44dual_restart100	base	3	forge	/home/ubuntu/bin-hostmem/forge_9c9f623c	c65dbb39f77254151f411cbcb8de0fb10c9245aa381764eb26c34801658e8a7c	FORGE_ALLOW_UNVERIFIED_SPECIES=1	2026-10-07T01:04:34+0000
run_0070_c36node_base_r3	c36node	c36node	base	3	forge	/home/ubuntu/bin-hostmem/forge_9c9f623c	c65dbb39f77254151f411cbcb8de0fb10c9245aa381764eb26c34801658e8a7c		2026-10-07T01:04:34+0000
run_0071_c36node_impdiag_base_r3	c36node_impdiag	c36node	base	3	forge	/home/ubuntu/bin-hostmem/forge_9c9f623c	c65dbb39f77254151f411cbcb8de0fb10c9245aa381764eb26c34801658e8a7c	FORGE_IMPLICIT_DIAG_CSV=diag.csv	2026-10-07T01:04:34+0000
run_0072_c36node_psidual_base_r3	c36node_psidual	c36node	base	3	forge	/home/ubuntu/bin-hostmem/forge_9c9f623c	c65dbb39f77254151f411cbcb8de0fb10c9245aa381764eb26c34801658e8a7c	FORGE_DIAG_PSI_DUALEVAL=2,4	2026-10-07T01:04:34+0000
run_0073_c09ckpt100_outres_base_r3	c09ckpt100_outres	c09ckpt100	base	3	forge	/home/ubuntu/bin-hostmem/forge_9c9f623c	c65dbb39f77254151f411cbcb8de0fb10c9245aa381764eb26c34801658e8a7c	FORGE_OUT_RESIDUALS=1 FORGE_RESID_SNAP=0	2026-10-07T01:04:34+0000
run_0074_c09ckpt100_rawdiag_base_r3	c09ckpt100_rawdiag	c09ckpt100	base	3	forge	/home/ubuntu/bin-hostmem/forge_9c9f623c	c65dbb39f77254151f411cbcb8de0fb10c9245aa381764eb26c34801658e8a7c	FORGE_SPECIES_RAW_DIAG=1	2026-10-07T01:04:34+0000
run_0075_c09ckpt100_pindiag_base_r3	c09ckpt100_pindiag	c09ckpt100	base	3	forge	/home/ubuntu/bin-hostmem/forge_9c9f623c	c65dbb39f77254151f411cbcb8de0fb10c9245aa381764eb26c34801658e8a7c	FORGE_PIN_DIAG=1	2026-10-07T01:04:34+0000
run_0076_c44steady_base_r3	c44steady	c44steady	base	3	forge	/home/ubuntu/bin-hostmem/forge_9c9f623c	c65dbb39f77254151f411cbcb8de0fb10c9245aa381764eb26c34801658e8a7c	FORGE_ALLOW_UNVERIFIED_SPECIES=1	2026-10-07T01:04:34+0000
run_0077_c44dual_pindiag_base_r3	c44dual_pindiag	c44dual_ckpt100	base	3	forge	/home/ubuntu/bin-hostmem/forge_9c9f623c	c65dbb39f77254151f411cbcb8de0fb10c9245aa381764eb26c34801658e8a7c	FORGE_ALLOW_UNVERIFIED_SPECIES=1 FORGE_PIN_DIAG=1	2026-10-07T01:04:35+0000
run_0078_c52cht_base_r3	c52cht	c52cht	base	3	forge	/home/ubuntu/bin-hostmem/forge_9c9f623c	c65dbb39f77254151f411cbcb8de0fb10c9245aa381764eb26c34801658e8a7c		2026-10-07T01:04:35+0000
run_0079_c36cell_base_r3	c36cell	c36cell	base	3	forge	/home/ubuntu/bin-hostmem/forge_9c9f623c	c65dbb39f77254151f411cbcb8de0fb10c9245aa381764eb26c34801658e8a7c		2026-10-07T01:04:35+0000
run_0080_c20cell_rk3_base_r3	c20cell_rk3	c20cell_rk3	base	3	forge	/home/ubuntu/bin-hostmem/forge_9c9f623c	c65dbb39f77254151f411cbcb8de0fb10c9245aa381764eb26c34801658e8a7c		2026-10-07T01:04:35+0000
run_0081_c20cell_dual_base_r3	c20cell_dual	c20cell_dual	base	3	forge	/home/ubuntu/bin-hostmem/forge_9c9f623c	c65dbb39f77254151f411cbcb8de0fb10c9245aa381764eb26c34801658e8a7c		2026-10-07T01:04:35+0000
run_0082_c20cell_impdiag_base_r3	c20cell_impdiag	c20cell_impl	base	3	forge	/home/ubuntu/bin-hostmem/forge_9c9f623c	c65dbb39f77254151f411cbcb8de0fb10c9245aa381764eb26c34801658e8a7c	FORGE_IMPLICIT_DIAG_CSV=diag.csv	2026-10-07T01:04:35+0000
run_0083_c57lm_base_r3	c57lm	c57lm	base	3	forge	/home/ubuntu/bin-hostmem/forge_9c9f623c	c65dbb39f77254151f411cbcb8de0fb10c9245aa381764eb26c34801658e8a7c		2026-10-07T01:04:35+0000
run_0084_c57lm_fromsst_base_r3	c57lm_fromsst	c57lm_fromsst	base	3	forge	/home/ubuntu/bin-hostmem/forge_9c9f623c	c65dbb39f77254151f411cbcb8de0fb10c9245aa381764eb26c34801658e8a7c		2026-10-07T01:04:35+0000
run_0085_c56lineimp_base_r3	c56lineimp	c56lineimp	base	3	forge	/home/ubuntu/bin-hostmem/forge_9c9f623c	c65dbb39f77254151f411cbcb8de0fb10c9245aa381764eb26c34801658e8a7c		2026-10-07T01:04:35+0000
run_0086_c56extra_base_r3	c56extra	c56extra	base	3	forge	/home/ubuntu/bin-hostmem/forge_9c9f623c	c65dbb39f77254151f411cbcb8de0fb10c9245aa381764eb26c34801658e8a7c		2026-10-07T01:04:35+0000
run_0087_c48absorb_base_r3	c48absorb	c48absorb	base	3	forge	/home/ubuntu/bin-hostmem/forge_9c9f623c	c65dbb39f77254151f411cbcb8de0fb10c9245aa381764eb26c34801658e8a7c		2026-10-07T01:04:35+0000
run_0088_c26optin_base_r3	c26optin	c26optin	base	3	forge	/home/ubuntu/bin-hostmem/forge_9c9f623c	c65dbb39f77254151f411cbcb8de0fb10c9245aa381764eb26c34801658e8a7c		2026-10-07T01:04:35+0000
run_0089_c26optin_env_base_r3	c26optin_env	c26optin	base	3	forge	/home/ubuntu/bin-hostmem/forge_9c9f623c	c65dbb39f77254151f411cbcb8de0fb10c9245aa381764eb26c34801658e8a7c	FORGE_WI_FORCE_DIAG=1 FORGE_WF_CLOSURE_DIAG=1 FORGE_OMEGA_BUDGET=1 FORGE_WF_REP_DIAG=1	2026-10-07T01:04:35+0000
run_0090_v36node_base_r3	v36node	v36node	base	3	convert	/home/ubuntu/bin-hostmem/convert_9c9f623c	6f45e299f2268fd5a160e845c8be19a5e026ad0f46a2283b07796af8954eaebd		2026-10-07T01:04:35+0000
run_0091_v36cell_base_r3	v36cell	v36cell	base	3	convert	/home/ubuntu/bin-hostmem/convert_9c9f623c	6f45e299f2268fd5a160e845c8be19a5e026ad0f46a2283b07796af8954eaebd		2026-10-07T01:04:36+0000
run_0092_v09_base_r3	v09	v09	base	3	convert	/home/ubuntu/bin-hostmem/convert_9c9f623c	6f45e299f2268fd5a160e845c8be19a5e026ad0f46a2283b07796af8954eaebd		2026-10-07T01:04:36+0000
run_0093_v52_base_r3	v52	v52	base	3	convert	/home/ubuntu/bin-hostmem/convert_9c9f623c	6f45e299f2268fd5a160e845c8be19a5e026ad0f46a2283b07796af8954eaebd		2026-10-07T01:04:36+0000
run_0094_v44_base_r3	v44	v44	base	3	convert	/home/ubuntu/bin-hostmem/convert_9c9f623c	6f45e299f2268fd5a160e845c8be19a5e026ad0f46a2283b07796af8954eaebd		2026-10-07T01:04:36+0000
run_0095_c09ckpt100_base_r2	c09ckpt100	c09ckpt100	base	2	forge	/home/ubuntu/forge-b4/case/66.hostmem_regression/.bin/base/forge	c65dbb39f77254151f411cbcb8de0fb10c9245aa381764eb26c34801658e8a7c		2026-10-07T01:27:54+0000
run_0096_c36node_new_r1	c36node	c36node	new	1	forge	/home/ubuntu/forge-b4/case/66.hostmem_regression/.bin/new/forge	7121a8e51e7b2cdf431efdd74188c62044f4a8567fb96ec0f871ffe2cff66006		2026-10-07T01:27:54+0000
run_0097_c36node_impdiag_new_r1	c36node_impdiag	c36node	new	1	forge	/home/ubuntu/forge-b4/case/66.hostmem_regression/.bin/new/forge	7121a8e51e7b2cdf431efdd74188c62044f4a8567fb96ec0f871ffe2cff66006	FORGE_IMPLICIT_DIAG_CSV=diag.csv	2026-10-07T01:27:54+0000
run_0098_c36node_psidual_new_r1	c36node_psidual	c36node	new	1	forge	/home/ubuntu/forge-b4/case/66.hostmem_regression/.bin/new/forge	7121a8e51e7b2cdf431efdd74188c62044f4a8567fb96ec0f871ffe2cff66006	FORGE_DIAG_PSI_DUALEVAL=2,4	2026-10-07T01:27:54+0000
run_0099_c09ckpt100_new_r1	c09ckpt100	c09ckpt100	new	1	forge	/home/ubuntu/forge-b4/case/66.hostmem_regression/.bin/new/forge	7121a8e51e7b2cdf431efdd74188c62044f4a8567fb96ec0f871ffe2cff66006		2026-10-07T01:27:54+0000
run_0100_c09restart100_new_r1	c09restart100	c09restart100	new	1	forge	/home/ubuntu/forge-b4/case/66.hostmem_regression/.bin/new/forge	7121a8e51e7b2cdf431efdd74188c62044f4a8567fb96ec0f871ffe2cff66006		2026-10-07T01:27:55+0000
run_0101_c09cont200_new_r1	c09cont200	c09cont200	new	1	forge	/home/ubuntu/forge-b4/case/66.hostmem_regression/.bin/new/forge	7121a8e51e7b2cdf431efdd74188c62044f4a8567fb96ec0f871ffe2cff66006		2026-10-07T01:27:55+0000
run_0102_c09ckpt100_outres_new_r1	c09ckpt100_outres	c09ckpt100	new	1	forge	/home/ubuntu/forge-b4/case/66.hostmem_regression/.bin/new/forge	7121a8e51e7b2cdf431efdd74188c62044f4a8567fb96ec0f871ffe2cff66006	FORGE_OUT_RESIDUALS=1 FORGE_RESID_SNAP=0	2026-10-07T01:27:55+0000
run_0103_c09ckpt100_rawdiag_new_r1	c09ckpt100_rawdiag	c09ckpt100	new	1	forge	/home/ubuntu/forge-b4/case/66.hostmem_regression/.bin/new/forge	7121a8e51e7b2cdf431efdd74188c62044f4a8567fb96ec0f871ffe2cff66006	FORGE_SPECIES_RAW_DIAG=1	2026-10-07T01:27:55+0000
run_0104_c09ckpt100_pindiag_new_r1	c09ckpt100_pindiag	c09ckpt100	new	1	forge	/home/ubuntu/forge-b4/case/66.hostmem_regression/.bin/new/forge	7121a8e51e7b2cdf431efdd74188c62044f4a8567fb96ec0f871ffe2cff66006	FORGE_PIN_DIAG=1	2026-10-07T01:27:55+0000
run_0105_c44steady_new_r1	c44steady	c44steady	new	1	forge	/home/ubuntu/forge-b4/case/66.hostmem_regression/.bin/new/forge	7121a8e51e7b2cdf431efdd74188c62044f4a8567fb96ec0f871ffe2cff66006	FORGE_ALLOW_UNVERIFIED_SPECIES=1	2026-10-07T01:27:55+0000
run_0106_c44dual_ckpt100_new_r1	c44dual_ckpt100	c44dual_ckpt100	new	1	forge	/home/ubuntu/forge-b4/case/66.hostmem_regression/.bin/new/forge	7121a8e51e7b2cdf431efdd74188c62044f4a8567fb96ec0f871ffe2cff66006	FORGE_ALLOW_UNVERIFIED_SPECIES=1	2026-10-07T01:27:55+0000
run_0107_c44dual_restart100_new_r1	c44dual_restart100	c44dual_restart100	new	1	forge	/home/ubuntu/forge-b4/case/66.hostmem_regression/.bin/new/forge	7121a8e51e7b2cdf431efdd74188c62044f4a8567fb96ec0f871ffe2cff66006	FORGE_ALLOW_UNVERIFIED_SPECIES=1	2026-10-07T01:27:55+0000
run_0108_c44dual_pindiag_new_r1	c44dual_pindiag	c44dual_ckpt100	new	1	forge	/home/ubuntu/forge-b4/case/66.hostmem_regression/.bin/new/forge	7121a8e51e7b2cdf431efdd74188c62044f4a8567fb96ec0f871ffe2cff66006	FORGE_ALLOW_UNVERIFIED_SPECIES=1 FORGE_PIN_DIAG=1	2026-10-07T01:27:55+0000
run_0109_c52cht_new_r1	c52cht	c52cht	new	1	forge	/home/ubuntu/forge-b4/case/66.hostmem_regression/.bin/new/forge	7121a8e51e7b2cdf431efdd74188c62044f4a8567fb96ec0f871ffe2cff66006		2026-10-07T01:27:56+0000
run_0110_c36cell_new_r1	c36cell	c36cell	new	1	forge	/home/ubuntu/forge-b4/case/66.hostmem_regression/.bin/new/forge	7121a8e51e7b2cdf431efdd74188c62044f4a8567fb96ec0f871ffe2cff66006		2026-10-07T01:27:56+0000
run_0111_c20cell_rk3_new_r1	c20cell_rk3	c20cell_rk3	new	1	forge	/home/ubuntu/forge-b4/case/66.hostmem_regression/.bin/new/forge	7121a8e51e7b2cdf431efdd74188c62044f4a8567fb96ec0f871ffe2cff66006		2026-10-07T01:27:56+0000
run_0112_c20cell_dual_new_r1	c20cell_dual	c20cell_dual	new	1	forge	/home/ubuntu/forge-b4/case/66.hostmem_regression/.bin/new/forge	7121a8e51e7b2cdf431efdd74188c62044f4a8567fb96ec0f871ffe2cff66006		2026-10-07T01:27:56+0000
run_0113_c20cell_impdiag_new_r1	c20cell_impdiag	c20cell_impl	new	1	forge	/home/ubuntu/forge-b4/case/66.hostmem_regression/.bin/new/forge	7121a8e51e7b2cdf431efdd74188c62044f4a8567fb96ec0f871ffe2cff66006	FORGE_IMPLICIT_DIAG_CSV=diag.csv	2026-10-07T01:27:56+0000
run_0114_c57lm_new_r1	c57lm	c57lm	new	1	forge	/home/ubuntu/forge-b4/case/66.hostmem_regression/.bin/new/forge	7121a8e51e7b2cdf431efdd74188c62044f4a8567fb96ec0f871ffe2cff66006		2026-10-07T01:27:56+0000
run_0115_c57lm_fromsst_new_r1	c57lm_fromsst	c57lm_fromsst	new	1	forge	/home/ubuntu/forge-b4/case/66.hostmem_regression/.bin/new/forge	7121a8e51e7b2cdf431efdd74188c62044f4a8567fb96ec0f871ffe2cff66006		2026-10-07T01:27:56+0000
run_0116_c56lineimp_new_r1	c56lineimp	c56lineimp	new	1	forge	/home/ubuntu/forge-b4/case/66.hostmem_regression/.bin/new/forge	7121a8e51e7b2cdf431efdd74188c62044f4a8567fb96ec0f871ffe2cff66006		2026-10-07T01:27:56+0000
run_0117_c56extra_new_r1	c56extra	c56extra	new	1	forge	/home/ubuntu/forge-b4/case/66.hostmem_regression/.bin/new/forge	7121a8e51e7b2cdf431efdd74188c62044f4a8567fb96ec0f871ffe2cff66006		2026-10-07T01:27:57+0000
run_0118_c48absorb_new_r1	c48absorb	c48absorb	new	1	forge	/home/ubuntu/forge-b4/case/66.hostmem_regression/.bin/new/forge	7121a8e51e7b2cdf431efdd74188c62044f4a8567fb96ec0f871ffe2cff66006		2026-10-07T01:27:57+0000
run_0119_c26optin_new_r1	c26optin	c26optin	new	1	forge	/home/ubuntu/forge-b4/case/66.hostmem_regression/.bin/new/forge	7121a8e51e7b2cdf431efdd74188c62044f4a8567fb96ec0f871ffe2cff66006		2026-10-07T01:27:57+0000
run_0120_c26optin_env_new_r1	c26optin_env	c26optin	new	1	forge	/home/ubuntu/forge-b4/case/66.hostmem_regression/.bin/new/forge	7121a8e51e7b2cdf431efdd74188c62044f4a8567fb96ec0f871ffe2cff66006	FORGE_WI_FORCE_DIAG=1 FORGE_WF_CLOSURE_DIAG=1 FORGE_OMEGA_BUDGET=1 FORGE_WF_REP_DIAG=1	2026-10-07T01:27:57+0000
run_0121_v36node_new_r1	v36node	v36node	new	1	convert	/home/ubuntu/bin-hostmem/convert_93e55957	144db0f8b20f9d52c29b2a22e5e6034af5743bea93d34189cf63f3e65a39df45		2026-10-07T01:27:57+0000
run_0122_v36cell_new_r1	v36cell	v36cell	new	1	convert	/home/ubuntu/bin-hostmem/convert_93e55957	144db0f8b20f9d52c29b2a22e5e6034af5743bea93d34189cf63f3e65a39df45		2026-10-07T01:27:57+0000
run_0123_v09_new_r1	v09	v09	new	1	convert	/home/ubuntu/bin-hostmem/convert_93e55957	144db0f8b20f9d52c29b2a22e5e6034af5743bea93d34189cf63f3e65a39df45		2026-10-07T01:27:57+0000
run_0124_v52_new_r1	v52	v52	new	1	convert	/home/ubuntu/bin-hostmem/convert_93e55957	144db0f8b20f9d52c29b2a22e5e6034af5743bea93d34189cf63f3e65a39df45		2026-10-07T01:27:57+0000
run_0125_v44_new_r1	v44	v44	new	1	convert	/home/ubuntu/bin-hostmem/convert_93e55957	144db0f8b20f9d52c29b2a22e5e6034af5743bea93d34189cf63f3e65a39df45		2026-10-07T01:27:57+0000
run_0126_c36node_new_r2	c36node	c36node	new	2	forge	/home/ubuntu/forge-b4/case/66.hostmem_regression/.bin/new/forge	7121a8e51e7b2cdf431efdd74188c62044f4a8567fb96ec0f871ffe2cff66006		2026-10-07T01:27:57+0000
run_0127_c36node_impdiag_new_r2	c36node_impdiag	c36node	new	2	forge	/home/ubuntu/forge-b4/case/66.hostmem_regression/.bin/new/forge	7121a8e51e7b2cdf431efdd74188c62044f4a8567fb96ec0f871ffe2cff66006	FORGE_IMPLICIT_DIAG_CSV=diag.csv	2026-10-07T01:27:57+0000
run_0128_c36node_psidual_new_r2	c36node_psidual	c36node	new	2	forge	/home/ubuntu/forge-b4/case/66.hostmem_regression/.bin/new/forge	7121a8e51e7b2cdf431efdd74188c62044f4a8567fb96ec0f871ffe2cff66006	FORGE_DIAG_PSI_DUALEVAL=2,4	2026-10-07T01:27:57+0000
run_0129_c09ckpt100_new_r2	c09ckpt100	c09ckpt100	new	2	forge	/home/ubuntu/forge-b4/case/66.hostmem_regression/.bin/new/forge	7121a8e51e7b2cdf431efdd74188c62044f4a8567fb96ec0f871ffe2cff66006		2026-10-07T01:27:58+0000
run_0130_c09restart100_new_r2	c09restart100	c09restart100	new	2	forge	/home/ubuntu/forge-b4/case/66.hostmem_regression/.bin/new/forge	7121a8e51e7b2cdf431efdd74188c62044f4a8567fb96ec0f871ffe2cff66006		2026-10-07T01:27:58+0000
run_0131_c09cont200_new_r2	c09cont200	c09cont200	new	2	forge	/home/ubuntu/forge-b4/case/66.hostmem_regression/.bin/new/forge	7121a8e51e7b2cdf431efdd74188c62044f4a8567fb96ec0f871ffe2cff66006		2026-10-07T01:27:58+0000
run_0132_c09ckpt100_outres_new_r2	c09ckpt100_outres	c09ckpt100	new	2	forge	/home/ubuntu/forge-b4/case/66.hostmem_regression/.bin/new/forge	7121a8e51e7b2cdf431efdd74188c62044f4a8567fb96ec0f871ffe2cff66006	FORGE_OUT_RESIDUALS=1 FORGE_RESID_SNAP=0	2026-10-07T01:27:58+0000
run_0133_c09ckpt100_rawdiag_new_r2	c09ckpt100_rawdiag	c09ckpt100	new	2	forge	/home/ubuntu/forge-b4/case/66.hostmem_regression/.bin/new/forge	7121a8e51e7b2cdf431efdd74188c62044f4a8567fb96ec0f871ffe2cff66006	FORGE_SPECIES_RAW_DIAG=1	2026-10-07T01:27:58+0000
run_0134_c09ckpt100_pindiag_new_r2	c09ckpt100_pindiag	c09ckpt100	new	2	forge	/home/ubuntu/forge-b4/case/66.hostmem_regression/.bin/new/forge	7121a8e51e7b2cdf431efdd74188c62044f4a8567fb96ec0f871ffe2cff66006	FORGE_PIN_DIAG=1	2026-10-07T01:27:58+0000
run_0135_c44steady_new_r2	c44steady	c44steady	new	2	forge	/home/ubuntu/forge-b4/case/66.hostmem_regression/.bin/new/forge	7121a8e51e7b2cdf431efdd74188c62044f4a8567fb96ec0f871ffe2cff66006	FORGE_ALLOW_UNVERIFIED_SPECIES=1	2026-10-07T01:27:58+0000
run_0136_c44dual_ckpt100_new_r2	c44dual_ckpt100	c44dual_ckpt100	new	2	forge	/home/ubuntu/forge-b4/case/66.hostmem_regression/.bin/new/forge	7121a8e51e7b2cdf431efdd74188c62044f4a8567fb96ec0f871ffe2cff66006	FORGE_ALLOW_UNVERIFIED_SPECIES=1	2026-10-07T01:27:58+0000
run_0137_c44dual_restart100_new_r2	c44dual_restart100	c44dual_restart100	new	2	forge	/home/ubuntu/forge-b4/case/66.hostmem_regression/.bin/new/forge	7121a8e51e7b2cdf431efdd74188c62044f4a8567fb96ec0f871ffe2cff66006	FORGE_ALLOW_UNVERIFIED_SPECIES=1	2026-10-07T01:27:58+0000
run_0138_c44dual_pindiag_new_r2	c44dual_pindiag	c44dual_ckpt100	new	2	forge	/home/ubuntu/forge-b4/case/66.hostmem_regression/.bin/new/forge	7121a8e51e7b2cdf431efdd74188c62044f4a8567fb96ec0f871ffe2cff66006	FORGE_ALLOW_UNVERIFIED_SPECIES=1 FORGE_PIN_DIAG=1	2026-10-07T01:27:58+0000
run_0139_c52cht_new_r2	c52cht	c52cht	new	2	forge	/home/ubuntu/forge-b4/case/66.hostmem_regression/.bin/new/forge	7121a8e51e7b2cdf431efdd74188c62044f4a8567fb96ec0f871ffe2cff66006		2026-10-07T01:27:58+0000
run_0140_c36cell_new_r2	c36cell	c36cell	new	2	forge	/home/ubuntu/forge-b4/case/66.hostmem_regression/.bin/new/forge	7121a8e51e7b2cdf431efdd74188c62044f4a8567fb96ec0f871ffe2cff66006		2026-10-07T01:27:58+0000
run_0141_c20cell_rk3_new_r2	c20cell_rk3	c20cell_rk3	new	2	forge	/home/ubuntu/forge-b4/case/66.hostmem_regression/.bin/new/forge	7121a8e51e7b2cdf431efdd74188c62044f4a8567fb96ec0f871ffe2cff66006		2026-10-07T01:27:58+0000
run_0142_c20cell_dual_new_r2	c20cell_dual	c20cell_dual	new	2	forge	/home/ubuntu/forge-b4/case/66.hostmem_regression/.bin/new/forge	7121a8e51e7b2cdf431efdd74188c62044f4a8567fb96ec0f871ffe2cff66006		2026-10-07T01:27:59+0000
run_0143_c20cell_impdiag_new_r2	c20cell_impdiag	c20cell_impl	new	2	forge	/home/ubuntu/forge-b4/case/66.hostmem_regression/.bin/new/forge	7121a8e51e7b2cdf431efdd74188c62044f4a8567fb96ec0f871ffe2cff66006	FORGE_IMPLICIT_DIAG_CSV=diag.csv	2026-10-07T01:27:59+0000
run_0144_c57lm_new_r2	c57lm	c57lm	new	2	forge	/home/ubuntu/forge-b4/case/66.hostmem_regression/.bin/new/forge	7121a8e51e7b2cdf431efdd74188c62044f4a8567fb96ec0f871ffe2cff66006		2026-10-07T01:27:59+0000
run_0145_c57lm_fromsst_new_r2	c57lm_fromsst	c57lm_fromsst	new	2	forge	/home/ubuntu/forge-b4/case/66.hostmem_regression/.bin/new/forge	7121a8e51e7b2cdf431efdd74188c62044f4a8567fb96ec0f871ffe2cff66006		2026-10-07T01:27:59+0000
run_0146_c56lineimp_new_r2	c56lineimp	c56lineimp	new	2	forge	/home/ubuntu/forge-b4/case/66.hostmem_regression/.bin/new/forge	7121a8e51e7b2cdf431efdd74188c62044f4a8567fb96ec0f871ffe2cff66006		2026-10-07T01:27:59+0000
run_0147_c56extra_new_r2	c56extra	c56extra	new	2	forge	/home/ubuntu/forge-b4/case/66.hostmem_regression/.bin/new/forge	7121a8e51e7b2cdf431efdd74188c62044f4a8567fb96ec0f871ffe2cff66006		2026-10-07T01:27:59+0000
run_0148_c48absorb_new_r2	c48absorb	c48absorb	new	2	forge	/home/ubuntu/forge-b4/case/66.hostmem_regression/.bin/new/forge	7121a8e51e7b2cdf431efdd74188c62044f4a8567fb96ec0f871ffe2cff66006		2026-10-07T01:27:59+0000
run_0149_c26optin_new_r2	c26optin	c26optin	new	2	forge	/home/ubuntu/forge-b4/case/66.hostmem_regression/.bin/new/forge	7121a8e51e7b2cdf431efdd74188c62044f4a8567fb96ec0f871ffe2cff66006		2026-10-07T01:27:59+0000
run_0150_c26optin_env_new_r2	c26optin_env	c26optin	new	2	forge	/home/ubuntu/forge-b4/case/66.hostmem_regression/.bin/new/forge	7121a8e51e7b2cdf431efdd74188c62044f4a8567fb96ec0f871ffe2cff66006	FORGE_WI_FORCE_DIAG=1 FORGE_WF_CLOSURE_DIAG=1 FORGE_OMEGA_BUDGET=1 FORGE_WF_REP_DIAG=1	2026-10-07T01:27:59+0000
run_0151_v36node_new_r2	v36node	v36node	new	2	convert	/home/ubuntu/bin-hostmem/convert_93e55957	144db0f8b20f9d52c29b2a22e5e6034af5743bea93d34189cf63f3e65a39df45		2026-10-07T01:27:59+0000
run_0152_v36cell_new_r2	v36cell	v36cell	new	2	convert	/home/ubuntu/bin-hostmem/convert_93e55957	144db0f8b20f9d52c29b2a22e5e6034af5743bea93d34189cf63f3e65a39df45		2026-10-07T01:27:59+0000
run_0153_v09_new_r2	v09	v09	new	2	convert	/home/ubuntu/bin-hostmem/convert_93e55957	144db0f8b20f9d52c29b2a22e5e6034af5743bea93d34189cf63f3e65a39df45		2026-10-07T01:27:59+0000
run_0154_v52_new_r2	v52	v52	new	2	convert	/home/ubuntu/bin-hostmem/convert_93e55957	144db0f8b20f9d52c29b2a22e5e6034af5743bea93d34189cf63f3e65a39df45		2026-10-07T01:27:59+0000
run_0155_v44_new_r2	v44	v44	new	2	convert	/home/ubuntu/bin-hostmem/convert_93e55957	144db0f8b20f9d52c29b2a22e5e6034af5743bea93d34189cf63f3e65a39df45		2026-10-07T01:27:59+0000
run_0156_c36node_new_r3	c36node	c36node	new	3	forge	/home/ubuntu/forge-b4/case/66.hostmem_regression/.bin/new/forge	7121a8e51e7b2cdf431efdd74188c62044f4a8567fb96ec0f871ffe2cff66006		2026-10-07T01:27:59+0000
run_0157_c36node_impdiag_new_r3	c36node_impdiag	c36node	new	3	forge	/home/ubuntu/forge-b4/case/66.hostmem_regression/.bin/new/forge	7121a8e51e7b2cdf431efdd74188c62044f4a8567fb96ec0f871ffe2cff66006	FORGE_IMPLICIT_DIAG_CSV=diag.csv	2026-10-07T01:28:00+0000
run_0158_c36node_psidual_new_r3	c36node_psidual	c36node	new	3	forge	/home/ubuntu/forge-b4/case/66.hostmem_regression/.bin/new/forge	7121a8e51e7b2cdf431efdd74188c62044f4a8567fb96ec0f871ffe2cff66006	FORGE_DIAG_PSI_DUALEVAL=2,4	2026-10-07T01:28:00+0000
run_0159_c09ckpt100_new_r3	c09ckpt100	c09ckpt100	new	3	forge	/home/ubuntu/forge-b4/case/66.hostmem_regression/.bin/new/forge	7121a8e51e7b2cdf431efdd74188c62044f4a8567fb96ec0f871ffe2cff66006		2026-10-07T01:28:00+0000
run_0160_c09restart100_new_r3	c09restart100	c09restart100	new	3	forge	/home/ubuntu/forge-b4/case/66.hostmem_regression/.bin/new/forge	7121a8e51e7b2cdf431efdd74188c62044f4a8567fb96ec0f871ffe2cff66006		2026-10-07T01:28:00+0000
run_0161_c09cont200_new_r3	c09cont200	c09cont200	new	3	forge	/home/ubuntu/forge-b4/case/66.hostmem_regression/.bin/new/forge	7121a8e51e7b2cdf431efdd74188c62044f4a8567fb96ec0f871ffe2cff66006		2026-10-07T01:28:00+0000
run_0162_c09ckpt100_outres_new_r3	c09ckpt100_outres	c09ckpt100	new	3	forge	/home/ubuntu/forge-b4/case/66.hostmem_regression/.bin/new/forge	7121a8e51e7b2cdf431efdd74188c62044f4a8567fb96ec0f871ffe2cff66006	FORGE_OUT_RESIDUALS=1 FORGE_RESID_SNAP=0	2026-10-07T01:28:00+0000
run_0163_c09ckpt100_rawdiag_new_r3	c09ckpt100_rawdiag	c09ckpt100	new	3	forge	/home/ubuntu/forge-b4/case/66.hostmem_regression/.bin/new/forge	7121a8e51e7b2cdf431efdd74188c62044f4a8567fb96ec0f871ffe2cff66006	FORGE_SPECIES_RAW_DIAG=1	2026-10-07T01:28:00+0000
run_0164_c09ckpt100_pindiag_new_r3	c09ckpt100_pindiag	c09ckpt100	new	3	forge	/home/ubuntu/forge-b4/case/66.hostmem_regression/.bin/new/forge	7121a8e51e7b2cdf431efdd74188c62044f4a8567fb96ec0f871ffe2cff66006	FORGE_PIN_DIAG=1	2026-10-07T01:28:00+0000
run_0165_c44steady_new_r3	c44steady	c44steady	new	3	forge	/home/ubuntu/forge-b4/case/66.hostmem_regression/.bin/new/forge	7121a8e51e7b2cdf431efdd74188c62044f4a8567fb96ec0f871ffe2cff66006	FORGE_ALLOW_UNVERIFIED_SPECIES=1	2026-10-07T01:28:00+0000
run_0166_c44dual_ckpt100_new_r3	c44dual_ckpt100	c44dual_ckpt100	new	3	forge	/home/ubuntu/forge-b4/case/66.hostmem_regression/.bin/new/forge	7121a8e51e7b2cdf431efdd74188c62044f4a8567fb96ec0f871ffe2cff66006	FORGE_ALLOW_UNVERIFIED_SPECIES=1	2026-10-07T01:28:00+0000
run_0167_c44dual_restart100_new_r3	c44dual_restart100	c44dual_restart100	new	3	forge	/home/ubuntu/forge-b4/case/66.hostmem_regression/.bin/new/forge	7121a8e51e7b2cdf431efdd74188c62044f4a8567fb96ec0f871ffe2cff66006	FORGE_ALLOW_UNVERIFIED_SPECIES=1	2026-10-07T01:28:00+0000
run_0168_c44dual_pindiag_new_r3	c44dual_pindiag	c44dual_ckpt100	new	3	forge	/home/ubuntu/forge-b4/case/66.hostmem_regression/.bin/new/forge	7121a8e51e7b2cdf431efdd74188c62044f4a8567fb96ec0f871ffe2cff66006	FORGE_ALLOW_UNVERIFIED_SPECIES=1 FORGE_PIN_DIAG=1	2026-10-07T01:28:00+0000
run_0169_c52cht_new_r3	c52cht	c52cht	new	3	forge	/home/ubuntu/forge-b4/case/66.hostmem_regression/.bin/new/forge	7121a8e51e7b2cdf431efdd74188c62044f4a8567fb96ec0f871ffe2cff66006		2026-10-07T01:28:00+0000
run_0170_c36cell_new_r3	c36cell	c36cell	new	3	forge	/home/ubuntu/forge-b4/case/66.hostmem_regression/.bin/new/forge	7121a8e51e7b2cdf431efdd74188c62044f4a8567fb96ec0f871ffe2cff66006		2026-10-07T01:28:01+0000
run_0171_c20cell_rk3_new_r3	c20cell_rk3	c20cell_rk3	new	3	forge	/home/ubuntu/forge-b4/case/66.hostmem_regression/.bin/new/forge	7121a8e51e7b2cdf431efdd74188c62044f4a8567fb96ec0f871ffe2cff66006		2026-10-07T01:28:01+0000
run_0172_c20cell_dual_new_r3	c20cell_dual	c20cell_dual	new	3	forge	/home/ubuntu/forge-b4/case/66.hostmem_regression/.bin/new/forge	7121a8e51e7b2cdf431efdd74188c62044f4a8567fb96ec0f871ffe2cff66006		2026-10-07T01:28:01+0000
run_0173_c20cell_impdiag_new_r3	c20cell_impdiag	c20cell_impl	new	3	forge	/home/ubuntu/forge-b4/case/66.hostmem_regression/.bin/new/forge	7121a8e51e7b2cdf431efdd74188c62044f4a8567fb96ec0f871ffe2cff66006	FORGE_IMPLICIT_DIAG_CSV=diag.csv	2026-10-07T01:28:01+0000
run_0174_c57lm_new_r3	c57lm	c57lm	new	3	forge	/home/ubuntu/forge-b4/case/66.hostmem_regression/.bin/new/forge	7121a8e51e7b2cdf431efdd74188c62044f4a8567fb96ec0f871ffe2cff66006		2026-10-07T01:28:01+0000
run_0175_c57lm_fromsst_new_r3	c57lm_fromsst	c57lm_fromsst	new	3	forge	/home/ubuntu/forge-b4/case/66.hostmem_regression/.bin/new/forge	7121a8e51e7b2cdf431efdd74188c62044f4a8567fb96ec0f871ffe2cff66006		2026-10-07T01:28:01+0000
run_0176_c56lineimp_new_r3	c56lineimp	c56lineimp	new	3	forge	/home/ubuntu/forge-b4/case/66.hostmem_regression/.bin/new/forge	7121a8e51e7b2cdf431efdd74188c62044f4a8567fb96ec0f871ffe2cff66006		2026-10-07T01:28:01+0000
run_0177_c56extra_new_r3	c56extra	c56extra	new	3	forge	/home/ubuntu/forge-b4/case/66.hostmem_regression/.bin/new/forge	7121a8e51e7b2cdf431efdd74188c62044f4a8567fb96ec0f871ffe2cff66006		2026-10-07T01:28:01+0000
run_0178_c48absorb_new_r3	c48absorb	c48absorb	new	3	forge	/home/ubuntu/forge-b4/case/66.hostmem_regression/.bin/new/forge	7121a8e51e7b2cdf431efdd74188c62044f4a8567fb96ec0f871ffe2cff66006		2026-10-07T01:28:01+0000
run_0179_c26optin_new_r3	c26optin	c26optin	new	3	forge	/home/ubuntu/forge-b4/case/66.hostmem_regression/.bin/new/forge	7121a8e51e7b2cdf431efdd74188c62044f4a8567fb96ec0f871ffe2cff66006		2026-10-07T01:28:01+0000
run_0180_c26optin_env_new_r3	c26optin_env	c26optin	new	3	forge	/home/ubuntu/forge-b4/case/66.hostmem_regression/.bin/new/forge	7121a8e51e7b2cdf431efdd74188c62044f4a8567fb96ec0f871ffe2cff66006	FORGE_WI_FORCE_DIAG=1 FORGE_WF_CLOSURE_DIAG=1 FORGE_OMEGA_BUDGET=1 FORGE_WF_REP_DIAG=1	2026-10-07T01:28:01+0000
run_0181_v36node_new_r3	v36node	v36node	new	3	convert	/home/ubuntu/bin-hostmem/convert_93e55957	144db0f8b20f9d52c29b2a22e5e6034af5743bea93d34189cf63f3e65a39df45		2026-10-07T01:28:01+0000
run_0182_v36cell_new_r3	v36cell	v36cell	new	3	convert	/home/ubuntu/bin-hostmem/convert_93e55957	144db0f8b20f9d52c29b2a22e5e6034af5743bea93d34189cf63f3e65a39df45		2026-10-07T01:28:01+0000
run_0183_v09_new_r3	v09	v09	new	3	convert	/home/ubuntu/bin-hostmem/convert_93e55957	144db0f8b20f9d52c29b2a22e5e6034af5743bea93d34189cf63f3e65a39df45		2026-10-07T01:28:01+0000
run_0184_v52_new_r3	v52	v52	new	3	convert	/home/ubuntu/bin-hostmem/convert_93e55957	144db0f8b20f9d52c29b2a22e5e6034af5743bea93d34189cf63f3e65a39df45		2026-10-07T01:28:01+0000
run_0185_v44_new_r3	v44	v44	new	3	convert	/home/ubuntu/bin-hostmem/convert_93e55957	144db0f8b20f9d52c29b2a22e5e6034af5743bea93d34189cf63f3e65a39df45		2026-10-07T01:28:01+0000
run_0186_c52cht_base_r4	c52cht	c52cht	base	4	forge	/home/ubuntu/forge-b4/case/66.hostmem_regression/.bin/base/forge	c65dbb39f77254151f411cbcb8de0fb10c9245aa381764eb26c34801658e8a7c		2026-10-07T01:38:08+0000
run_0187_c52cht_base_r5	c52cht	c52cht	base	5	forge	/home/ubuntu/forge-b4/case/66.hostmem_regression/.bin/base/forge	c65dbb39f77254151f411cbcb8de0fb10c9245aa381764eb26c34801658e8a7c		2026-10-07T01:38:08+0000
run_0188_c52cht_base_r6	c52cht	c52cht	base	6	forge	/home/ubuntu/forge-b4/case/66.hostmem_regression/.bin/base/forge	c65dbb39f77254151f411cbcb8de0fb10c9245aa381764eb26c34801658e8a7c		2026-10-07T01:38:08+0000
run_0189_c52cht_base_r7	c52cht	c52cht	base	7	forge	/home/ubuntu/forge-b4/case/66.hostmem_regression/.bin/base/forge	c65dbb39f77254151f411cbcb8de0fb10c9245aa381764eb26c34801658e8a7c		2026-10-07T01:38:08+0000
run_0190_c52cht_new_r4	c52cht	c52cht	new	4	forge	/home/ubuntu/forge-b4/case/66.hostmem_regression/.bin/new/forge	7121a8e51e7b2cdf431efdd74188c62044f4a8567fb96ec0f871ffe2cff66006		2026-10-07T01:38:09+0000
run_0191_c52cht_new_r5	c52cht	c52cht	new	5	forge	/home/ubuntu/forge-b4/case/66.hostmem_regression/.bin/new/forge	7121a8e51e7b2cdf431efdd74188c62044f4a8567fb96ec0f871ffe2cff66006		2026-10-07T01:38:09+0000
run_0192_c52cht_new_r6	c52cht	c52cht	new	6	forge	/home/ubuntu/forge-b4/case/66.hostmem_regression/.bin/new/forge	7121a8e51e7b2cdf431efdd74188c62044f4a8567fb96ec0f871ffe2cff66006		2026-10-07T01:38:09+0000
run_0193_c52cht_new_r7	c52cht	c52cht	new	7	forge	/home/ubuntu/forge-b4/case/66.hostmem_regression/.bin/new/forge	7121a8e51e7b2cdf431efdd74188c62044f4a8567fb96ec0f871ffe2cff66006		2026-10-07T01:38:09+0000
