# markii vane — 平滑化輪郭 (周期スプライン, s=0.05*m)
# 入力: vane_markii_profile.csv (表の点 + 復元円弧)
# 検査: 表点からの max 0.00761 cm / 折れ角 max 7.32° / R_LE 1.280 R_TE 0.088 cm
i,x_cm,y_cm
1,1.40175,12.18493
2,1.41090,12.18473
3,1.42006,12.18448
4,1.42921,12.18419
5,1.43835,12.18385
6,1.44750,12.18347
7,1.45665,12.18304
8,1.46579,12.18256
9,1.47493,12.18204
10,1.48406,12.18147
11,1.49320,12.18085
12,1.50233,12.18019
13,1.51146,12.17949
14,1.52058,12.17874
15,1.52970,12.17794
16,1.53882,12.17710
17,1.54793,12.17621
18,1.55703,12.17527
19,1.56614,12.17429
20,1.57523,12.17326
21,1.58433,12.17219
22,1.59341,12.17107
23,1.60249,12.16990
24,1.61157,12.16869
25,1.62063,12.16743
26,1.62969,12.16613
27,1.63875,12.16478
28,1.64780,12.16338
29,1.65684,12.16194
30,1.66587,12.16045
31,1.67490,12.15892
32,1.68391,12.15734
33,1.69292,12.15571
34,1.70192,12.15404
35,1.71091,12.15232
36,1.71990,12.15055
37,1.72887,12.14874
38,1.73784,12.14688
39,1.74679,12.14498
40,1.75573,12.14303
41,1.76467,12.14104
42,1.77359,12.13899
43,1.78251,12.13691
44,1.79141,12.13477
45,1.80030,12.13259
46,1.80918,12.13037
47,1.81805,12.12810
48,1.82691,12.12578
49,1.83575,12.12341
50,1.84458,12.12100
51,1.85340,12.11855
52,1.86221,12.11605
53,1.87100,12.11350
54,1.87978,12.11090
55,1.88854,12.10826
56,1.89730,12.10558
57,1.90603,12.10284
58,1.91476,12.10007
59,1.92346,12.09724
60,1.93216,12.09437
61,1.94084,12.09146
62,1.94950,12.08850
63,1.95815,12.08549
64,1.96678,12.08243
65,1.97539,12.07934
66,1.98399,12.07619
67,1.99257,12.07300
68,2.00113,12.06976
69,2.00968,12.06648
70,2.01821,12.06316
71,2.02672,12.05978
72,2.03521,12.05637
73,2.04368,12.05290
74,2.05214,12.04939
75,2.06058,12.04584
76,2.06899,12.04224
77,2.07739,12.03859
78,2.08577,12.03490
79,2.09413,12.03117
80,2.10246,12.02739
81,2.11078,12.02356
82,2.11908,12.01969
83,2.12735,12.01577
84,2.13561,12.01181
85,2.14384,12.00781
86,2.15205,12.00376
87,2.16024,11.99966
88,2.16840,11.99552
89,2.17654,11.99134
90,2.18466,11.98711
91,2.19276,11.98283
92,2.20083,11.97852
93,2.20888,11.97415
94,2.21690,11.96975
95,2.22490,11.96530
96,2.23288,11.96080
97,2.24083,11.95626
98,2.24876,11.95168
99,2.25666,11.94706
100,2.26453,11.94239
101,2.27238,11.93767
102,2.28020,11.93292
103,2.28799,11.92812
104,2.29576,11.92327
105,2.30350,11.91839
106,2.31122,11.91346
107,2.31891,11.90848
108,2.32656,11.90347
109,2.33419,11.89841
110,2.34180,11.89331
111,2.34937,11.88816
112,2.35691,11.88298
113,2.36443,11.87775
114,2.37191,11.87248
115,2.37937,11.86717
116,2.38680,11.86182
117,2.39419,11.85642
118,2.40156,11.85098
119,2.40889,11.84551
120,2.41620,11.83999
121,2.42347,11.83443
122,2.43071,11.82883
123,2.43792,11.82319
124,2.44510,11.81751
125,2.45225,11.81179
126,2.45936,11.80602
127,2.46645,11.80022
128,2.47350,11.79438
129,2.48051,11.78850
130,2.48750,11.78258
131,2.49444,11.77662
132,2.50136,11.77063
133,2.50824,11.76459
134,2.51509,11.75851
135,2.52190,11.75240
136,2.52868,11.74624
137,2.53542,11.74005
138,2.54213,11.73382
139,2.54880,11.72755
140,2.55544,11.72125
141,2.56204,11.71490
142,2.56860,11.70852
143,2.57513,11.70210
144,2.58161,11.69564
145,2.58807,11.68914
146,2.59448,11.68261
147,2.60085,11.67604
148,2.60719,11.66943
149,2.61349,11.66279
150,2.61974,11.65610
151,2.62596,11.64939
152,2.63214,11.64263
153,2.63828,11.63584
154,2.64437,11.62901
155,2.65043,11.62214
156,2.65645,11.61524
157,2.66242,11.60830
158,2.66835,11.60133
159,2.67424,11.59432
160,2.68008,11.58727
161,2.68588,11.58019
162,2.69164,11.57307
163,2.69735,11.56592
164,2.70302,11.55873
165,2.70865,11.55151
166,2.71423,11.54425
167,2.71976,11.53696
168,2.72524,11.52963
169,2.73068,11.52226
170,2.73608,11.51487
171,2.74142,11.50744
172,2.74672,11.49997
173,2.75198,11.49248
174,2.75719,11.48495
175,2.76236,11.47739
176,2.76748,11.46981
177,2.77256,11.46219
178,2.77760,11.45455
179,2.78260,11.44688
180,2.78756,11.43918
181,2.79247,11.43146
182,2.79735,11.42371
183,2.80219,11.41594
184,2.80699,11.40815
185,2.81175,11.40033
186,2.81648,11.39249
187,2.82117,11.38463
188,2.82583,11.37674
189,2.83045,11.36884
190,2.83504,11.36092
191,2.83959,11.35298
192,2.84412,11.34502
193,2.84861,11.33704
194,2.85307,11.32905
195,2.85751,11.32104
196,2.86191,11.31301
197,2.86629,11.30497
198,2.87063,11.29692
199,2.87496,11.28885
200,2.87926,11.28076
201,2.88353,11.27267
202,2.88778,11.26456
203,2.89200,11.25644
204,2.89621,11.24831
205,2.90039,11.24016
206,2.90456,11.23201
207,2.90870,11.22385
208,2.91282,11.21567
209,2.91693,11.20749
210,2.92102,11.19930
211,2.92510,11.19110
212,2.92915,11.18290
213,2.93320,11.17469
214,2.93723,11.16647
215,2.94125,11.15824
216,2.94526,11.15001
217,2.94925,11.14177
218,2.95324,11.13353
219,2.95722,11.12529
220,2.96119,11.11704
221,2.96515,11.10878
222,2.96910,11.10053
223,2.97305,11.09227
224,2.97700,11.08401
225,2.98094,11.07575
226,2.98488,11.06748
227,2.98881,11.05921
228,2.99274,11.05095
229,2.99667,11.04268
230,3.00059,11.03441
231,3.00451,11.02613
232,3.00843,11.01786
233,3.01234,11.00958
234,3.01625,11.00130
235,3.02015,10.99302
236,3.02406,10.98474
237,3.02796,10.97646
238,3.03185,10.96817
239,3.03574,10.95989
240,3.03963,10.95160
241,3.04352,10.94331
242,3.04740,10.93502
243,3.05128,10.92673
244,3.05515,10.91843
245,3.05903,10.91014
246,3.06289,10.90184
247,3.06676,10.89354
248,3.07062,10.88524
249,3.07448,10.87694
250,3.07834,10.86864
251,3.08219,10.86033
252,3.08604,10.85203
253,3.08988,10.84372
254,3.09373,10.83541
255,3.09757,10.82710
256,3.10140,10.81879
257,3.10524,10.81047
258,3.10907,10.80216
259,3.11289,10.79384
260,3.11672,10.78552
261,3.12054,10.77720
262,3.12436,10.76888
263,3.12817,10.76056
264,3.13198,10.75224
265,3.13579,10.74391
266,3.13960,10.73559
267,3.14340,10.72726
268,3.14720,10.71893
269,3.15100,10.71060
270,3.15479,10.70227
271,3.15858,10.69394
272,3.16237,10.68560
273,3.16615,10.67727
274,3.16994,10.66893
275,3.17372,10.66059
276,3.17749,10.65225
277,3.18127,10.64391
278,3.18504,10.63557
279,3.18881,10.62723
280,3.19257,10.61888
281,3.19634,10.61054
282,3.20010,10.60219
283,3.20385,10.59384
284,3.20761,10.58549
285,3.21136,10.57714
286,3.21511,10.56879
287,3.21886,10.56044
288,3.22260,10.55208
289,3.22634,10.54373
290,3.23008,10.53537
291,3.23382,10.52701
292,3.23755,10.51866
293,3.24128,10.51030
294,3.24501,10.50193
295,3.24873,10.49357
296,3.25246,10.48521
297,3.25618,10.47684
298,3.25990,10.46848
299,3.26361,10.46011
300,3.26733,10.45174
301,3.27104,10.44338
302,3.27475,10.43501
303,3.27845,10.42663
304,3.28215,10.41826
305,3.28586,10.40989
306,3.28956,10.40152
307,3.29325,10.39314
308,3.29695,10.38476
309,3.30064,10.37639
310,3.30433,10.36801
311,3.30802,10.35963
312,3.31170,10.35125
313,3.31538,10.34287
314,3.31906,10.33449
315,3.32274,10.32610
316,3.32642,10.31772
317,3.33009,10.30933
318,3.33376,10.30095
319,3.33743,10.29256
320,3.34110,10.28417
321,3.34477,10.27578
322,3.34843,10.26739
323,3.35209,10.25900
324,3.35575,10.25061
325,3.35941,10.24222
326,3.36306,10.23383
327,3.36672,10.22543
328,3.37037,10.21704
329,3.37402,10.20864
330,3.37766,10.20024
331,3.38131,10.19185
332,3.38495,10.18345
333,3.38859,10.17505
334,3.39223,10.16665
335,3.39587,10.15825
336,3.39951,10.14984
337,3.40314,10.14144
338,3.40677,10.13304
339,3.41040,10.12463
340,3.41403,10.11623
341,3.41766,10.10782
342,3.42128,10.09942
343,3.42490,10.09101
344,3.42853,10.08260
345,3.43215,10.07419
346,3.43576,10.06578
347,3.43938,10.05737
348,3.44299,10.04896
349,3.44661,10.04055
350,3.45022,10.03214
351,3.45383,10.02372
352,3.45743,10.01531
353,3.46104,10.00690
354,3.46465,9.99848
355,3.46825,9.99006
356,3.47185,9.98165
357,3.47545,9.97323
358,3.47905,9.96481
359,3.48265,9.95639
360,3.48624,9.94798
361,3.48983,9.93956
362,3.49343,9.93114
363,3.49702,9.92271
364,3.50061,9.91429
365,3.50420,9.90587
366,3.50778,9.89745
367,3.51137,9.88902
368,3.51495,9.88060
369,3.51854,9.87218
370,3.52212,9.86375
371,3.52570,9.85533
372,3.52928,9.84690
373,3.53285,9.83847
374,3.53643,9.83005
375,3.54001,9.82162
376,3.54358,9.81319
377,3.54715,9.80476
378,3.55072,9.79633
379,3.55429,9.78790
380,3.55786,9.77947
381,3.56143,9.77104
382,3.56500,9.76261
383,3.56856,9.75418
384,3.57213,9.74575
385,3.57569,9.73731
386,3.57925,9.72888
387,3.58282,9.72045
388,3.58638,9.71201
389,3.58994,9.70358
390,3.59349,9.69514
391,3.59705,9.68671
392,3.60061,9.67827
393,3.60416,9.66984
394,3.60772,9.66140
395,3.61127,9.65296
396,3.61483,9.64453
397,3.61838,9.63609
398,3.62193,9.62765
399,3.62548,9.61921
400,3.62903,9.61077
401,3.63258,9.60233
402,3.63612,9.59389
403,3.63967,9.58545
404,3.64321,9.57701
405,3.64676,9.56857
406,3.65030,9.56013
407,3.65384,9.55169
408,3.65738,9.54325
409,3.66093,9.53481
410,3.66446,9.52636
411,3.66800,9.51792
412,3.67154,9.50948
413,3.67508,9.50103
414,3.67861,9.49259
415,3.68215,9.48414
416,3.68568,9.47570
417,3.68921,9.46725
418,3.69274,9.45881
419,3.69628,9.45036
420,3.69981,9.44191
421,3.70333,9.43347
422,3.70686,9.42502
423,3.71039,9.41657
424,3.71391,9.40812
425,3.71744,9.39967
426,3.72096,9.39122
427,3.72449,9.38277
428,3.72801,9.37432
429,3.73153,9.36587
430,3.73505,9.35742
431,3.73857,9.34897
432,3.74209,9.34052
433,3.74560,9.33207
434,3.74912,9.32361
435,3.75263,9.31516
436,3.75615,9.30671
437,3.75966,9.29825
438,3.76317,9.28980
439,3.76668,9.28134
440,3.77019,9.27289
441,3.77370,9.26443
442,3.77721,9.25598
443,3.78072,9.24752
444,3.78423,9.23907
445,3.78773,9.23061
446,3.79123,9.22215
447,3.79474,9.21369
448,3.79824,9.20523
449,3.80174,9.19678
450,3.80524,9.18832
451,3.80874,9.17986
452,3.81224,9.17140
453,3.81574,9.16294
454,3.81923,9.15448
455,3.82273,9.14601
456,3.82622,9.13755
457,3.82971,9.12909
458,3.83321,9.12063
459,3.83670,9.11217
460,3.84019,9.10370
461,3.84368,9.09524
462,3.84717,9.08677
463,3.85065,9.07831
464,3.85414,9.06984
465,3.85762,9.06138
466,3.86111,9.05291
467,3.86459,9.04445
468,3.86807,9.03598
469,3.87155,9.02751
470,3.87503,9.01905
471,3.87851,9.01058
472,3.88199,9.00211
473,3.88547,8.99364
474,3.88894,8.98517
475,3.89242,8.97670
476,3.89589,8.96823
477,3.89937,8.95976
478,3.90284,8.95129
479,3.90631,8.94282
480,3.90978,8.93435
481,3.91325,8.92588
482,3.91671,8.91740
483,3.92018,8.90893
484,3.92365,8.90046
485,3.92711,8.89198
486,3.93058,8.88351
487,3.93404,8.87503
488,3.93750,8.86656
489,3.94096,8.85808
490,3.94442,8.84961
491,3.94788,8.84113
492,3.95134,8.83266
493,3.95479,8.82418
494,3.95825,8.81570
495,3.96170,8.80722
496,3.96515,8.79874
497,3.96861,8.79027
498,3.97206,8.78179
499,3.97551,8.77331
500,3.97896,8.76483
501,3.98241,8.75635
502,3.98585,8.74786
503,3.98930,8.73938
504,3.99274,8.73090
505,3.99619,8.72242
506,3.99963,8.71394
507,4.00307,8.70545
508,4.00651,8.69697
509,4.00995,8.68849
510,4.01339,8.68000
511,4.01683,8.67152
512,4.02027,8.66303
513,4.02370,8.65455
514,4.02713,8.64606
515,4.03057,8.63757
516,4.03400,8.62909
517,4.03743,8.62060
518,4.04086,8.61211
519,4.04429,8.60362
520,4.04772,8.59513
521,4.05115,8.58665
522,4.05457,8.57816
523,4.05800,8.56967
524,4.06142,8.56118
525,4.06484,8.55268
526,4.06826,8.54419
527,4.07169,8.53570
528,4.07510,8.52721
529,4.07852,8.51872
530,4.08194,8.51022
531,4.08536,8.50173
532,4.08877,8.49324
533,4.09219,8.48474
534,4.09560,8.47625
535,4.09901,8.46775
536,4.10242,8.45926
537,4.10583,8.45076
538,4.10924,8.44226
539,4.11265,8.43377
540,4.11605,8.42527
541,4.11946,8.41677
542,4.12286,8.40827
543,4.12627,8.39978
544,4.12967,8.39128
545,4.13307,8.38278
546,4.13647,8.37428
547,4.13987,8.36578
548,4.14327,8.35728
549,4.14667,8.34878
550,4.15006,8.34027
551,4.15346,8.33177
552,4.15685,8.32327
553,4.16024,8.31477
554,4.16363,8.30626
555,4.16702,8.29776
556,4.17041,8.28925
557,4.17380,8.28075
558,4.17719,8.27224
559,4.18057,8.26374
560,4.18396,8.25523
561,4.18734,8.24673
562,4.19072,8.23822
563,4.19411,8.22971
564,4.19749,8.22120
565,4.20087,8.21270
566,4.20424,8.20419
567,4.20762,8.19568
568,4.21100,8.18717
569,4.21437,8.17866
570,4.21774,8.17015
571,4.22112,8.16164
572,4.22449,8.15313
573,4.22786,8.14462
574,4.23123,8.13610
575,4.23460,8.12759
576,4.23796,8.11908
577,4.24133,8.11056
578,4.24469,8.10205
579,4.24806,8.09354
580,4.25142,8.08502
581,4.25478,8.07651
582,4.25814,8.06799
583,4.26150,8.05947
584,4.26486,8.05096
585,4.26822,8.04244
586,4.27157,8.03392
587,4.27493,8.02540
588,4.27828,8.01689
589,4.28163,8.00837
590,4.28498,7.99985
591,4.28833,7.99133
592,4.29168,7.98281
593,4.29503,7.97429
594,4.29838,7.96577
595,4.30172,7.95725
596,4.30507,7.94872
597,4.30841,7.94020
598,4.31175,7.93168
599,4.31509,7.92315
600,4.31843,7.91463
601,4.32177,7.90611
602,4.32511,7.89758
603,4.32845,7.88906
604,4.33178,7.88053
605,4.33512,7.87201
606,4.33845,7.86348
607,4.34178,7.85495
608,4.34511,7.84643
609,4.34844,7.83790
610,4.35177,7.82937
611,4.35510,7.82084
612,4.35842,7.81231
613,4.36175,7.80378
614,4.36507,7.79525
615,4.36840,7.78672
616,4.37172,7.77819
617,4.37504,7.76966
618,4.37836,7.76113
619,4.38168,7.75260
620,4.38499,7.74406
621,4.38831,7.73553
622,4.39162,7.72700
623,4.39494,7.71846
624,4.39825,7.70993
625,4.40156,7.70139
626,4.40487,7.69286
627,4.40818,7.68432
628,4.41149,7.67579
629,4.41479,7.66725
630,4.41810,7.65871
631,4.42140,7.65017
632,4.42471,7.64164
633,4.42801,7.63310
634,4.43131,7.62456
635,4.43461,7.61602
636,4.43791,7.60748
637,4.44120,7.59894
638,4.44450,7.59040
639,4.44779,7.58186
640,4.45109,7.57332
641,4.45438,7.56477
642,4.45767,7.55623
643,4.46096,7.54769
644,4.46425,7.53914
645,4.46754,7.53060
646,4.47083,7.52206
647,4.47411,7.51351
648,4.47739,7.50497
649,4.48068,7.49642
650,4.48396,7.48787
651,4.48724,7.47933
652,4.49052,7.47078
653,4.49380,7.46223
654,4.49707,7.45368
655,4.50035,7.44514
656,4.50363,7.43659
657,4.50690,7.42804
658,4.51017,7.41949
659,4.51344,7.41094
660,4.51671,7.40239
661,4.51998,7.39383
662,4.52325,7.38528
663,4.52651,7.37673
664,4.52978,7.36818
665,4.53304,7.35962
666,4.53631,7.35107
667,4.53957,7.34252
668,4.54283,7.33396
669,4.54609,7.32541
670,4.54934,7.31685
671,4.55260,7.30830
672,4.55586,7.29974
673,4.55911,7.29118
674,4.56236,7.28263
675,4.56562,7.27407
676,4.56887,7.26551
677,4.57212,7.25695
678,4.57536,7.24839
679,4.57861,7.23983
680,4.58186,7.23127
681,4.58510,7.22271
682,4.58834,7.21415
683,4.59159,7.20559
684,4.59483,7.19703
685,4.59807,7.18847
686,4.60131,7.17990
687,4.60454,7.17134
688,4.60778,7.16278
689,4.61101,7.15421
690,4.61425,7.14565
691,4.61748,7.13708
692,4.62071,7.12852
693,4.62394,7.11995
694,4.62717,7.11138
695,4.63040,7.10282
696,4.63362,7.09425
697,4.63685,7.08568
698,4.64007,7.07711
699,4.64329,7.06854
700,4.64652,7.05998
701,4.64974,7.05141
702,4.65295,7.04284
703,4.65617,7.03426
704,4.65939,7.02569
705,4.66260,7.01712
706,4.66582,7.00855
707,4.66903,6.99998
708,4.67224,6.99140
709,4.67545,6.98283
710,4.67866,6.97426
711,4.68187,6.96568
712,4.68507,6.95711
713,4.68828,6.94853
714,4.69148,6.93996
715,4.69468,6.93138
716,4.69789,6.92280
717,4.70109,6.91423
718,4.70428,6.90565
719,4.70748,6.89707
720,4.71068,6.88849
721,4.71387,6.87991
722,4.71707,6.87133
723,4.72026,6.86275
724,4.72345,6.85417
725,4.72664,6.84559
726,4.72983,6.83701
727,4.73302,6.82843
728,4.73620,6.81985
729,4.73939,6.81126
730,4.74257,6.80268
731,4.74575,6.79410
732,4.74894,6.78551
733,4.75212,6.77693
734,4.75529,6.76834
735,4.75847,6.75976
736,4.76165,6.75117
737,4.76482,6.74258
738,4.76800,6.73400
739,4.77117,6.72541
740,4.77434,6.71682
741,4.77751,6.70823
742,4.78068,6.69964
743,4.78384,6.69105
744,4.78701,6.68246
745,4.79018,6.67387
746,4.79334,6.66528
747,4.79650,6.65669
748,4.79966,6.64810
749,4.80282,6.63951
750,4.80598,6.63092
751,4.80914,6.62232
752,4.81229,6.61373
753,4.81545,6.60513
754,4.81860,6.59654
755,4.82175,6.58794
756,4.82490,6.57935
757,4.82805,6.57075
758,4.83120,6.56216
759,4.83434,6.55356
760,4.83749,6.54496
761,4.84063,6.53636
762,4.84378,6.52777
763,4.84692,6.51917
764,4.85006,6.51057
765,4.85320,6.50197
766,4.85633,6.49337
767,4.85947,6.48477
768,4.86260,6.47617
769,4.86574,6.46756
770,4.86887,6.45896
771,4.87200,6.45036
772,4.87513,6.44176
773,4.87826,6.43315
774,4.88139,6.42455
775,4.88451,6.41594
776,4.88764,6.40734
777,4.89076,6.39873
778,4.89388,6.39013
779,4.89700,6.38152
780,4.90012,6.37291
781,4.90324,6.36431
782,4.90636,6.35570
783,4.90947,6.34709
784,4.91258,6.33848
785,4.91570,6.32987
786,4.91881,6.32126
787,4.92192,6.31265
788,4.92503,6.30404
789,4.92813,6.29543
790,4.93124,6.28682
791,4.93434,6.27821
792,4.93745,6.26959
793,4.94055,6.26098
794,4.94365,6.25237
795,4.94675,6.24375
796,4.94985,6.23514
797,4.95294,6.22652
798,4.95604,6.21791
799,4.95913,6.20929
800,4.96223,6.20067
801,4.96532,6.19206
802,4.96841,6.18344
803,4.97150,6.17482
804,4.97459,6.16620
805,4.97767,6.15759
806,4.98076,6.14897
807,4.98384,6.14035
808,4.98692,6.13173
809,4.99000,6.12311
810,4.99308,6.11448
811,4.99616,6.10586
812,4.99924,6.09724
813,5.00232,6.08862
814,5.00539,6.08000
815,5.00846,6.07137
816,5.01154,6.06275
817,5.01461,6.05412
818,5.01768,6.04550
819,5.02075,6.03687
820,5.02381,6.02825
821,5.02688,6.01962
822,5.02994,6.01100
823,5.03301,6.00237
824,5.03607,5.99374
825,5.03913,5.98511
826,5.04219,5.97648
827,5.04525,5.96786
828,5.04830,5.95923
829,5.05136,5.95060
830,5.05441,5.94197
831,5.05746,5.93334
832,5.06052,5.92471
833,5.06357,5.91607
834,5.06662,5.90744
835,5.06966,5.89881
836,5.07271,5.89018
837,5.07576,5.88154
838,5.07880,5.87291
839,5.08184,5.86427
840,5.08488,5.85564
841,5.08792,5.84700
842,5.09096,5.83837
843,5.09400,5.82973
844,5.09704,5.82110
845,5.10007,5.81246
846,5.10311,5.80382
847,5.10614,5.79518
848,5.10917,5.78655
849,5.11220,5.77791
850,5.11523,5.76927
851,5.11826,5.76063
852,5.12128,5.75199
853,5.12431,5.74335
854,5.12733,5.73471
855,5.13036,5.72607
856,5.13338,5.71742
857,5.13640,5.70878
858,5.13942,5.70014
859,5.14243,5.69150
860,5.14545,5.68285
861,5.14847,5.67421
862,5.15148,5.66557
863,5.15449,5.65692
864,5.15750,5.64828
865,5.16051,5.63963
866,5.16352,5.63098
867,5.16653,5.62234
868,5.16954,5.61369
869,5.17254,5.60504
870,5.17555,5.59639
871,5.17855,5.58775
872,5.18155,5.57910
873,5.18455,5.57045
874,5.18755,5.56180
875,5.19055,5.55315
876,5.19355,5.54450
877,5.19654,5.53585
878,5.19953,5.52720
879,5.20253,5.51855
880,5.20552,5.50989
881,5.20851,5.50124
882,5.21150,5.49259
883,5.21449,5.48393
884,5.21747,5.47528
885,5.22046,5.46663
886,5.22344,5.45797
887,5.22643,5.44932
888,5.22941,5.44066
889,5.23239,5.43201
890,5.23537,5.42335
891,5.23835,5.41469
892,5.24133,5.40604
893,5.24430,5.39738
894,5.24728,5.38872
895,5.25025,5.38006
896,5.25322,5.37140
897,5.25619,5.36274
898,5.25916,5.35408
899,5.26213,5.34542
900,5.26510,5.33676
901,5.26806,5.32810
902,5.27103,5.31944
903,5.27399,5.31078
904,5.27696,5.30212
905,5.27992,5.29346
906,5.28288,5.28479
907,5.28584,5.27613
908,5.28879,5.26747
909,5.29175,5.25880
910,5.29471,5.25014
911,5.29766,5.24147
912,5.30061,5.23281
913,5.30357,5.22414
914,5.30652,5.21547
915,5.30947,5.20681
916,5.31241,5.19814
917,5.31536,5.18947
918,5.31831,5.18081
919,5.32125,5.17214
920,5.32420,5.16347
921,5.32714,5.15480
922,5.33008,5.14613
923,5.33302,5.13746
924,5.33596,5.12879
925,5.33890,5.12012
926,5.34183,5.11145
927,5.34477,5.10278
928,5.34770,5.09411
929,5.35063,5.08543
930,5.35357,5.07676
931,5.35650,5.06809
932,5.35943,5.05942
933,5.36235,5.05074
934,5.36528,5.04207
935,5.36821,5.03339
936,5.37113,5.02472
937,5.37406,5.01604
938,5.37698,5.00737
939,5.37990,4.99869
940,5.38282,4.99001
941,5.38574,4.98134
942,5.38866,4.97266
943,5.39157,4.96398
944,5.39449,4.95530
945,5.39740,4.94663
946,5.40032,4.93795
947,5.40323,4.92927
948,5.40614,4.92059
949,5.40905,4.91191
950,5.41196,4.90323
951,5.41486,4.89455
952,5.41777,4.88587
953,5.42067,4.87718
954,5.42358,4.86850
955,5.42648,4.85982
956,5.42938,4.85114
957,5.43228,4.84245
958,5.43518,4.83377
959,5.43808,4.82509
960,5.44098,4.81640
961,5.44387,4.80772
962,5.44677,4.79903
963,5.44966,4.79035
964,5.45255,4.78166
965,5.45544,4.77297
966,5.45834,4.76429
967,5.46122,4.75560
968,5.46411,4.74691
969,5.46700,4.73823
970,5.46988,4.72954
971,5.47277,4.72085
972,5.47565,4.71216
973,5.47853,4.70347
974,5.48142,4.69478
975,5.48430,4.68609
976,5.48717,4.67740
977,5.49005,4.66871
978,5.49293,4.66002
979,5.49580,4.65133
980,5.49868,4.64264
981,5.50155,4.63395
982,5.50442,4.62525
983,5.50729,4.61656
984,5.51016,4.60787
985,5.51303,4.59917
986,5.51590,4.59048
987,5.51877,4.58178
988,5.52163,4.57309
989,5.52450,4.56439
990,5.52736,4.55570
991,5.53022,4.54700
992,5.53308,4.53831
993,5.53594,4.52961
994,5.53880,4.52091
995,5.54166,4.51222
996,5.54451,4.50352
997,5.54737,4.49482
998,5.55022,4.48612
999,5.55308,4.47742
1000,5.55593,4.46872
1001,5.55878,4.46002
1002,5.56163,4.45133
1003,5.56448,4.44262
1004,5.56733,4.43392
1005,5.57017,4.42522
1006,5.57302,4.41652
1007,5.57586,4.40782
1008,5.57871,4.39912
1009,5.58155,4.39042
1010,5.58439,4.38171
1011,5.58723,4.37301
1012,5.59007,4.36431
1013,5.59291,4.35560
1014,5.59574,4.34690
1015,5.59858,4.33819
1016,5.60141,4.32949
1017,5.60425,4.32078
1018,5.60708,4.31208
1019,5.60991,4.30337
1020,5.61274,4.29467
1021,5.61557,4.28596
1022,5.61840,4.27725
1023,5.62122,4.26855
1024,5.62405,4.25984
1025,5.62687,4.25113
1026,5.62970,4.24242
1027,5.63252,4.23371
1028,5.63534,4.22500
1029,5.63816,4.21629
1030,5.64098,4.20759
1031,5.64380,4.19887
1032,5.64662,4.19016
1033,5.64943,4.18145
1034,5.65225,4.17274
1035,5.65506,4.16403
1036,5.65788,4.15532
1037,5.66069,4.14661
1038,5.66350,4.13789
1039,5.66631,4.12918
1040,5.66912,4.12047
1041,5.67193,4.11176
1042,5.67473,4.10304
1043,5.67754,4.09433
1044,5.68034,4.08561
1045,5.68315,4.07690
1046,5.68595,4.06818
1047,5.68875,4.05947
1048,5.69155,4.05075
1049,5.69435,4.04203
1050,5.69715,4.03332
1051,5.69994,4.02460
1052,5.70274,4.01588
1053,5.70554,4.00717
1054,5.70833,3.99845
1055,5.71112,3.98973
1056,5.71391,3.98101
1057,5.71671,3.97229
1058,5.71950,3.96357
1059,5.72228,3.95485
1060,5.72507,3.94613
1061,5.72786,3.93741
1062,5.73064,3.92869
1063,5.73343,3.91997
1064,5.73621,3.91125
1065,5.73899,3.90253
1066,5.74178,3.89381
1067,5.74456,3.88509
1068,5.74734,3.87636
1069,5.75011,3.86764
1070,5.75289,3.85892
1071,5.75567,3.85019
1072,5.75844,3.84147
1073,5.76122,3.83274
1074,5.76399,3.82402
1075,5.76676,3.81530
1076,5.76954,3.80657
1077,5.77231,3.79784
1078,5.77507,3.78912
1079,5.77784,3.78039
1080,5.78061,3.77167
1081,5.78338,3.76294
1082,5.78614,3.75421
1083,5.78891,3.74548
1084,5.79167,3.73676
1085,5.79443,3.72803
1086,5.79719,3.71930
1087,5.79995,3.71057
1088,5.80271,3.70184
1089,5.80547,3.69311
1090,5.80823,3.68438
1091,5.81098,3.67565
1092,5.81374,3.66692
1093,5.81649,3.65819
1094,5.81924,3.64946
1095,5.82200,3.64073
1096,5.82475,3.63200
1097,5.82750,3.62327
1098,5.83025,3.61453
1099,5.83299,3.60580
1100,5.83574,3.59707
1101,5.83849,3.58834
1102,5.84123,3.57960
1103,5.84398,3.57087
1104,5.84672,3.56213
1105,5.84946,3.55340
1106,5.85220,3.54467
1107,5.85494,3.53593
1108,5.85768,3.52720
1109,5.86042,3.51846
1110,5.86316,3.50972
1111,5.86589,3.50099
1112,5.86863,3.49225
1113,5.87136,3.48351
1114,5.87410,3.47478
1115,5.87683,3.46604
1116,5.87956,3.45730
1117,5.88229,3.44856
1118,5.88502,3.43982
1119,5.88775,3.43109
1120,5.89047,3.42235
1121,5.89320,3.41361
1122,5.89593,3.40487
1123,5.89865,3.39613
1124,5.90137,3.38739
1125,5.90410,3.37865
1126,5.90682,3.36991
1127,5.90954,3.36117
1128,5.91226,3.35242
1129,5.91498,3.34368
1130,5.91769,3.33494
1131,5.92041,3.32620
1132,5.92313,3.31746
1133,5.92584,3.30871
1134,5.92855,3.29997
1135,5.93127,3.29123
1136,5.93398,3.28248
1137,5.93669,3.27374
1138,5.93940,3.26499
1139,5.94211,3.25625
1140,5.94482,3.24750
1141,5.94752,3.23876
1142,5.95023,3.23001
1143,5.95293,3.22127
1144,5.95564,3.21252
1145,5.95834,3.20377
1146,5.96104,3.19503
1147,5.96375,3.18628
1148,5.96645,3.17753
1149,5.96914,3.16878
1150,5.97184,3.16004
1151,5.97454,3.15129
1152,5.97724,3.14254
1153,5.97993,3.13379
1154,5.98263,3.12504
1155,5.98532,3.11629
1156,5.98801,3.10754
1157,5.99071,3.09879
1158,5.99340,3.09004
1159,5.99609,3.08129
1160,5.99878,3.07254
1161,6.00146,3.06379
1162,6.00415,3.05504
1163,6.00684,3.04629
1164,6.00952,3.03753
1165,6.01221,3.02878
1166,6.01489,3.02003
1167,6.01757,3.01128
1168,6.02026,3.00252
1169,6.02294,2.99377
1170,6.02562,2.98502
1171,6.02830,2.97626
1172,6.03097,2.96751
1173,6.03365,2.95875
1174,6.03633,2.95000
1175,6.03900,2.94124
1176,6.04168,2.93249
1177,6.04435,2.92373
1178,6.04702,2.91498
1179,6.04969,2.90622
1180,6.05236,2.89746
1181,6.05503,2.88871
1182,6.05770,2.87995
1183,6.06037,2.87119
1184,6.06304,2.86244
1185,6.06570,2.85368
1186,6.06837,2.84492
1187,6.07103,2.83616
1188,6.07369,2.82740
1189,6.07635,2.81864
1190,6.07902,2.80988
1191,6.08168,2.80112
1192,6.08433,2.79236
1193,6.08699,2.78360
1194,6.08965,2.77484
1195,6.09230,2.76608
1196,6.09496,2.75732
1197,6.09761,2.74856
1198,6.10027,2.73980
1199,6.10292,2.73103
1200,6.10557,2.72227
1201,6.10822,2.71351
1202,6.11087,2.70474
1203,6.11351,2.69598
1204,6.11616,2.68722
1205,6.11880,2.67845
1206,6.12145,2.66969
1207,6.12409,2.66092
1208,6.12673,2.65216
1209,6.12937,2.64339
1210,6.13201,2.63463
1211,6.13465,2.62586
1212,6.13729,2.61709
1213,6.13993,2.60833
1214,6.14256,2.59956
1215,6.14520,2.59079
1216,6.14783,2.58203
1217,6.15046,2.57326
1218,6.15309,2.56449
1219,6.15572,2.55572
1220,6.15835,2.54695
1221,6.16098,2.53818
1222,6.16361,2.52941
1223,6.16623,2.52064
1224,6.16886,2.51187
1225,6.17148,2.50310
1226,6.17410,2.49433
1227,6.17672,2.48556
1228,6.17934,2.47679
1229,6.18196,2.46801
1230,6.18458,2.45924
1231,6.18720,2.45047
1232,6.18981,2.44169
1233,6.19242,2.43292
1234,6.19504,2.42415
1235,6.19765,2.41537
1236,6.20026,2.40660
1237,6.20287,2.39782
1238,6.20548,2.38905
1239,6.20808,2.38027
1240,6.21069,2.37150
1241,6.21329,2.36272
1242,6.21590,2.35394
1243,6.21850,2.34516
1244,6.22110,2.33639
1245,6.22370,2.32761
1246,6.22630,2.31883
1247,6.22889,2.31005
1248,6.23149,2.30127
1249,6.23408,2.29249
1250,6.23668,2.28371
1251,6.23927,2.27493
1252,6.24186,2.26615
1253,6.24445,2.25737
1254,6.24704,2.24859
1255,6.24962,2.23981
1256,6.25221,2.23103
1257,6.25479,2.22225
1258,6.25738,2.21346
1259,6.25996,2.20468
1260,6.26254,2.19590
1261,6.26512,2.18711
1262,6.26769,2.17833
1263,6.27027,2.16954
1264,6.27285,2.16076
1265,6.27542,2.15197
1266,6.27799,2.14319
1267,6.28056,2.13440
1268,6.28313,2.12561
1269,6.28570,2.11683
1270,6.28827,2.10804
1271,6.29084,2.09925
1272,6.29340,2.09046
1273,6.29596,2.08168
1274,6.29852,2.07289
1275,6.30109,2.06410
1276,6.30364,2.05531
1277,6.30620,2.04652
1278,6.30876,2.03773
1279,6.31131,2.02894
1280,6.31387,2.02014
1281,6.31642,2.01135
1282,6.31897,2.00256
1283,6.32152,1.99377
1284,6.32407,1.98497
1285,6.32661,1.97618
1286,6.32916,1.96739
1287,6.33170,1.95859
1288,6.33424,1.94980
1289,6.33679,1.94100
1290,6.33933,1.93221
1291,6.34186,1.92341
1292,6.34440,1.91462
1293,6.34693,1.90582
1294,6.34947,1.89702
1295,6.35200,1.88822
1296,6.35453,1.87943
1297,6.35706,1.87063
1298,6.35959,1.86183
1299,6.36212,1.85303
1300,6.36464,1.84423
1301,6.36716,1.83543
1302,6.36969,1.82663
1303,6.37221,1.81783
1304,6.37472,1.80903
1305,6.37724,1.80023
1306,6.37976,1.79142
1307,6.38227,1.78262
1308,6.38479,1.77382
1309,6.38730,1.76501
1310,6.38981,1.75621
1311,6.39232,1.74741
1312,6.39482,1.73860
1313,6.39733,1.72980
1314,6.39983,1.72099
1315,6.40233,1.71218
1316,6.40483,1.70338
1317,6.40733,1.69457
1318,6.40983,1.68576
1319,6.41233,1.67696
1320,6.41482,1.66815
1321,6.41732,1.65934
1322,6.41981,1.65053
1323,6.42230,1.64172
1324,6.42478,1.63291
1325,6.42727,1.62410
1326,6.42976,1.61529
1327,6.43224,1.60648
1328,6.43472,1.59767
1329,6.43720,1.58885
1330,6.43968,1.58004
1331,6.44216,1.57123
1332,6.44463,1.56241
1333,6.44711,1.55360
1334,6.44958,1.54478
1335,6.45205,1.53597
1336,6.45452,1.52715
1337,6.45699,1.51834
1338,6.45945,1.50952
1339,6.46192,1.50070
1340,6.46438,1.49189
1341,6.46684,1.48307
1342,6.46930,1.47425
1343,6.47176,1.46543
1344,6.47421,1.45661
1345,6.47666,1.44779
1346,6.47912,1.43897
1347,6.48157,1.43015
1348,6.48402,1.42133
1349,6.48646,1.41251
1350,6.48891,1.40369
1351,6.49135,1.39487
1352,6.49380,1.38604
1353,6.49624,1.37722
1354,6.49867,1.36840
1355,6.50111,1.35957
1356,6.50355,1.35075
1357,6.50598,1.34192
1358,6.50841,1.33309
1359,6.51084,1.32427
1360,6.51327,1.31544
1361,6.51570,1.30661
1362,6.51812,1.29779
1363,6.52055,1.28896
1364,6.52297,1.28013
1365,6.52539,1.27130
1366,6.52780,1.26247
1367,6.53022,1.25364
1368,6.53263,1.24481
1369,6.53505,1.23598
1370,6.53746,1.22715
1371,6.53987,1.21832
1372,6.54227,1.20948
1373,6.54468,1.20065
1374,6.54708,1.19182
1375,6.54948,1.18298
1376,6.55188,1.17415
1377,6.55428,1.16531
1378,6.55668,1.15648
1379,6.55907,1.14764
1380,6.56146,1.13880
1381,6.56385,1.12997
1382,6.56624,1.12113
1383,6.56863,1.11229
1384,6.57102,1.10345
1385,6.57340,1.09461
1386,6.57578,1.08577
1387,6.57816,1.07693
1388,6.58054,1.06809
1389,6.58291,1.05925
1390,6.58529,1.05041
1391,6.58766,1.04157
1392,6.59003,1.03273
1393,6.59240,1.02388
1394,6.59476,1.01504
1395,6.59713,1.00620
1396,6.59949,0.99735
1397,6.60185,0.98851
1398,6.60421,0.97966
1399,6.60657,0.97081
1400,6.60892,0.96197
1401,6.61127,0.95312
1402,6.61362,0.94427
1403,6.61597,0.93542
1404,6.61832,0.92658
1405,6.62066,0.91773
1406,6.62301,0.90888
1407,6.62535,0.90003
1408,6.62769,0.89118
1409,6.63003,0.88232
1410,6.63236,0.87347
1411,6.63469,0.86462
1412,6.63702,0.85577
1413,6.63935,0.84691
1414,6.64168,0.83806
1415,6.64401,0.82920
1416,6.64633,0.82035
1417,6.64865,0.81149
1418,6.65097,0.80264
1419,6.65329,0.79378
1420,6.65560,0.78492
1421,6.65792,0.77607
1422,6.66023,0.76721
1423,6.66254,0.75835
1424,6.66484,0.74949
1425,6.66715,0.74063
1426,6.66945,0.73177
1427,6.67175,0.72291
1428,6.67405,0.71405
1429,6.67635,0.70519
1430,6.67864,0.69632
1431,6.68093,0.68746
1432,6.68322,0.67860
1433,6.68551,0.66973
1434,6.68780,0.66087
1435,6.69008,0.65200
1436,6.69236,0.64314
1437,6.69464,0.63427
1438,6.69692,0.62540
1439,6.69920,0.61654
1440,6.70147,0.60767
1441,6.70374,0.59880
1442,6.70601,0.58993
1443,6.70828,0.58106
1444,6.71054,0.57219
1445,6.71281,0.56332
1446,6.71507,0.55445
1447,6.71733,0.54558
1448,6.71958,0.53671
1449,6.72184,0.52783
1450,6.72409,0.51896
1451,6.72634,0.51009
1452,6.72859,0.50121
1453,6.73083,0.49234
1454,6.73308,0.48346
1455,6.73532,0.47458
1456,6.73756,0.46571
1457,6.73979,0.45683
1458,6.74203,0.44795
1459,6.74426,0.43907
1460,6.74649,0.43020
1461,6.74872,0.42132
1462,6.75094,0.41244
1463,6.75317,0.40356
1464,6.75539,0.39467
1465,6.75761,0.38579
1466,6.75982,0.37691
1467,6.76204,0.36803
1468,6.76425,0.35914
1469,6.76646,0.35026
1470,6.76867,0.34138
1471,6.77087,0.33249
1472,6.77308,0.32360
1473,6.77528,0.31472
1474,6.77748,0.30583
1475,6.77967,0.29694
1476,6.78187,0.28806
1477,6.78406,0.27917
1478,6.78625,0.27028
1479,6.78843,0.26139
1480,6.79062,0.25250
1481,6.79280,0.24361
1482,6.79498,0.23472
1483,6.79716,0.22582
1484,6.79933,0.21693
1485,6.80151,0.20804
1486,6.80368,0.19915
1487,6.80585,0.19025
1488,6.80801,0.18136
1489,6.81017,0.17246
1490,6.81234,0.16357
1491,6.81449,0.15467
1492,6.81665,0.14577
1493,6.81881,0.13687
1494,6.82096,0.12798
1495,6.82311,0.11908
1496,6.82525,0.11018
1497,6.82740,0.10128
1498,6.82954,0.09238
1499,6.83168,0.08348
1500,6.83382,0.07457
1501,6.83595,0.06567
1502,6.83808,0.05677
1503,6.84021,0.04786
1504,6.84232,0.03896
1505,6.84428,0.03001
1506,6.84594,0.02101
1507,6.84710,0.01193
1508,6.84751,0.00279
1509,6.84689,-0.00634
1510,6.84516,-0.01532
1511,6.84229,-0.02401
1512,6.83836,-0.03227
1513,6.83347,-0.04000
1514,6.82777,-0.04716
1515,6.82139,-0.05372
1516,6.81446,-0.05970
1517,6.80709,-0.06513
1518,6.79937,-0.07005
1519,6.79137,-0.07450
1520,6.78315,-0.07851
1521,6.77474,-0.08213
1522,6.76618,-0.08537
1523,6.75750,-0.08828
1524,6.74872,-0.09087
1525,6.73985,-0.09317
1526,6.73092,-0.09518
1527,6.72194,-0.09694
1528,6.71291,-0.09844
1529,6.70384,-0.09970
1530,6.69475,-0.10074
1531,6.68563,-0.10155
1532,6.67649,-0.10214
1533,6.66735,-0.10252
1534,6.65819,-0.10270
1535,6.64904,-0.10267
1536,6.63989,-0.10243
1537,6.63074,-0.10199
1538,6.62161,-0.10135
1539,6.61250,-0.10051
1540,6.60340,-0.09945
1541,6.59434,-0.09819
1542,6.58530,-0.09671
1543,6.57631,-0.09500
1544,6.56736,-0.09307
1545,6.55847,-0.09091
1546,6.54963,-0.08849
1547,6.54088,-0.08582
1548,6.53221,-0.08288
1549,6.52364,-0.07966
1550,6.51519,-0.07614
1551,6.50688,-0.07230
1552,6.49874,-0.06812
1553,6.49078,-0.06360
1554,6.48302,-0.05874
1555,6.47549,-0.05354
1556,6.46819,-0.04801
1557,6.46115,-0.04216
1558,6.45438,-0.03600
1559,6.44788,-0.02955
1560,6.44166,-0.02283
1561,6.43573,-0.01586
1562,6.43009,-0.00865
1563,6.42473,-0.00123
1564,6.41964,0.00638
1565,6.41483,0.01417
1566,6.41028,0.02211
1567,6.40598,0.03019
1568,6.40192,0.03839
1569,6.39808,0.04671
1570,6.39446,0.05512
1571,6.39105,0.06361
1572,6.38782,0.07218
1573,6.38477,0.08081
1574,6.38189,0.08950
1575,6.37915,0.09823
1576,6.37656,0.10701
1577,6.37410,0.11583
1578,6.37175,0.12468
1579,6.36952,0.13356
1580,6.36738,0.14246
1581,6.36533,0.15138
1582,6.36336,0.16032
1583,6.36146,0.16928
1584,6.35962,0.17825
1585,6.35784,0.18722
1586,6.35609,0.19621
1587,6.35439,0.20521
1588,6.35270,0.21420
1589,6.35104,0.22321
1590,6.34939,0.23221
1591,6.34775,0.24122
1592,6.34609,0.25022
1593,6.34443,0.25922
1594,6.34274,0.26822
1595,6.34102,0.27721
1596,6.33927,0.28620
1597,6.33746,0.29517
1598,6.33561,0.30414
1599,6.33368,0.31309
1600,6.33169,0.32202
1601,6.32962,0.33094
1602,6.32749,0.33984
1603,6.32528,0.34873
1604,6.32301,0.35760
1605,6.32067,0.36645
1606,6.31827,0.37528
1607,6.31580,0.38410
1608,6.31326,0.39289
1609,6.31067,0.40167
1610,6.30801,0.41043
1611,6.30529,0.41917
1612,6.30251,0.42790
1613,6.29967,0.43660
1614,6.29678,0.44528
1615,6.29383,0.45395
1616,6.29082,0.46260
1617,6.28777,0.47123
1618,6.28466,0.47984
1619,6.28151,0.48844
1620,6.27831,0.49701
1621,6.27506,0.50557
1622,6.27177,0.51412
1623,6.26844,0.52264
1624,6.26507,0.53116
1625,6.26167,0.53965
1626,6.25822,0.54813
1627,6.25474,0.55660
1628,6.25123,0.56506
1629,6.24769,0.57350
1630,6.24413,0.58193
1631,6.24053,0.59035
1632,6.23692,0.59876
1633,6.23328,0.60716
1634,6.22962,0.61555
1635,6.22595,0.62394
1636,6.22226,0.63232
1637,6.21855,0.64069
1638,6.21484,0.64906
1639,6.21112,0.65742
1640,6.20739,0.66578
1641,6.20365,0.67414
1642,6.19992,0.68250
1643,6.19618,0.69086
1644,6.19245,0.69921
1645,6.18872,0.70757
1646,6.18499,0.71594
1647,6.18127,0.72430
1648,6.17755,0.73267
1649,6.17384,0.74103
1650,6.17013,0.74940
1651,6.16642,0.75778
1652,6.16272,0.76615
1653,6.15902,0.77452
1654,6.15533,0.78290
1655,6.15164,0.79128
1656,6.14795,0.79966
1657,6.14427,0.80804
1658,6.14059,0.81642
1659,6.13691,0.82480
1660,6.13324,0.83319
1661,6.12957,0.84158
1662,6.12590,0.84996
1663,6.12224,0.85835
1664,6.11858,0.86674
1665,6.11492,0.87514
1666,6.11127,0.88353
1667,6.10762,0.89193
1668,6.10397,0.90032
1669,6.10033,0.90872
1670,6.09668,0.91712
1671,6.09305,0.92552
1672,6.08941,0.93392
1673,6.08578,0.94233
1674,6.08215,0.95073
1675,6.07852,0.95914
1676,6.07490,0.96754
1677,6.07127,0.97595
1678,6.06766,0.98436
1679,6.06404,0.99277
1680,6.06042,1.00118
1681,6.05681,1.00959
1682,6.05320,1.01801
1683,6.04960,1.02642
1684,6.04599,1.03484
1685,6.04239,1.04325
1686,6.03879,1.05167
1687,6.03519,1.06009
1688,6.03160,1.06851
1689,6.02800,1.07693
1690,6.02441,1.08535
1691,6.02082,1.09377
1692,6.01723,1.10219
1693,6.01365,1.11062
1694,6.01007,1.11904
1695,6.00648,1.12746
1696,6.00290,1.13589
1697,5.99932,1.14432
1698,5.99575,1.15274
1699,5.99217,1.16117
1700,5.98860,1.16960
1701,5.98503,1.17803
1702,5.98146,1.18646
1703,5.97789,1.19489
1704,5.97432,1.20332
1705,5.97075,1.21175
1706,5.96719,1.22018
1707,5.96363,1.22862
1708,5.96006,1.23705
1709,5.95650,1.24548
1710,5.95294,1.25392
1711,5.94938,1.26235
1712,5.94583,1.27079
1713,5.94227,1.27922
1714,5.93871,1.28766
1715,5.93516,1.29610
1716,5.93161,1.30453
1717,5.92805,1.31297
1718,5.92450,1.32141
1719,5.92095,1.32984
1720,5.91740,1.33828
1721,5.91385,1.34672
1722,5.91030,1.35516
1723,5.90675,1.36360
1724,5.90320,1.37204
1725,5.89966,1.38048
1726,5.89611,1.38892
1727,5.89256,1.39736
1728,5.88901,1.40580
1729,5.88547,1.41424
1730,5.88192,1.42268
1731,5.87838,1.43112
1732,5.87483,1.43956
1733,5.87129,1.44800
1734,5.86774,1.45644
1735,5.86420,1.46488
1736,5.86065,1.47332
1737,5.85711,1.48176
1738,5.85356,1.49020
1739,5.85002,1.49864
1740,5.84647,1.50708
1741,5.84292,1.51552
1742,5.83938,1.52396
1743,5.83583,1.53240
1744,5.83229,1.54084
1745,5.82874,1.54928
1746,5.82519,1.55772
1747,5.82164,1.56616
1748,5.81810,1.57460
1749,5.81455,1.58304
1750,5.81100,1.59148
1751,5.80745,1.59991
1752,5.80390,1.60835
1753,5.80035,1.61679
1754,5.79680,1.62523
1755,5.79324,1.63367
1756,5.78969,1.64210
1757,5.78613,1.65054
1758,5.78258,1.65897
1759,5.77902,1.66741
1760,5.77547,1.67585
1761,5.77191,1.68428
1762,5.76835,1.69271
1763,5.76479,1.70115
1764,5.76123,1.70958
1765,5.75766,1.71802
1766,5.75410,1.72645
1767,5.75053,1.73488
1768,5.74697,1.74331
1769,5.74340,1.75174
1770,5.73983,1.76017
1771,5.73626,1.76860
1772,5.73268,1.77703
1773,5.72911,1.78546
1774,5.72553,1.79388
1775,5.72196,1.80231
1776,5.71838,1.81074
1777,5.71479,1.81916
1778,5.71121,1.82759
1779,5.70763,1.83601
1780,5.70404,1.84443
1781,5.70045,1.85286
1782,5.69686,1.86128
1783,5.69327,1.86970
1784,5.68968,1.87812
1785,5.68608,1.88654
1786,5.68248,1.89496
1787,5.67888,1.90337
1788,5.67528,1.91179
1789,5.67168,1.92021
1790,5.66808,1.92862
1791,5.66447,1.93703
1792,5.66086,1.94545
1793,5.65725,1.95386
1794,5.65364,1.96227
1795,5.65002,1.97068
1796,5.64641,1.97909
1797,5.64279,1.98750
1798,5.63917,1.99591
1799,5.63555,2.00432
1800,5.63193,2.01273
1801,5.62830,2.02114
1802,5.62468,2.02954
1803,5.62105,2.03795
1804,5.61742,2.04635
1805,5.61379,2.05475
1806,5.61015,2.06316
1807,5.60652,2.07156
1808,5.60288,2.07996
1809,5.59924,2.08836
1810,5.59560,2.09676
1811,5.59196,2.10516
1812,5.58831,2.11356
1813,5.58467,2.12195
1814,5.58102,2.13035
1815,5.57737,2.13875
1816,5.57372,2.14714
1817,5.57006,2.15553
1818,5.56641,2.16393
1819,5.56275,2.17232
1820,5.55909,2.18071
1821,5.55543,2.18910
1822,5.55177,2.19749
1823,5.54811,2.20588
1824,5.54444,2.21427
1825,5.54077,2.22266
1826,5.53710,2.23105
1827,5.53343,2.23943
1828,5.52976,2.24782
1829,5.52609,2.25620
1830,5.52241,2.26459
1831,5.51873,2.27297
1832,5.51505,2.28135
1833,5.51137,2.28974
1834,5.50769,2.29812
1835,5.50400,2.30650
1836,5.50031,2.31488
1837,5.49662,2.32326
1838,5.49293,2.33163
1839,5.48924,2.34001
1840,5.48555,2.34839
1841,5.48185,2.35676
1842,5.47815,2.36514
1843,5.47446,2.37351
1844,5.47075,2.38188
1845,5.46705,2.39026
1846,5.46335,2.39863
1847,5.45964,2.40700
1848,5.45593,2.41537
1849,5.45222,2.42374
1850,5.44851,2.43211
1851,5.44480,2.44048
1852,5.44108,2.44884
1853,5.43737,2.45721
1854,5.43365,2.46557
1855,5.42993,2.47394
1856,5.42621,2.48230
1857,5.42248,2.49067
1858,5.41876,2.49903
1859,5.41503,2.50739
1860,5.41130,2.51575
1861,5.40757,2.52411
1862,5.40384,2.53247
1863,5.40011,2.54083
1864,5.39637,2.54919
1865,5.39263,2.55754
1866,5.38889,2.56590
1867,5.38515,2.57426
1868,5.38141,2.58261
1869,5.37767,2.59097
1870,5.37392,2.59932
1871,5.37017,2.60767
1872,5.36642,2.61602
1873,5.36267,2.62437
1874,5.35892,2.63272
1875,5.35517,2.64107
1876,5.35141,2.64942
1877,5.34765,2.65777
1878,5.34389,2.66612
1879,5.34013,2.67446
1880,5.33637,2.68281
1881,5.33260,2.69115
1882,5.32884,2.69950
1883,5.32507,2.70784
1884,5.32130,2.71618
1885,5.31753,2.72453
1886,5.31376,2.73287
1887,5.30998,2.74121
1888,5.30620,2.74955
1889,5.30243,2.75789
1890,5.29865,2.76622
1891,5.29486,2.77456
1892,5.29108,2.78290
1893,5.28730,2.79123
1894,5.28351,2.79957
1895,5.27972,2.80790
1896,5.27593,2.81624
1897,5.27214,2.82457
1898,5.26835,2.83290
1899,5.26455,2.84123
1900,5.26076,2.84956
1901,5.25696,2.85789
1902,5.25316,2.86622
1903,5.24936,2.87455
1904,5.24555,2.88288
1905,5.24175,2.89120
1906,5.23794,2.89953
1907,5.23413,2.90785
1908,5.23032,2.91618
1909,5.22651,2.92450
1910,5.22270,2.93282
1911,5.21889,2.94115
1912,5.21507,2.94947
1913,5.21125,2.95779
1914,5.20743,2.96611
1915,5.20361,2.97443
1916,5.19979,2.98274
1917,5.19596,2.99106
1918,5.19214,2.99938
1919,5.18831,3.00770
1920,5.18448,3.01601
1921,5.18065,3.02432
1922,5.17682,3.03264
1923,5.17298,3.04095
1924,5.16914,3.04926
1925,5.16531,3.05758
1926,5.16147,3.06589
1927,5.15763,3.07420
1928,5.15378,3.08251
1929,5.14994,3.09081
1930,5.14609,3.09912
1931,5.14225,3.10743
1932,5.13840,3.11573
1933,5.13455,3.12404
1934,5.13070,3.13235
1935,5.12684,3.14065
1936,5.12299,3.14895
1937,5.11913,3.15725
1938,5.11527,3.16556
1939,5.11141,3.17386
1940,5.10755,3.18216
1941,5.10368,3.19046
1942,5.09982,3.19876
1943,5.09595,3.20705
1944,5.09208,3.21535
1945,5.08821,3.22365
1946,5.08434,3.23194
1947,5.08047,3.24024
1948,5.07659,3.24853
1949,5.07272,3.25683
1950,5.06884,3.26512
1951,5.06496,3.27341
1952,5.06108,3.28170
1953,5.05720,3.28999
1954,5.05331,3.29828
1955,5.04943,3.30657
1956,5.04554,3.31486
1957,5.04165,3.32315
1958,5.03776,3.33143
1959,5.03387,3.33972
1960,5.02997,3.34801
1961,5.02608,3.35629
1962,5.02218,3.36457
1963,5.01828,3.37286
1964,5.01438,3.38114
1965,5.01048,3.38942
1966,5.00658,3.39770
1967,5.00267,3.40598
1968,4.99877,3.41426
1969,4.99486,3.42254
1970,4.99095,3.43082
1971,4.98704,3.43910
1972,4.98313,3.44737
1973,4.97921,3.45565
1974,4.97530,3.46392
1975,4.97138,3.47220
1976,4.96746,3.48047
1977,4.96354,3.48874
1978,4.95962,3.49702
1979,4.95569,3.50529
1980,4.95177,3.51356
1981,4.94784,3.52183
1982,4.94391,3.53010
1983,4.93998,3.53837
1984,4.93605,3.54663
1985,4.93212,3.55490
1986,4.92819,3.56317
1987,4.92425,3.57143
1988,4.92031,3.57970
1989,4.91637,3.58796
1990,4.91243,3.59622
1991,4.90849,3.60449
1992,4.90455,3.61275
1993,4.90060,3.62101
1994,4.89666,3.62927
1995,4.89271,3.63753
1996,4.88876,3.64579
1997,4.88481,3.65405
1998,4.88086,3.66230
1999,4.87690,3.67056
2000,4.87295,3.67882
2001,4.86899,3.68707
2002,4.86503,3.69533
2003,4.86107,3.70358
2004,4.85711,3.71183
2005,4.85314,3.72009
2006,4.84918,3.72834
2007,4.84521,3.73659
2008,4.84125,3.74484
2009,4.83728,3.75309
2010,4.83331,3.76134
2011,4.82933,3.76958
2012,4.82536,3.77783
2013,4.82138,3.78608
2014,4.81741,3.79432
2015,4.81343,3.80257
2016,4.80945,3.81081
2017,4.80547,3.81906
2018,4.80149,3.82730
2019,4.79750,3.83554
2020,4.79352,3.84378
2021,4.78953,3.85203
2022,4.78554,3.86027
2023,4.78155,3.86850
2024,4.77756,3.87674
2025,4.77356,3.88498
2026,4.76957,3.89322
2027,4.76557,3.90146
2028,4.76158,3.90969
2029,4.75758,3.91793
2030,4.75358,3.92616
2031,4.74957,3.93439
2032,4.74557,3.94263
2033,4.74157,3.95086
2034,4.73756,3.95909
2035,4.73355,3.96732
2036,4.72954,3.97555
2037,4.72553,3.98378
2038,4.72152,3.99201
2039,4.71751,4.00024
2040,4.71349,4.00846
2041,4.70947,4.01669
2042,4.70546,4.02492
2043,4.70144,4.03314
2044,4.69742,4.04137
2045,4.69339,4.04959
2046,4.68937,4.05781
2047,4.68534,4.06604
2048,4.68132,4.07426
2049,4.67729,4.08248
2050,4.67326,4.09070
2051,4.66923,4.09892
2052,4.66520,4.10714
2053,4.66116,4.11535
2054,4.65713,4.12357
2055,4.65309,4.13179
2056,4.64905,4.14000
2057,4.64501,4.14822
2058,4.64097,4.15643
2059,4.63693,4.16465
2060,4.63288,4.17286
2061,4.62884,4.18107
2062,4.62479,4.18928
2063,4.62074,4.19750
2064,4.61669,4.20571
2065,4.61264,4.21392
2066,4.60859,4.22212
2067,4.60454,4.23033
2068,4.60048,4.23854
2069,4.59643,4.24675
2070,4.59237,4.25495
2071,4.58831,4.26316
2072,4.58425,4.27136
2073,4.58018,4.27957
2074,4.57612,4.28777
2075,4.57206,4.29597
2076,4.56799,4.30418
2077,4.56392,4.31238
2078,4.55985,4.32058
2079,4.55578,4.32878
2080,4.55171,4.33698
2081,4.54763,4.34517
2082,4.54356,4.35337
2083,4.53948,4.36157
2084,4.53541,4.36977
2085,4.53133,4.37796
2086,4.52725,4.38616
2087,4.52316,4.39435
2088,4.51908,4.40254
2089,4.51500,4.41074
2090,4.51091,4.41893
2091,4.50682,4.42712
2092,4.50273,4.43531
2093,4.49864,4.44350
2094,4.49455,4.45169
2095,4.49046,4.45988
2096,4.48636,4.46807
2097,4.48227,4.47626
2098,4.47817,4.48444
2099,4.47407,4.49263
2100,4.46997,4.50081
2101,4.46587,4.50900
2102,4.46177,4.51718
2103,4.45767,4.52537
2104,4.45356,4.53355
2105,4.44945,4.54173
2106,4.44534,4.54991
2107,4.44123,4.55809
2108,4.43712,4.56627
2109,4.43301,4.57445
2110,4.42890,4.58263
2111,4.42478,4.59081
2112,4.42066,4.59898
2113,4.41654,4.60716
2114,4.41242,4.61533
2115,4.40830,4.62351
2116,4.40418,4.63168
2117,4.40006,4.63985
2118,4.39593,4.64803
2119,4.39180,4.65620
2120,4.38767,4.66437
2121,4.38354,4.67254
2122,4.37941,4.68071
2123,4.37527,4.68888
2124,4.37114,4.69704
2125,4.36700,4.70521
2126,4.36286,4.71338
2127,4.35872,4.72154
2128,4.35458,4.72970
2129,4.35044,4.73787
2130,4.34629,4.74603
2131,4.34215,4.75419
2132,4.33800,4.76235
2133,4.33385,4.77051
2134,4.32970,4.77867
2135,4.32555,4.78683
2136,4.32139,4.79499
2137,4.31724,4.80315
2138,4.31308,4.81130
2139,4.30892,4.81946
2140,4.30476,4.82761
2141,4.30060,4.83577
2142,4.29643,4.84392
2143,4.29227,4.85207
2144,4.28810,4.86022
2145,4.28393,4.86837
2146,4.27976,4.87652
2147,4.27559,4.88467
2148,4.27141,4.89282
2149,4.26723,4.90096
2150,4.26306,4.90911
2151,4.25888,4.91726
2152,4.25470,4.92540
2153,4.25051,4.93354
2154,4.24633,4.94169
2155,4.24214,4.94983
2156,4.23795,4.95797
2157,4.23377,4.96611
2158,4.22957,4.97425
2159,4.22538,4.98238
2160,4.22119,4.99052
2161,4.21699,4.99866
2162,4.21279,5.00679
2163,4.20859,5.01493
2164,4.20439,5.02306
2165,4.20018,5.03119
2166,4.19598,5.03932
2167,4.19177,5.04745
2168,4.18756,5.05558
2169,4.18335,5.06371
2170,4.17914,5.07184
2171,4.17492,5.07997
2172,4.17071,5.08809
2173,4.16649,5.09622
2174,4.16227,5.10434
2175,4.15804,5.11246
2176,4.15382,5.12059
2177,4.14959,5.12871
2178,4.14537,5.13683
2179,4.14114,5.14495
2180,4.13691,5.15306
2181,4.13267,5.16118
2182,4.12844,5.16930
2183,4.12420,5.17741
2184,4.11996,5.18553
2185,4.11572,5.19364
2186,4.11148,5.20175
2187,4.10723,5.20986
2188,4.10299,5.21797
2189,4.09874,5.22608
2190,4.09449,5.23419
2191,4.09023,5.24230
2192,4.08598,5.25040
2193,4.08172,5.25851
2194,4.07747,5.26661
2195,4.07320,5.27472
2196,4.06894,5.28282
2197,4.06468,5.29092
2198,4.06041,5.29902
2199,4.05614,5.30712
2200,4.05187,5.31521
2201,4.04760,5.32331
2202,4.04333,5.33141
2203,4.03905,5.33950
2204,4.03477,5.34760
2205,4.03049,5.35569
2206,4.02621,5.36378
2207,4.02193,5.37187
2208,4.01764,5.37996
2209,4.01335,5.38805
2210,4.00906,5.39613
2211,4.00477,5.40422
2212,4.00047,5.41230
2213,3.99618,5.42039
2214,3.99188,5.42847
2215,3.98758,5.43655
2216,3.98327,5.44463
2217,3.97897,5.45271
2218,3.97466,5.46079
2219,3.97035,5.46887
2220,3.96604,5.47694
2221,3.96173,5.48502
2222,3.95741,5.49309
2223,3.95309,5.50116
2224,3.94877,5.50924
2225,3.94445,5.51731
2226,3.94013,5.52538
2227,3.93580,5.53344
2228,3.93147,5.54151
2229,3.92714,5.54958
2230,3.92281,5.55764
2231,3.91847,5.56570
2232,3.91414,5.57377
2233,3.90980,5.58183
2234,3.90546,5.58989
2235,3.90111,5.59794
2236,3.89677,5.60600
2237,3.89242,5.61406
2238,3.88807,5.62211
2239,3.88372,5.63017
2240,3.87936,5.63822
2241,3.87500,5.64627
2242,3.87064,5.65432
2243,3.86628,5.66237
2244,3.86192,5.67042
2245,3.85755,5.67846
2246,3.85319,5.68651
2247,3.84881,5.69455
2248,3.84444,5.70260
2249,3.84007,5.71064
2250,3.83569,5.71868
2251,3.83131,5.72672
2252,3.82693,5.73476
2253,3.82254,5.74279
2254,3.81816,5.75083
2255,3.81377,5.75886
2256,3.80938,5.76689
2257,3.80498,5.77493
2258,3.80059,5.78296
2259,3.79619,5.79099
2260,3.79179,5.79901
2261,3.78739,5.80704
2262,3.78298,5.81506
2263,3.77857,5.82309
2264,3.77416,5.83111
2265,3.76975,5.83913
2266,3.76534,5.84715
2267,3.76092,5.85517
2268,3.75650,5.86319
2269,3.75208,5.87120
2270,3.74765,5.87922
2271,3.74323,5.88723
2272,3.73880,5.89524
2273,3.73437,5.90325
2274,3.72993,5.91126
2275,3.72550,5.91927
2276,3.72106,5.92728
2277,3.71662,5.93528
2278,3.71217,5.94329
2279,3.70773,5.95129
2280,3.70328,5.95929
2281,3.69883,5.96729
2282,3.69437,5.97529
2283,3.68992,5.98329
2284,3.68546,5.99128
2285,3.68100,5.99928
2286,3.67653,6.00727
2287,3.67207,6.01526
2288,3.66760,6.02325
2289,3.66313,6.03124
2290,3.65866,6.03923
2291,3.65418,6.04721
2292,3.64970,6.05520
2293,3.64522,6.06318
2294,3.64074,6.07116
2295,3.63625,6.07914
2296,3.63176,6.08712
2297,3.62727,6.09510
2298,3.62278,6.10308
2299,3.61828,6.11105
2300,3.61378,6.11902
2301,3.60928,6.12699
2302,3.60478,6.13496
2303,3.60027,6.14293
2304,3.59576,6.15090
2305,3.59125,6.15887
2306,3.58673,6.16683
2307,3.58222,6.17479
2308,3.57770,6.18275
2309,3.57318,6.19071
2310,3.56865,6.19867
2311,3.56412,6.20663
2312,3.55959,6.21458
2313,3.55506,6.22254
2314,3.55053,6.23049
2315,3.54599,6.23844
2316,3.54145,6.24639
2317,3.53690,6.25434
2318,3.53236,6.26228
2319,3.52781,6.27023
2320,3.52326,6.27817
2321,3.51870,6.28611
2322,3.51415,6.29405
2323,3.50959,6.30199
2324,3.50502,6.30993
2325,3.50046,6.31786
2326,3.49589,6.32580
2327,3.49132,6.33373
2328,3.48675,6.34166
2329,3.48217,6.34959
2330,3.47759,6.35752
2331,3.47301,6.36544
2332,3.46843,6.37337
2333,3.46384,6.38129
2334,3.45925,6.38921
2335,3.45466,6.39713
2336,3.45007,6.40505
2337,3.44547,6.41297
2338,3.44087,6.42088
2339,3.43626,6.42879
2340,3.43166,6.43671
2341,3.42705,6.44462
2342,3.42244,6.45252
2343,3.41782,6.46043
2344,3.41321,6.46834
2345,3.40859,6.47624
2346,3.40396,6.48414
2347,3.39934,6.49204
2348,3.39471,6.49994
2349,3.39008,6.50784
2350,3.38544,6.51573
2351,3.38081,6.52362
2352,3.37616,6.53152
2353,3.37152,6.53941
2354,3.36688,6.54729
2355,3.36223,6.55518
2356,3.35758,6.56307
2357,3.35292,6.57095
2358,3.34826,6.57883
2359,3.34360,6.58671
2360,3.33894,6.59459
2361,3.33428,6.60247
2362,3.32961,6.61034
2363,3.32493,6.61821
2364,3.32026,6.62608
2365,3.31558,6.63395
2366,3.31090,6.64182
2367,3.30622,6.64969
2368,3.30153,6.65755
2369,3.29684,6.66541
2370,3.29215,6.67327
2371,3.28745,6.68113
2372,3.28276,6.68899
2373,3.27805,6.69685
2374,3.27335,6.70470
2375,3.26864,6.71255
2376,3.26393,6.72040
2377,3.25922,6.72825
2378,3.25450,6.73610
2379,3.24978,6.74394
2380,3.24506,6.75178
2381,3.24034,6.75962
2382,3.23561,6.76746
2383,3.23088,6.77530
2384,3.22614,6.78314
2385,3.22141,6.79097
2386,3.21667,6.79880
2387,3.21192,6.80663
2388,3.20718,6.81446
2389,3.20243,6.82229
2390,3.19767,6.83011
2391,3.19292,6.83793
2392,3.18816,6.84575
2393,3.18340,6.85357
2394,3.17863,6.86139
2395,3.17386,6.86920
2396,3.16909,6.87702
2397,3.16432,6.88483
2398,3.15954,6.89264
2399,3.15476,6.90045
2400,3.14998,6.90825
2401,3.14519,6.91605
2402,3.14040,6.92386
2403,3.13561,6.93166
2404,3.13081,6.93945
2405,3.12601,6.94725
2406,3.12121,6.95504
2407,3.11641,6.96284
2408,3.11160,6.97063
2409,3.10679,6.97841
2410,3.10197,6.98620
2411,3.09715,6.99399
2412,3.09233,7.00177
2413,3.08751,7.00955
2414,3.08268,7.01733
2415,3.07785,7.02510
2416,3.07301,7.03288
2417,3.06818,7.04065
2418,3.06334,7.04842
2419,3.05849,7.05619
2420,3.05365,7.06395
2421,3.04880,7.07172
2422,3.04394,7.07948
2423,3.03909,7.08724
2424,3.03423,7.09500
2425,3.02936,7.10276
2426,3.02450,7.11051
2427,3.01963,7.11826
2428,3.01475,7.12601
2429,3.00988,7.13376
2430,3.00500,7.14150
2431,3.00011,7.14925
2432,2.99523,7.15699
2433,2.99034,7.16473
2434,2.98544,7.17247
2435,2.98055,7.18020
2436,2.97565,7.18793
2437,2.97074,7.19567
2438,2.96584,7.20339
2439,2.96093,7.21112
2440,2.95601,7.21885
2441,2.95110,7.22657
2442,2.94618,7.23429
2443,2.94125,7.24201
2444,2.93633,7.24972
2445,2.93140,7.25744
2446,2.92646,7.26515
2447,2.92152,7.27286
2448,2.91658,7.28056
2449,2.91164,7.28827
2450,2.90669,7.29597
2451,2.90174,7.30367
2452,2.89679,7.31137
2453,2.89183,7.31906
2454,2.88687,7.32676
2455,2.88190,7.33445
2456,2.87693,7.34214
2457,2.87196,7.34983
2458,2.86698,7.35751
2459,2.86201,7.36519
2460,2.85702,7.37287
2461,2.85204,7.38055
2462,2.84705,7.38822
2463,2.84205,7.39590
2464,2.83706,7.40357
2465,2.83206,7.41124
2466,2.82705,7.41890
2467,2.82204,7.42657
2468,2.81703,7.43423
2469,2.81202,7.44189
2470,2.80700,7.44954
2471,2.80198,7.45720
2472,2.79695,7.46485
2473,2.79192,7.47250
2474,2.78689,7.48015
2475,2.78185,7.48779
2476,2.77681,7.49543
2477,2.77177,7.50307
2478,2.76672,7.51071
2479,2.76167,7.51834
2480,2.75661,7.52598
2481,2.75155,7.53361
2482,2.74649,7.54123
2483,2.74143,7.54886
2484,2.73636,7.55648
2485,2.73128,7.56410
2486,2.72620,7.57172
2487,2.72112,7.57933
2488,2.71604,7.58695
2489,2.71095,7.59456
2490,2.70586,7.60217
2491,2.70076,7.60977
2492,2.69566,7.61737
2493,2.69056,7.62497
2494,2.68545,7.63257
2495,2.68034,7.64017
2496,2.67522,7.64776
2497,2.67011,7.65535
2498,2.66498,7.66294
2499,2.65986,7.67052
2500,2.65473,7.67810
2501,2.64959,7.68568
2502,2.64445,7.69326
2503,2.63931,7.70083
2504,2.63417,7.70841
2505,2.62902,7.71597
2506,2.62386,7.72354
2507,2.61871,7.73110
2508,2.61355,7.73867
2509,2.60838,7.74622
2510,2.60321,7.75378
2511,2.59804,7.76133
2512,2.59286,7.76888
2513,2.58768,7.77643
2514,2.58250,7.78398
2515,2.57731,7.79152
2516,2.57212,7.79906
2517,2.56692,7.80660
2518,2.56172,7.81413
2519,2.55652,7.82166
2520,2.55131,7.82919
2521,2.54610,7.83672
2522,2.54088,7.84424
2523,2.53566,7.85176
2524,2.53044,7.85928
2525,2.52521,7.86679
2526,2.51998,7.87431
2527,2.51474,7.88182
2528,2.50950,7.88932
2529,2.50426,7.89683
2530,2.49901,7.90433
2531,2.49376,7.91183
2532,2.48850,7.91932
2533,2.48324,7.92681
2534,2.47797,7.93430
2535,2.47271,7.94179
2536,2.46743,7.94928
2537,2.46216,7.95676
2538,2.45688,7.96423
2539,2.45159,7.97171
2540,2.44630,7.97918
2541,2.44101,7.98665
2542,2.43571,7.99412
2543,2.43041,8.00158
2544,2.42511,8.00904
2545,2.41980,8.01650
2546,2.41449,8.02396
2547,2.40917,8.03141
2548,2.40385,8.03886
2549,2.39852,8.04630
2550,2.39319,8.05375
2551,2.38786,8.06119
2552,2.38252,8.06862
2553,2.37717,8.07606
2554,2.37183,8.08349
2555,2.36647,8.09092
2556,2.36112,8.09834
2557,2.35576,8.10576
2558,2.35039,8.11318
2559,2.34502,8.12059
2560,2.33964,8.12800
2561,2.33426,8.13541
2562,2.32888,8.14281
2563,2.32349,8.15021
2564,2.31809,8.15760
2565,2.31269,8.16500
2566,2.30728,8.17238
2567,2.30187,8.17977
2568,2.29646,8.18715
2569,2.29104,8.19453
2570,2.28561,8.20190
2571,2.28018,8.20927
2572,2.27474,8.21663
2573,2.26930,8.22399
2574,2.26385,8.23135
2575,2.25839,8.23870
2576,2.25293,8.24605
2577,2.24747,8.25340
2578,2.24200,8.26074
2579,2.23652,8.26807
2580,2.23104,8.27540
2581,2.22555,8.28273
2582,2.22006,8.29005
2583,2.21456,8.29737
2584,2.20905,8.30469
2585,2.20354,8.31200
2586,2.19802,8.31930
2587,2.19249,8.32660
2588,2.18696,8.33389
2589,2.18143,8.34118
2590,2.17588,8.34847
2591,2.17033,8.35575
2592,2.16478,8.36303
2593,2.15921,8.37030
2594,2.15364,8.37756
2595,2.14807,8.38482
2596,2.14249,8.39208
2597,2.13690,8.39933
2598,2.13130,8.40658
2599,2.12570,8.41382
2600,2.12009,8.42105
2601,2.11447,8.42828
2602,2.10885,8.43550
2603,2.10322,8.44272
2604,2.09758,8.44994
2605,2.09194,8.45715
2606,2.08629,8.46435
2607,2.08063,8.47154
2608,2.07497,8.47874
2609,2.06929,8.48592
2610,2.06361,8.49310
2611,2.05793,8.50027
2612,2.05223,8.50744
2613,2.04653,8.51460
2614,2.04082,8.52176
2615,2.03510,8.52891
2616,2.02938,8.53605
2617,2.02365,8.54319
2618,2.01791,8.55032
2619,2.01216,8.55745
2620,2.00640,8.56457
2621,2.00064,8.57168
2622,1.99487,8.57879
2623,1.98909,8.58589
2624,1.98330,8.59298
2625,1.97751,8.60007
2626,1.97171,8.60715
2627,1.96590,8.61423
2628,1.96008,8.62129
2629,1.95425,8.62835
2630,1.94841,8.63541
2631,1.94257,8.64246
2632,1.93672,8.64950
2633,1.93086,8.65653
2634,1.92499,8.66356
2635,1.91911,8.67058
2636,1.91323,8.67759
2637,1.90734,8.68459
2638,1.90143,8.69159
2639,1.89552,8.69858
2640,1.88960,8.70556
2641,1.88367,8.71254
2642,1.87774,8.71951
2643,1.87179,8.72647
2644,1.86584,8.73342
2645,1.85987,8.74037
2646,1.85390,8.74731
2647,1.84792,8.75424
2648,1.84193,8.76116
2649,1.83593,8.76808
2650,1.82992,8.77498
2651,1.82391,8.78188
2652,1.81788,8.78878
2653,1.81184,8.79566
2654,1.80580,8.80253
2655,1.79974,8.80940
2656,1.79368,8.81626
2657,1.78761,8.82311
2658,1.78153,8.82995
2659,1.77543,8.83679
2660,1.76933,8.84361
2661,1.76322,8.85043
2662,1.75710,8.85724
2663,1.75097,8.86404
2664,1.74483,8.87083
2665,1.73869,8.87761
2666,1.73253,8.88438
2667,1.72636,8.89115
2668,1.72018,8.89790
2669,1.71399,8.90465
2670,1.70780,8.91139
2671,1.70159,8.91812
2672,1.69537,8.92484
2673,1.68914,8.93155
2674,1.68291,8.93825
2675,1.67666,8.94494
2676,1.67040,8.95162
2677,1.66413,8.95830
2678,1.65786,8.96496
2679,1.65157,8.97161
2680,1.64527,8.97826
2681,1.63896,8.98489
2682,1.63265,8.99152
2683,1.62632,8.99813
2684,1.61998,9.00474
2685,1.61363,9.01133
2686,1.60727,9.01792
2687,1.60090,9.02449
2688,1.59452,9.03106
2689,1.58813,9.03761
2690,1.58173,9.04416
2691,1.57531,9.05069
2692,1.56889,9.05722
2693,1.56246,9.06373
2694,1.55602,9.07023
2695,1.54956,9.07672
2696,1.54310,9.08321
2697,1.53662,9.08968
2698,1.53013,9.09614
2699,1.52364,9.10259
2700,1.51713,9.10902
2701,1.51061,9.11545
2702,1.50408,9.12187
2703,1.49754,9.12827
2704,1.49099,9.13467
2705,1.48443,9.14105
2706,1.47785,9.14742
2707,1.47127,9.15378
2708,1.46467,9.16013
2709,1.45807,9.16647
2710,1.45145,9.17280
2711,1.44482,9.17911
2712,1.43818,9.18541
2713,1.43153,9.19170
2714,1.42487,9.19798
2715,1.41819,9.20425
2716,1.41151,9.21051
2717,1.40481,9.21675
2718,1.39811,9.22298
2719,1.39139,9.22920
2720,1.38466,9.23540
2721,1.37792,9.24160
2722,1.37117,9.24778
2723,1.36440,9.25395
2724,1.35763,9.26011
2725,1.35084,9.26625
2726,1.34404,9.27238
2727,1.33723,9.27850
2728,1.33041,9.28461
2729,1.32358,9.29070
2730,1.31673,9.29678
2731,1.30988,9.30285
2732,1.30301,9.30890
2733,1.29613,9.31494
2734,1.28924,9.32097
2735,1.28234,9.32698
2736,1.27542,9.33298
2737,1.26850,9.33897
2738,1.26156,9.34494
2739,1.25461,9.35090
2740,1.24765,9.35684
2741,1.24068,9.36278
2742,1.23369,9.36869
2743,1.22669,9.37460
2744,1.21969,9.38049
2745,1.21267,9.38636
2746,1.20563,9.39223
2747,1.19859,9.39807
2748,1.19153,9.40391
2749,1.18447,9.40972
2750,1.17739,9.41553
2751,1.17029,9.42132
2752,1.16319,9.42709
2753,1.15607,9.43285
2754,1.14895,9.43859
2755,1.14181,9.44432
2756,1.13465,9.45004
2757,1.12749,9.45574
2758,1.12031,9.46142
2759,1.11313,9.46709
2760,1.10592,9.47275
2761,1.09871,9.47838
2762,1.09149,9.48401
2763,1.08425,9.48961
2764,1.07700,9.49520
2765,1.06974,9.50078
2766,1.06247,9.50634
2767,1.05518,9.51188
2768,1.04788,9.51741
2769,1.04058,9.52292
2770,1.03325,9.52842
2771,1.02592,9.53390
2772,1.01857,9.53936
2773,1.01121,9.54481
2774,1.00384,9.55023
2775,0.99646,9.55565
2776,0.98907,9.56104
2777,0.98166,9.56642
2778,0.97424,9.57179
2779,0.96681,9.57713
2780,0.95936,9.58246
2781,0.95190,9.58777
2782,0.94444,9.59306
2783,0.93695,9.59834
2784,0.92946,9.60360
2785,0.92196,9.60884
2786,0.91444,9.61407
2787,0.90691,9.61927
2788,0.89937,9.62446
2789,0.89181,9.62963
2790,0.88424,9.63478
2791,0.87666,9.63992
2792,0.86907,9.64504
2793,0.86147,9.65013
2794,0.85385,9.65521
2795,0.84623,9.66028
2796,0.83859,9.66532
2797,0.83093,9.67034
2798,0.82327,9.67535
2799,0.81559,9.68034
2800,0.80790,9.68530
2801,0.80020,9.69025
2802,0.79249,9.69518
2803,0.78476,9.70009
2804,0.77702,9.70499
2805,0.76927,9.70986
2806,0.76151,9.71471
2807,0.75373,9.71955
2808,0.74595,9.72436
2809,0.73815,9.72915
2810,0.73034,9.73393
2811,0.72252,9.73868
2812,0.71468,9.74342
2813,0.70683,9.74813
2814,0.69897,9.75283
2815,0.69110,9.75750
2816,0.68322,9.76216
2817,0.67532,9.76679
2818,0.66742,9.77141
2819,0.65950,9.77600
2820,0.65157,9.78057
2821,0.64363,9.78514
2822,0.63570,9.78970
2823,0.62777,9.79429
2824,0.61987,9.79891
2825,0.61199,9.80357
2826,0.60415,9.80829
2827,0.59635,9.81308
2828,0.58859,9.81794
2829,0.58087,9.82287
2830,0.57320,9.82786
2831,0.56557,9.83292
2832,0.55798,9.83804
2833,0.55044,9.84323
2834,0.54293,9.84847
2835,0.53547,9.85378
2836,0.52805,9.85914
2837,0.52067,9.86455
2838,0.51333,9.87002
2839,0.50603,9.87555
2840,0.49877,9.88113
2841,0.49155,9.88676
2842,0.48437,9.89243
2843,0.47723,9.89816
2844,0.47013,9.90394
2845,0.46306,9.90976
2846,0.45604,9.91563
2847,0.44906,9.92156
2848,0.44212,9.92753
2849,0.43522,9.93355
2850,0.42836,9.93961
2851,0.42155,9.94572
2852,0.41478,9.95189
2853,0.40805,9.95809
2854,0.40137,9.96435
2855,0.39473,9.97065
2856,0.38813,9.97700
2857,0.38158,9.98339
2858,0.37507,9.98984
2859,0.36861,9.99632
2860,0.36220,10.00285
2861,0.35583,10.00943
2862,0.34951,10.01605
2863,0.34324,10.02272
2864,0.33702,10.02944
2865,0.33084,10.03619
2866,0.32471,10.04299
2867,0.31863,10.04984
2868,0.31260,10.05673
2869,0.30662,10.06366
2870,0.30070,10.07064
2871,0.29482,10.07766
2872,0.28899,10.08472
2873,0.28322,10.09182
2874,0.27749,10.09897
2875,0.27182,10.10615
2876,0.26620,10.11338
2877,0.26064,10.12065
2878,0.25512,10.12795
2879,0.24966,10.13530
2880,0.24425,10.14269
2881,0.23890,10.15011
2882,0.23359,10.15757
2883,0.22834,10.16508
2884,0.22315,10.17261
2885,0.21801,10.18019
2886,0.21292,10.18780
2887,0.20789,10.19545
2888,0.20291,10.20313
2889,0.19799,10.21085
2890,0.19312,10.21860
2891,0.18831,10.22639
2892,0.18356,10.23421
2893,0.17885,10.24207
2894,0.17421,10.24996
2895,0.16962,10.25788
2896,0.16509,10.26583
2897,0.16062,10.27382
2898,0.15620,10.28184
2899,0.15184,10.28989
2900,0.14753,10.29797
2901,0.14329,10.30608
2902,0.13910,10.31422
2903,0.13497,10.32239
2904,0.13089,10.33059
2905,0.12688,10.33882
2906,0.12293,10.34707
2907,0.11903,10.35536
2908,0.11519,10.36367
2909,0.11141,10.37201
2910,0.10770,10.38037
2911,0.10404,10.38876
2912,0.10044,10.39718
2913,0.09690,10.40562
2914,0.09342,10.41409
2915,0.09000,10.42259
2916,0.08665,10.43110
2917,0.08335,10.43964
2918,0.08012,10.44821
2919,0.07695,10.45680
2920,0.07384,10.46541
2921,0.07079,10.47404
2922,0.06780,10.48269
2923,0.06488,10.49137
2924,0.06201,10.50006
2925,0.05922,10.50878
2926,0.05648,10.51752
2927,0.05381,10.52627
2928,0.05120,10.53505
2929,0.04866,10.54384
2930,0.04617,10.55265
2931,0.04376,10.56148
2932,0.04140,10.57033
2933,0.03911,10.57919
2934,0.03689,10.58807
2935,0.03472,10.59697
2936,0.03263,10.60588
2937,0.03059,10.61481
2938,0.02862,10.62375
2939,0.02671,10.63270
2940,0.02487,10.64167
2941,0.02309,10.65065
2942,0.02138,10.65964
2943,0.01973,10.66864
2944,0.01814,10.67766
2945,0.01662,10.68669
2946,0.01516,10.69573
2947,0.01377,10.70477
2948,0.01244,10.71383
2949,0.01117,10.72290
2950,0.00997,10.73197
2951,0.00884,10.74106
2952,0.00777,10.75015
2953,0.00676,10.75925
2954,0.00582,10.76836
2955,0.00494,10.77747
2956,0.00413,10.78659
2957,0.00338,10.79571
2958,0.00270,10.80484
2959,0.00208,10.81397
2960,0.00152,10.82311
2961,0.00104,10.83225
2962,0.00061,10.84140
2963,0.00025,10.85055
2964,-0.00004,10.85970
2965,-0.00027,10.86885
2966,-0.00043,10.87800
2967,-0.00053,10.88715
2968,-0.00056,10.89631
2969,-0.00053,10.90546
2970,-0.00044,10.91462
2971,-0.00027,10.92377
2972,-0.00004,10.93292
2973,0.00025,10.94207
2974,0.00061,10.95122
2975,0.00103,10.96037
2976,0.00152,10.96951
2977,0.00208,10.97864
2978,0.00270,10.98778
2979,0.00339,10.99691
2980,0.00414,11.00603
2981,0.00496,11.01515
2982,0.00584,11.02426
2983,0.00679,11.03337
2984,0.00781,11.04246
2985,0.00889,11.05156
2986,0.01004,11.06064
2987,0.01125,11.06971
2988,0.01253,11.07878
2989,0.01387,11.08783
2990,0.01528,11.09688
2991,0.01676,11.10591
2992,0.01830,11.11494
2993,0.01991,11.12395
2994,0.02158,11.13295
2995,0.02331,11.14194
2996,0.02511,11.15091
2997,0.02697,11.15988
2998,0.02890,11.16883
2999,0.03089,11.17776
3000,0.03295,11.18668
3001,0.03507,11.19559
3002,0.03725,11.20448
3003,0.03950,11.21336
3004,0.04180,11.22221
3005,0.04418,11.23106
3006,0.04661,11.23988
3007,0.04911,11.24869
3008,0.05167,11.25748
3009,0.05429,11.26625
3010,0.05698,11.27500
3011,0.05972,11.28373
3012,0.06253,11.29245
3013,0.06540,11.30114
3014,0.06833,11.30981
3015,0.07133,11.31846
3016,0.07438,11.32709
3017,0.07750,11.33570
3018,0.08067,11.34429
3019,0.08391,11.35285
3020,0.08721,11.36139
3021,0.09057,11.36991
3022,0.09399,11.37840
3023,0.09747,11.38687
3024,0.10101,11.39531
3025,0.10461,11.40373
3026,0.10827,11.41212
3027,0.11199,11.42048
3028,0.11577,11.42882
3029,0.11961,11.43713
3030,0.12350,11.44542
3031,0.12746,11.45367
3032,0.13148,11.46190
3033,0.13555,11.47010
3034,0.13968,11.47827
3035,0.14387,11.48640
3036,0.14812,11.49451
3037,0.15243,11.50259
3038,0.15680,11.51064
3039,0.16122,11.51865
3040,0.16570,11.52664
3041,0.17024,11.53459
3042,0.17484,11.54250
3043,0.17949,11.55039
3044,0.18420,11.55824
3045,0.18897,11.56605
3046,0.19379,11.57383
3047,0.19867,11.58158
3048,0.20361,11.58929
3049,0.20860,11.59696
3050,0.21365,11.60460
3051,0.21875,11.61220
3052,0.22391,11.61976
3053,0.22912,11.62729
3054,0.23438,11.63478
3055,0.23970,11.64223
3056,0.24507,11.64964
3057,0.25050,11.65702
3058,0.25598,11.66435
3059,0.26151,11.67165
3060,0.26709,11.67891
3061,0.27272,11.68612
3062,0.27841,11.69330
3063,0.28414,11.70043
3064,0.28993,11.70753
3065,0.29576,11.71458
3066,0.30165,11.72159
3067,0.30759,11.72856
3068,0.31357,11.73549
3069,0.31961,11.74237
3070,0.32569,11.74921
3071,0.33182,11.75601
3072,0.33800,11.76276
3073,0.34423,11.76947
3074,0.35051,11.77614
3075,0.35683,11.78276
3076,0.36320,11.78934
3077,0.36961,11.79587
3078,0.37607,11.80235
3079,0.38258,11.80879
3080,0.38913,11.81518
3081,0.39573,11.82153
3082,0.40238,11.82783
3083,0.40906,11.83408
3084,0.41580,11.84029
3085,0.42257,11.84644
3086,0.42939,11.85255
3087,0.43625,11.85861
3088,0.44316,11.86462
3089,0.45011,11.87058
3090,0.45710,11.87649
3091,0.46413,11.88235
3092,0.47120,11.88817
3093,0.47832,11.89393
3094,0.48547,11.89964
3095,0.49267,11.90529
3096,0.49991,11.91090
3097,0.50718,11.91646
3098,0.51450,11.92196
3099,0.52186,11.92741
3100,0.52925,11.93280
3101,0.53668,11.93815
3102,0.54416,11.94344
3103,0.55166,11.94867
3104,0.55921,11.95385
3105,0.56680,11.95898
3106,0.57442,11.96405
3107,0.58208,11.96907
3108,0.58977,11.97403
3109,0.59750,11.97894
3110,0.60526,11.98379
3111,0.61306,11.98858
3112,0.62090,11.99332
3113,0.62876,11.99800
3114,0.63666,12.00263
3115,0.64460,12.00719
3116,0.65256,12.01170
3117,0.66056,12.01616
3118,0.66859,12.02055
3119,0.67666,12.02489
3120,0.68475,12.02917
3121,0.69287,12.03339
3122,0.70103,12.03755
3123,0.70921,12.04165
3124,0.71742,12.04570
3125,0.72567,12.04968
3126,0.73394,12.05360
3127,0.74224,12.05747
3128,0.75056,12.06127
3129,0.75892,12.06502
3130,0.76730,12.06870
3131,0.77570,12.07232
3132,0.78414,12.07588
3133,0.79260,12.07938
3134,0.80108,12.08282
3135,0.80959,12.08620
3136,0.81812,12.08952
3137,0.82668,12.09277
3138,0.83526,12.09597
3139,0.84386,12.09910
3140,0.85248,12.10217
3141,0.86113,12.10519
3142,0.86979,12.10814
3143,0.87848,12.11104
3144,0.88718,12.11387
3145,0.89591,12.11665
3146,0.90465,12.11936
3147,0.91341,12.12202
3148,0.92219,12.12462
3149,0.93098,12.12716
3150,0.93980,12.12964
3151,0.94862,12.13207
3152,0.95747,12.13443
3153,0.96633,12.13674
3154,0.97520,12.13899
3155,0.98409,12.14119
3156,0.99299,12.14333
3157,1.00190,12.14541
3158,1.01083,12.14743
3159,1.01977,12.14940
3160,1.02872,12.15132
3161,1.03769,12.15317
3162,1.04666,12.15498
3163,1.05565,12.15672
3164,1.06465,12.15842
3165,1.07365,12.16006
3166,1.08267,12.16164
3167,1.09170,12.16317
3168,1.10073,12.16465
3169,1.10977,12.16607
3170,1.11882,12.16744
3171,1.12788,12.16876
3172,1.13695,12.17003
3173,1.14603,12.17124
3174,1.15511,12.17240
3175,1.16419,12.17351
3176,1.17329,12.17457
3177,1.18239,12.17557
3178,1.19149,12.17653
3179,1.20060,12.17743
3180,1.20972,12.17828
3181,1.21883,12.17909
3182,1.22796,12.17984
3183,1.23709,12.18054
3184,1.24622,12.18120
3185,1.25535,12.18180
3186,1.26449,12.18236
3187,1.27363,12.18286
3188,1.28277,12.18332
3189,1.29192,12.18373
3190,1.30107,12.18409
3191,1.31022,12.18440
3192,1.31937,12.18467
3193,1.32852,12.18488
3194,1.33767,12.18505
3195,1.34683,12.18518
3196,1.35598,12.18525
3197,1.36514,12.18528
3198,1.37429,12.18526
3199,1.38344,12.18520
3200,1.39260,12.18509
