xi,theta
0.0000000000e+00,9.9999999978e-01
8.3333333333e-03,9.9999999978e-01
1.6666666667e-02,9.9999999978e-01
2.5000000000e-02,9.9999999978e-01
3.3333333333e-02,9.9999999978e-01
4.1666666667e-02,9.9999999978e-01
5.0000000000e-02,9.9999999979e-01
5.8333333333e-02,9.9999999979e-01
6.6666666667e-02,9.9999999979e-01
7.5000000000e-02,9.9999999979e-01
8.3333333333e-02,9.9999999980e-01
9.1666666667e-02,9.9999999980e-01
1.0000000000e-01,9.9999999981e-01
1.0833333333e-01,9.9999999981e-01
1.1666666667e-01,9.9999999982e-01
1.2500000000e-01,9.9999999982e-01
1.3333333333e-01,9.9999999983e-01
1.4166666667e-01,9.9999999984e-01
1.5000000000e-01,9.9999999984e-01
1.5833333333e-01,9.9999999985e-01
1.6666666667e-01,9.9999999986e-01
1.7500000000e-01,9.9999999986e-01
1.8333333333e-01,9.9999999987e-01
1.9166666667e-01,9.9999999988e-01
2.0000000000e-01,9.9999999989e-01
2.0833333333e-01,9.9999999990e-01
2.1666666667e-01,9.9999999990e-01
2.2500000000e-01,9.9999999991e-01
2.3333333333e-01,9.9999999992e-01
2.4166666667e-01,9.9999999993e-01
2.5000000000e-01,9.9999999994e-01
2.5833333333e-01,9.9999999995e-01
2.6666666667e-01,9.9999999996e-01
2.7500000000e-01,9.9999999997e-01
2.8333333333e-01,9.9999999997e-01
2.9166666667e-01,9.9999999998e-01
3.0000000000e-01,9.9999999999e-01
3.0833333333e-01,1.0000000000e+00
3.1666666667e-01,1.0000000000e+00
3.2500000000e-01,1.0000000000e+00
3.3333333333e-01,1.0000000000e+00
3.4166666667e-01,1.0000000000e+00
3.5000000000e-01,1.0000000000e+00
3.5833333333e-01,1.0000000001e+00
3.6666666667e-01,1.0000000001e+00
3.7500000000e-01,1.0000000001e+00
3.8333333333e-01,1.0000000001e+00
3.9166666667e-01,1.0000000001e+00
4.0000000000e-01,1.0000000001e+00
4.0833333333e-01,1.0000000001e+00
4.1666666667e-01,1.0000000001e+00
4.2500000000e-01,1.0000000001e+00
4.3333333333e-01,1.0000000001e+00
4.4166666667e-01,1.0000000001e+00
4.5000000000e-01,1.0000000001e+00
4.5833333333e-01,1.0000000001e+00
4.6666666667e-01,1.0000000001e+00
4.7500000000e-01,1.0000000001e+00
4.8333333333e-01,1.0000000002e+00
4.9166666667e-01,1.0000000002e+00
5.0000000000e-01,1.0000000002e+00
5.0833333333e-01,1.0000000002e+00
5.1666666667e-01,1.0000000002e+00
5.2500000000e-01,1.0000000002e+00
5.3333333333e-01,1.0000000002e+00
5.4166666667e-01,1.0000000002e+00
5.5000000000e-01,1.0000000002e+00
5.5833333333e-01,1.0000000002e+00
5.6666666667e-01,1.0000000002e+00
5.7500000000e-01,1.0000000002e+00
5.8333333333e-01,1.0000000002e+00
5.9166666667e-01,1.0000000002e+00
6.0000000000e-01,1.0000000002e+00
6.0833333333e-01,1.0000000002e+00
6.1666666667e-01,1.0000000002e+00
6.2500000000e-01,1.0000000002e+00
6.3333333333e-01,1.0000000002e+00
6.4166666667e-01,1.0000000002e+00
6.5000000000e-01,1.0000000002e+00
6.5833333333e-01,1.0000000002e+00
6.6666666667e-01,1.0000000002e+00
6.7500000000e-01,1.0000000002e+00
6.8333333333e-01,1.0000000002e+00
6.9166666667e-01,1.0000000001e+00
7.0000000000e-01,9.9999999989e-01
7.0833333333e-01,9.9999999942e-01
7.1666666667e-01,9.9999999831e-01
7.2500000000e-01,9.9999999570e-01
7.3333333333e-01,9.9999998963e-01
7.4166666667e-01,9.9999997571e-01
7.5000000000e-01,9.9999994414e-01
7.5833333333e-01,9.9999987347e-01
7.6666666667e-01,9.9999971738e-01
7.7500000000e-01,9.9999937740e-01
7.8333333333e-01,9.9999864761e-01
7.9166666667e-01,9.9999710481e-01
8.0000000000e-01,9.9999389503e-01
8.0833333333e-01,9.9998732801e-01
8.1666666667e-01,9.9997412574e-01
8.2500000000e-01,9.9994806629e-01
8.3333333333e-01,9.9989760511e-01
8.4166666667e-01,9.9980182925e-01
8.5000000000e-01,9.9962380153e-01
8.5833333333e-01,9.9930000204e-01
8.6666666667e-01,9.9872423530e-01
8.7500000000e-01,9.9772417054e-01
8.8333333333e-01,9.9602882377e-01
8.9166666667e-01,9.9322604456e-01
9.0000000000e-01,9.8871071282e-01
9.0833333333e-01,9.8162703183e-01
9.1666666667e-01,9.7081184232e-01
9.2500000000e-01,9.5474950709e-01
9.3333333333e-01,9.3155100517e-01
9.4166666667e-01,8.9896770856e-01
9.5000000000e-01,8.5443959892e-01
9.5833333333e-01,7.9515056849e-01
9.6666666667e-01,7.1799965441e-01
9.7500000000e-01,6.1922171169e-01
9.8333333333e-01,4.9272780724e-01
9.9166666667e-01,3.2211649758e-01
1.0000000000e+00,-1.8268630962e-09
