step,qw_25,qw_50,qw_75
500,-1508653.92,-523198.37,-208366.607
1000,-1528193.59,-522333.577,-210041.444
1500,-1528954.29,-519819.915,-209967.885
2000,-1523059.4,-517596.276,-209521.967
2500,-1515994.31,-515315.735,-208896.603
3000,-1509213.44,-512910.571,-208199.217
3500,-1502939.15,-510402.345,-207501.496
4000,-1497037.94,-507903.997,-206827.887
4500,-1491625.08,-505535.316,-206191.138
5000,-1486694.54,-503370.62,-205599.065
5500,-1482243.83,-501445.45,-205050.963
6000,-1478349.24,-499758.547,-204567.066
6500,-1474994.29,-498296.669,-204135.059
7000,-1472082.44,-497043.355,-203767.564
7500,-1469653.95,-495981.382,-203448.097
8000,-1467637.26,-495078.578,-203176.432
8500,-1466030.51,-494315.494,-202949.508
9000,-1464730.3,-493693.982,-202759.085
9500,-1463688.89,-493168.155,-202603.885
10000,-1462886.28,-492739.268,-202471.731
10500,-1462278.05,-492375.555,-202366.174
11000,-1461798.91,-492094.6,-202279.082
11500,-1461464.18,-491865.997,-202206.382
12000,-1461193.57,-491687.34,-202152.021
