step,eta_cf,mdot
0,0.975417308,1.29593611
500,0.977486538,1.29888034
1000,0.977580386,1.29903209
1500,0.977790204,1.29928279
2000,0.977879908,1.29939306
2500,0.977916229,1.29943871
3000,0.977932744,1.2994597
3500,0.977939813,1.29946899
4000,0.977943408,1.29947376
4500,0.977944505,1.29947507
5000,0.977945114,1.29947579
5500,0.977945297,1.29947603
6000,0.977945114,1.29947555
6500,0.977945236,1.29947543
7000,0.977945114,1.29947519
7500,0.977945175,1.29947519
8000,0.977944932,1.29947484
8500,0.977944871,1.2994746
9000,0.977945054,1.29947472
9500,0.977945114,1.29947472
10000,0.977945054,1.2994746
10500,0.977945236,1.29947507
11000,0.977944871,1.29947448
11500,0.977944932,1.29947448
12000,0.977945236,1.29947484
