x_m,r_m,x_over_rt,r_over_rt,theta_rad,M_wall  (非粘性設計壁 = 逆 MOC; r_t 0.07702 m)
0.000000000000000000e+00,7.702000000000000512e-02,0.000000000000000000e+00,1.000000000000000000e+00,3.724566000667268319e-18,1.121296635024392252e+00
1.986858041417566192e-03,7.703523735653326765e-02,2.579665075847268479e-02,1.000197836361117476e+00,1.379860702729098290e-02,1.147450805740262147e+00
4.006288227903449795e-03,7.707572693255242136e-02,5.201620654250128928e-02,1.000723538464715956e+00,2.619320771592049610e-02,1.170211098873176425e+00
6.059680175791034955e-03,7.714219715809460254e-02,7.867670963114820060e-02,1.001586563984609102e+00,3.866650782455098578e-02,1.193402603221473068e+00
8.144362276688061827e-03,7.723598152135296990e-02,1.057434728211900932e-01,1.002804226452258751e+00,5.108288881675959736e-02,1.216809775586495945e+00
1.026216304565445887e-02,7.735744222171836437e-02,1.332402368950202365e-01,1.004381228534385384e+00,6.341610165742643523e-02,1.240402625330049524e+00
1.241428198769001928e-02,7.750728968083948900e-02,1.611825757944692072e-01,1.006326794090359522e+00,7.561439287768652318e-02,1.264117737498346994e+00
1.460168091587350434e-02,7.768625910084570041e-02,1.895829773548883823e-01,1.008650468720406312e+00,8.760931974926178256e-02,1.287867487851331649e+00
1.682519994176838452e-02,7.789480842633975111e-02,2.184523492828925328e-01,1.011358198212668702e+00,9.932890183344282586e-02,1.311561069995921036e+00
1.908869931814398749e-02,7.813352659360407737e-02,2.478408117131132848e-01,1.014457629104181580e+00,1.107400690220047279e-01,1.335161389629137219e+00
2.139393131960914962e-02,7.840282290152715550e-02,2.777711155493267636e-01,1.017954075584616369e+00,1.217771575307980830e-01,1.358587217663776769e+00
2.374588501610922983e-02,7.870355387305096040e-02,3.083080370826957739e-01,1.021858658440027989e+00,1.323967291071416752e-01,1.381784632831188464e+00
2.614610653523301992e-02,7.903569287835592039e-02,3.394716506781747523e-01,1.026171031918409637e+00,1.425559027673079238e-01,1.404713074275957707e+00
2.859918992812238159e-02,7.939986690979970729e-02,3.713216038447465506e-01,1.030899336663200438e+00,1.522259551497033292e-01,1.427346888164339633e+00
3.111055257687612291e-02,7.979696030404191676e-02,4.039282339246444975e-01,1.036055054583769230e+00,1.613655780488568725e-01,1.449638471133535500e+00
3.368480005162852869e-02,8.022748720492381413e-02,4.373513379853093408e-01,1.041644861138974365e+00,1.699547202541296376e-01,1.471579231026103107e+00
3.632648852203930467e-02,8.069185732829019242e-02,4.716500716961737338e-01,1.047674075932097937e+00,1.780012520663832032e-01,1.493206897413126066e+00
3.904130610613481406e-02,8.119082876774733060e-02,5.068982875374553609e-01,1.054152541778074825e+00,1.855082950829416988e-01,1.514550386358377798e+00
4.183525940265152288e-02,8.172525183140370852e-02,5.431739730284539380e-01,1.061091298771795755e+00,1.924871355501310000e-01,1.535652189842608539e+00
4.471513298375273671e-02,8.229616573124988455e-02,5.805652166158495886e-01,1.068503839668266453e+00,1.989285261014427930e-01,1.556519795809262030e+00
4.768798795130825552e-02,8.290453375282297310e-02,6.191636971086503793e-01,1.076402671420708446e+00,2.048162953683314025e-01,1.577147044845890633e+00
5.076052639604371891e-02,8.355141199347651537e-02,6.590564320441926194e-01,1.084801506017612382e+00,2.102319906561959106e-01,1.597699138963957877e+00
5.394051271494743061e-02,8.423816873809014671e-02,7.003442315625477699e-01,1.093718108778111375e+00,2.151918755615556955e-01,1.618228601255397470e+00
5.723618273614595325e-02,8.496630263482157774e-02,7.431340266962600527e-01,1.103171937611290288e+00,2.197143704364336037e-01,1.638793076639286639e+00
6.065618191275462534e-02,8.573742617981405800e-02,7.875380669015141777e-01,1.113183928587562432e+00,2.238195761702243824e-01,1.659453401143042850e+00
6.420964956539441937e-02,8.655327994952827231e-02,8.336750138326981530e-01,1.123776680726152444e+00,2.275289227595340968e-01,1.680273732483586357e+00
6.790622115278314996e-02,8.741573414134617970e-02,8.816699708229439603e-01,1.134974475997743149e+00,2.308660056019647688e-01,1.701322731500164442e+00
7.175608877764338978e-02,8.832681409393899896e-02,9.316552684710904808e-01,1.146803610671760509e+00,2.338580524604201849e-01,1.722676302139721116e+00
7.577000636401794165e-02,8.928872906705574708e-02,9.837705318620869610e-01,1.159292768982806310e+00,2.365379417141262874e-01,1.744421003990989760e+00
7.995947748298798397e-02,9.030395912559768812e-02,1.038165119228615652e+00,1.172474151202254955e+00,2.389428808789959002e-01,1.766653208501696160e+00
8.433676484114650818e-02,9.137529053627173325e-02,1.094998245146020510e+00,1.186383933215680697e+00,2.411056895503307373e-01,1.789463809099013591e+00
8.891498865398474172e-02,9.250583961935265886e-02,1.154440257777002543e+00,1.201062576205565557e+00,2.430502275206398444e-01,1.812930569296557159e+00
9.370826823352858270e-02,9.369906552600652805e-02,1.216674477194606308e+00,1.216554992547475011e+00,2.447950911720467859e-01,1.837124928776367350e+00
9.873174379336138728e-02,9.495870581257112586e-02,1.281897478490799491e+00,1.232909709329669257e+00,2.463557263315866996e-01,1.862114358630566624e+00
1.040007075825733901e-01,9.628695510194575091e-02,1.350307810731931735e+00,1.250155220747153351e+00,2.477388304002511310e-01,1.887932351886367099e+00
1.095338042385329141e-01,9.769017098953211575e-02,1.422147549188949700e+00,1.268374071533784786e+00,2.489685549924443297e-01,1.914687884125662709e+00
1.153498348607378543e-01,9.917240003120723901e-02,1.497660800580860041e+00,1.287618800716790801e+00,2.500560056975711931e-01,1.942439405293957755e+00
1.214695926958293259e-01,1.007385012144859926e-01,1.577117536949225185e+00,1.307952495643806667e+00,2.510152849467123803e-01,1.971258340794945552e+00
1.279165546158594624e-01,1.023944971606339793e-01,1.660822573563482951e+00,1.329453351864891886e+00,2.518633343378433032e-01,2.001232359651659021e+00
1.347182861532110476e-01,1.041475953478724764e-01,1.749133811389392834e+00,1.352214948686996543e+00,2.526161858713189545e-01,2.032463792918516532e+00
1.418430261565906680e-01,1.059893957766093048e-01,1.841638875053111635e+00,1.376128223534267780e+00,2.533173334572431656e-01,2.064725683550314717e+00
1.481425741791585760e-01,1.076220057239254679e-01,1.923429942601383669e+00,1.397325444351148471e+00,2.538417735147933119e-01,2.092976726543878563e+00
1.547631279367374657e-01,1.093413021536217278e-01,2.009388833247694794e+00,1.419648171301242767e+00,2.543504214883666736e-01,2.122364740188476873e+00
1.617301015979136780e-01,1.111543911007686625e-01,2.099845515423444109e+00,1.443188666590089042e+00,2.548573880554295679e-01,2.152976175054787333e+00
1.690703653846059029e-01,1.130686498749670366e-01,2.195148862433210724e+00,1.468042714554232964e+00,2.553812147603276572e-01,2.184902153332283881e+00
1.768127966798224149e-01,1.150922889412022698e-01,2.295673807839813119e+00,1.494316916920309879e+00,2.559447333356739684e-01,2.218243498497815214e+00
1.849888427845746419e-01,1.172343267111401049e-01,2.401828652097826922e+00,1.522128365504285874e+00,2.565649594728764415e-01,2.253098178692158449e+00
1.936321098765721171e-01,1.195050089671165910e-01,2.514049725741003716e+00,1.551610087861809761e+00,2.572726950080174158e-01,2.289587389272822460e+00
2.027791455636338835e-01,1.219153842432528778e-01,2.632811549774524362e+00,1.582905534189208874e+00,2.580902911704039959e-01,2.327824821420497514e+00
2.124694916288320801e-01,1.244782335427055409e-01,2.758627520498988073e+00,1.616180648438139800e+00,2.590491747141426271e-01,2.367944487609068283e+00
2.227458119787693591e-01,1.272073383643797795e-01,2.892051570744862854e+00,1.651614364637493670e+00,2.601761959558119286e-01,2.410076911727458970e+00
2.336546198917903716e-01,1.301189096570905535e-01,3.033687612201900308e+00,1.689417159920677092e+00,2.615039924667303395e-01,2.454371271468168469e+00
2.452458483089856589e-01,1.332302744166982966e-01,3.184183956231961155e+00,1.729814001774841348e+00,2.630572185007772346e-01,2.500965506279947181e+00
2.575740684467713315e-01,1.365619367037615717e-01,3.344249135896796954e+00,1.773071107553383152e+00,2.648605816138948632e-01,2.550007331069341188e+00
2.706973947618275811e-01,1.401355608354751536e-01,3.514637688416353711e+00,1.819469758964881168e+00,2.669221385773126731e-01,2.601611979592532986e+00
2.846783905093338007e-01,1.439755590995735746e-01,3.696161912611448663e+00,1.869326916379817849e+00,2.692330921695837431e-01,2.655862874551532471e+00
2.995835185185732330e-01,1.481084048347599269e-01,3.889684737971607742e+00,1.922986300113735725e+00,2.717531166361804029e-01,2.712771719757298250e+00
3.154815252368917133e-01,1.525608810750619104e-01,4.096098743662577313e+00,1.980795651454971384e+00,2.743959829074536505e-01,2.772229297716159113e+00
3.324422397244141125e-01,1.573593606872296102e-01,4.316310565105350605e+00,2.043097386227338497e+00,2.770216548771112786e-01,2.833969161712939666e+00
3.505339816647100593e-01,1.625276277013086856e-01,4.551207240518177599e+00,2.110200307729273916e+00,2.794368844281264197e-01,2.897541078425025507e+00
3.698192255659172312e-01,1.680829932413201444e-01,4.801599916462181206e+00,2.182329177373671047e+00,2.814253467219440252e-01,2.962350262896305431e+00
3.903522493906764201e-01,1.740354060247014945e-01,5.068193318497486111e+00,2.259613165732296647e+00,2.827890539290944250e-01,3.027746787379899107e+00
4.121757197503078674e-01,1.803853106069126799e-01,5.351541414571642008e+00,2.342058044753475343e+00,2.833977750772874171e-01,3.093150744916394412e+00
4.353197781772532582e-01,1.871245972596640161e-01,5.652035551509389855e+00,2.429558520639626185e+00,2.832039319479319750e-01,3.158118575907133518e+00
4.598015309476752854e-01,1.942377187718070108e-01,5.969897831052652037e+00,2.521912733988665334e+00,2.822328002072947428e-01,3.222351966249226152e+00
4.856253440462668935e-01,2.017034436017600130e-01,6.305184939577601178e+00,2.618845022095040331e+00,2.805542707358158472e-01,3.285654391481220404e+00
5.127833481617023459e-01,2.094961929938032319e-01,6.657794704774114614e+00,2.720023279587162168e+00,2.782617298757626423e-01,3.347897800951438185e+00
5.412554078857076956e-01,2.175871591594574772e-01,7.027465695737570073e+00,2.825073476492566460e+00,2.754517122302689858e-01,3.408977786296667478e+00
5.710124125854670885e-01,2.259459197665046604e-01,7.413819950473475195e+00,2.933600620183129504e+00,2.722179188193537547e-01,3.468814404813875374e+00
6.020179609940270460e-01,2.345414699228994815e-01,7.816384848013854025e+00,3.045202154283296103e+00,2.686455076520050667e-01,3.527341435903331046e+00
6.342314579048053957e-01,2.433432661365681760e-01,8.234633314785838820e+00,3.159481513068919334e+00,2.648087242475618552e-01,3.584505452193092800e+00
6.676111225132860261e-01,2.523225422461604639e-01,8.668022883839080706e+00,3.276065207039216443e+00,2.607742209256346255e-01,3.640281640248941297e+00
7.021438995933435567e-01,2.614599646840806146e-01,9.116384050809445583e+00,3.394702216100760950e+00,2.565923663795982579e-01,3.694717508738761591e+00
7.374537266198225582e-01,2.706437209259593968e-01,9.574834155022363902e+00,3.513940806621129287e+00,2.523439482622964469e-01,3.747363028312926225e+00
7.721923203851545070e-01,2.795240006360203422e-01,1.002586757186645627e+01,3.629239166917947568e+00,2.482273473250679596e-01,3.796515817108379043e+00
8.064126181992266051e-01,2.881242976006742063e-01,1.047017162034830662e+01,3.740902331870607611e+00,2.442450617280911007e-01,3.842663274539596774e+00
8.401951676559444859e-01,2.964739739639879468e-01,1.090879210147941336e+01,3.849311529005296162e+00,2.403854796162101515e-01,3.886246826925101150e+00
8.736426801072735282e-01,3.046058797570126431e-01,1.134306258254055422e+01,3.954893271319301906e+00,2.366294980857286956e-01,3.927670336337595991e+00
9.068751685719815825e-01,3.125547795908507065e-01,1.177454126943626989e+01,4.058098930029221840e+00,2.329542725231333045e-01,3.967304481976167807e+00
9.400249639083082531e-01,3.203561799891562756e-01,1.220494629847193124e+01,4.159389509077593416e+00,2.293358506411201092e-01,4.005488525348645190e+00
9.732293584305711232e-01,3.280444188183331278e-01,1.263606022371554261e+01,4.259210838981213776e+00,2.257510400227126512e-01,4.042525542392721327e+00
1.006619477733472712e+00,3.356500027815548792e-01,1.306958553276386148e+01,4.357959007810372043e+00,2.221795529196516905e-01,4.078671990106225387e+00
1.040299653210030817e+00,3.431949747629683412e-01,1.350687682692847069e+01,4.455920212450900308e+00,2.186073410404778261e-01,4.114116625038289676e+00
1.074314239815746808e+00,3.506876085989080183e-01,1.394850999501099409e+01,4.553201877420254284e+00,2.150324995555866203e-01,4.148953574119183862e+00
1.108656132876564948e+00,3.581234412445648552e-01,1.439439279247682180e+01,4.649746056148595486e+00,2.114605948738109142e-01,4.183199260958493149e+00
1.143318908031137671e+00,3.654996567249901851e-01,1.484444180772705302e+01,4.745516187029215516e+00,2.078972789752590866e-01,4.216873992288229900e+00
1.178293317818621011e+00,3.728121023518103927e-01,1.529853697505350496e+01,4.840458353048693318e+00,2.043472503257910133e-01,4.249989801718492721e+00
1.213571677964717876e+00,3.800578404448530234e-01,1.575657852460033403e+01,4.934534412423435157e+00,2.008147866317806507e-01,4.282561990829020893e+00
1.249146103777216243e+00,3.872340915643242565e-01,1.621846408435752096e+01,5.027708277906053347e+00,1.973036219863491814e-01,4.314603929346116473e+00
1.285006944138137763e+00,3.943373712576087597e-01,1.668406834767771585e+01,5.119934708616057151e+00,1.938169801228480371e-01,4.346125195481904235e+00
1.321146632375751251e+00,4.013656176280169796e-01,1.715329307161453087e+01,5.211186933627849349e+00,1.903577770516514667e-01,4.377138818267585663e+00
1.357556694648689444e+00,4.083164902133814000e-01,1.762602823485704207e+01,5.301434565221778250e+00,1.869285276868112300e-01,4.407655302805669528e+00
1.394228345099315813e+00,4.151877248371756424e-01,1.810215976498722057e+01,5.390648206143541898e+00,1.835314344167174316e-01,4.437684185558496530e+00
1.431152077219554730e+00,4.219769012373433825e-01,1.858156423292073001e+01,5.478796432580412379e+00,1.801684218671537607e-01,4.467233469199000773e+00
1.468319685310027101e+00,4.286824895248825817e-01,1.906413509880585622e+01,5.565859381003408934e+00,1.768411704351730840e-01,4.496312919993648016e+00
1.505722322608954888e+00,4.353028155928611587e-01,1.954975749946708419e+01,5.651815315409778329e+00,1.735511274983599916e-01,4.524930755581486608e+00
1.543351007836367472e+00,4.418363215101562824e-01,2.003831482519303364e+01,5.736644008181722043e+00,1.702995407712497578e-01,4.553094633647584821e+00
1.581196691185251080e+00,4.482815928569398589e-01,2.052968957654181992e+01,5.820327095000517481e+00,1.670874780242557756e-01,4.580812022570534658e+00
1.619250319797291393e+00,4.546373723010441181e-01,2.102376421445457311e+01,5.902848251117165823e+00,1.639158418460444910e-01,4.608089805132802752e+00
1.657502749985525714e+00,4.609025225841560935e-01,2.152042002058589532e+01,5.984192710778447832e+00,1.607853908826800127e-01,4.634934754993915718e+00
1.695944925913486223e+00,4.670760791894681407e-01,2.201953941720963570e+01,6.064347951044768870e+00,1.576967479717164833e-01,4.661353365274253591e+00
1.734567682924445631e+00,4.731571756448216814e-01,2.252100341371651027e+01,6.143302721953020296e+00,1.546504195254911340e-01,4.687351849849306085e+00
1.773361921362716975e+00,4.791450913176033000e-01,2.302469386344737501e+01,6.221047667068336118e+00,1.516468015822622362e-01,4.712936152088659902e+00
1.812318512621943434e+00,4.850392179524781189e-01,2.353049224385800287e+01,6.297574889022047095e+00,1.486861950307263036e-01,4.738112037098464846e+00
1.851428377980898432e+00,4.908390700943197071e-01,2.403828068009475771e+01,6.372878084839258328e+00,1.457688099955218308e-01,4.762885289885214313e+00
1.890681490258127928e+00,4.965438529110253740e-01,2.454792898283728775e+01,6.446946934705600540e+00,1.428948062926493900e-01,4.787260343586436484e+00
1.930069519004472101e+00,5.021536148014749124e-01,2.505932899252755064e+01,6.519782067014735283e+00,1.400642238834469699e-01,4.811243459453226734e+00
1.969583527897900810e+00,5.076682196296423699e-01,2.557236468317191225e+01,6.591381714225426514e+00,1.372770563421694678e-01,4.834839597717109250e+00
2.009214557120354794e+00,5.130875980701368189e-01,2.608691972371273238e+01,6.661744976241713800e+00,1.345332420508271731e-01,4.858053851098574683e+00
2.048952052663850054e+00,5.184110779648843925e-01,2.660285708470332366e+01,6.730863126004730468e+00,1.318327127416056843e-01,4.880889966956710957e+00
2.088788675140408557e+00,5.236394203934994218e-01,2.712008147416785775e+01,6.798746045098667423e+00,1.291752612764701658e-01,4.903354032981250832e+00
2.128715031280296266e+00,5.287725750098063449e-01,2.763847093326793214e+01,6.865393079846874969e+00,1.265607007903525871e-01,4.925450387533049756e+00
2.168721451670342137e+00,5.338104388512663334e-01,2.815789991781799628e+01,6.930802893420751509e+00,1.239888153032386031e-01,4.947183149664635238e+00
2.208800568768483963e+00,5.387538911469271774e-01,2.867827277029971356e+01,6.994986901414271152e+00,1.214592894363346470e-01,4.968557579835964688e+00
2.248941629445458723e+00,5.436025006230296164e-01,2.919944987594726626e+01,7.057939504323936575e+00,1.189718773708807742e-01,4.989577114630838750e+00
2.289137940234267088e+00,5.483574829281272489e-01,2.972134432919068914e+01,7.119676485693680057e+00,1.165261923660047549e-01,5.010247139698090990e+00
2.329379217710280336e+00,5.530186766113706076e-01,3.024382261374033121e+01,7.180195749303694974e+00,1.141219276142953487e-01,5.030570969223253641e+00
2.369657962557483177e+00,5.575870226202335189e-01,3.076678736117220225e+01,7.239509512077817455e+00,1.117586767061236608e-01,5.050553888183551443e+00
2.409965878052753308e+00,5.620631861496474535e-01,3.129013084981502502e+01,7.297626410667974461e+00,1.094360423744171334e-01,5.070199594494009254e+00
2.450293063921241021e+00,5.664472485718531347e-01,3.181372453805817813e+01,7.354547501582096913e+00,1.071536551348254290e-01,5.089511869567075131e+00
2.490632804394822486e+00,5.707404872114896222e-01,3.233748123078190417e+01,7.410289369144242855e+00,1.049110461868617561e-01,5.108495559228724225e+00
2.530976708271223785e+00,5.749435779180365191e-01,3.286129197963157367e+01,7.464860788341164621e+00,1.027077837523067555e-01,5.127154602193371602e+00
2.571316404909906872e+00,5.790572024715557875e-01,3.338504810321872895e+01,7.518270611160162709e+00,1.005434267404976267e-01,5.145492651955255958e+00
2.611643321121712269e+00,5.830819828037772101e-01,3.390863829033643384e+01,7.570526912539303765e+00,9.841753008236668598e-02,5.163513887994844787e+00
2.651950394085741625e+00,5.870190835334511137e-01,3.443197083985641882e+01,7.621644813469892199e+00,9.632960814668610483e-02,5.181222460073843905e+00
2.692229831268308171e+00,5.908693919858244437e-01,3.495494457632183583e+01,7.671635834664040310e+00,9.427918734731095818e-02,5.198622166506009279e+00
2.732473924457031078e+00,5.946338327480585884e-01,3.547745941907336942e+01,7.720511980629168214e+00,9.226579125203443477e-02,5.215717029289709927e+00
2.772675184094329115e+00,5.983133796115563952e-01,3.599941812638702743e+01,7.768285894722882112e+00,9.028893405883270384e-02,5.232511146887666165e+00
2.812826229028230429e+00,6.019090462430912725e-01,3.652072486403830709e+01,7.814970738030267761e+00,8.834813005369764050e-02,5.249007862647911971e+00
2.852919814727751913e+00,6.054218706087629576e-01,3.704128557164050761e+01,7.860579987130133617e+00,8.644288834923588571e-02,5.265211435127241657e+00
2.892948881789757287e+00,6.088529327581865269e-01,3.756100859244036627e+01,7.905127664998525816e+00,8.457271572274609184e-02,5.281125727707545181e+00
2.932906470114181374e+00,6.122033321947094597e-01,3.807980355900001257e+01,7.948628047191760970e+00,8.273711890777438183e-02,5.296754309424206220e+00
2.972785532090085781e+00,6.154741145480446818e-01,3.859757896767184349e+01,7.991094709790244721e+00,8.093560954012904429e-02,5.312101077980368125e+00
3.012578835606879668e+00,6.186662391659369931e-01,3.911424091933107405e+01,8.032540108620318975e+00,7.916770429764334593e-02,5.327169770112689662e+00
3.052280659555225650e+00,6.217811241097563890e-01,3.962971513315016381e+01,8.072982655281178310e+00,7.743289248695428562e-02,5.341963803117896425e+00
3.091884682350956925e+00,6.248199673279110078e-01,4.014391953195217866e+01,8.112437903504426728e+00,7.573068125000939621e-02,5.356487735708655329e+00
3.131383987034904948e+00,6.277837491983040419e-01,4.065676430842514577e+01,8.150918582164424109e+00,7.406059451151304762e-02,5.370744447499883556e+00
3.170772145215569271e+00,6.306735719372607019e-01,4.116816599864410620e+01,8.188439002041816295e+00,7.242214944017846823e-02,5.384737721591694282e+00
3.210044444179476653e+00,6.334910300697551566e-01,4.167806341443100848e+01,8.225019865875813352e+00,7.081483741805527643e-02,5.398471634006077657e+00
3.249193162170438409e+00,6.362367668504016471e-01,4.218635629927860720e+01,8.260669525453149475e+00,6.923821081656750254e-02,5.411949331614179570e+00
3.288214250817421025e+00,6.389124971773746386e-01,4.269299209059232680e+01,8.295410246395411136e+00,6.769176061505392805e-02,5.425174692496790740e+00
3.327100799893393912e+00,6.415190433870714415e-01,4.319788106846785070e+01,8.329252705622844033e+00,6.617503604855787258e-02,5.438150956594731689e+00
3.365848624880440010e+00,6.440580019636492626e-01,4.370096890262840361e+01,8.362217631311986921e+00,6.468754501893327069e-02,5.450882477188519815e+00
3.404450755238952908e+00,6.465300971415058884e-01,4.420216509009286909e+01,8.394314426661981798e+00,6.322884769849493325e-02,5.463371693804664808e+00
3.442903829054783760e+00,6.489370722987344298e-01,4.470142598097615405e+01,8.425565727067441557e+00,6.179845100967931715e-02,5.475622897910882969e+00
3.481201518284751995e+00,6.512797723849157450e-01,4.519866941423983064e+01,8.455982503050060828e+00,6.039591875683980593e-02,5.487639472523619055e+00
3.519339131587883696e+00,6.535594736121621562e-01,4.569383447919869212e+01,8.485581324489251287e+00,5.902079470013245344e-02,5.499424576090646610e+00
3.557312620174582385e+00,6.557775743743802233e-01,4.618686860782371184e+01,8.514380347628929258e+00,5.767261724383559995e-02,5.510981856607275020e+00
3.595117232305883537e+00,6.579352430254608031e-01,4.667771010524387520e+01,8.542394741956124804e+00,5.635094642873833548e-02,5.522314660827301935e+00
3.632747613204287518e+00,6.600334384614982008e-01,4.716628944695257530e+01,8.569636957433109714e+00,5.505535558428109599e-02,5.533426120966770334e+00
3.670199974470970794e+00,6.620734975853687088e-01,4.765255744574098173e+01,8.596124351926365037e+00,5.378540149775603435e-02,5.544320318615881149e+00
3.707470407469255491e+00,6.640566831502425771e-01,4.813646335327518955e+01,8.621873320569235943e+00,5.254065137761123466e-02,5.554999940584115059e+00
3.744554821795614608e+00,6.659841617272526104e-01,4.861795406122584495e+01,8.646899009702059047e+00,5.132068181254616224e-02,5.565468334857373023e+00
3.781449268693897636e+00,6.678570970926175354e-01,4.909697830036220978e+01,8.671216529377012705e+00,5.012507521314388953e-02,5.575729170398390444e+00
3.818149999473512857e+00,6.696766525882483778e-01,4.957348739903288504e+01,8.694840984007379703e+00,4.895341702098693348e-02,5.585785390482220336e+00
3.854653457311134623e+00,6.714439903107904950e-01,5.004743517672207531e+01,8.717787461838359064e+00,4.780529672353014264e-02,5.595640044433735305e+00
3.890956225801712520e+00,6.731602680212653844e-01,5.051877727605442914e+01,8.740070994822971784e+00,4.668030998839872714e-02,5.605296800305815452e+00
3.927054992389781951e+00,6.748266340682453901e-01,5.098747068800027904e+01,8.761706492706379024e+00,4.557805941174654374e-02,5.614758726778331877e+00
3.962946696897711618e+00,6.764442371846761670e-01,5.145347568031305485e+01,8.782708870224306352e+00,4.449814933482035967e-02,5.624028780236058012e+00
3.998627675197476528e+00,6.780140348353584923e-01,5.191674467927131076e+01,8.803090558755627626e+00,4.344019871405754157e-02,5.633110014894032069e+00
4.034095204752196295e+00,6.795371806677001913e-01,5.237724233643464089e+01,8.822866536843678276e+00,4.240382259438459783e-02,5.642005514880723105e+00
4.069347124902799706e+00,6.810149123146922445e-01,5.283494059858217895e+01,8.842052873470425567e+00,4.138863633483366722e-02,5.650718585568252017e+00
4.104380974579356689e+00,6.824483413841905266e-01,5.328980751206643163e+01,8.860664001352771990e+00,4.039426464124270394e-02,5.659252435096211897e+00
4.139193020768562548e+00,6.838382356312404653e-01,5.374179460878423953e+01,8.878709888746305623e+00,3.942035436921029201e-02,5.667609440913426333e+00
4.173781641645356366e+00,6.851858321691554066e-01,5.419088083154188951e+01,8.896206597885683465e+00,3.846653563844013718e-02,5.675792543173622029e+00
4.208145517402789970e+00,6.864923779537518422e-01,5.463704904444027477e+01,8.913170318797089209e+00,3.753244154182182324e-02,5.683805742200349620e+00
4.242280070758373434e+00,6.877583063206235137e-01,5.508023981768856459e+01,8.929606677754135191e+00,3.661774465820384628e-02,5.691650348128971970e+00
4.276186122641298937e+00,6.889852813443613222e-01,5.552046380993635921e+01,8.945537280503263133e+00,3.572206975160634873e-02,5.699330902329859505e+00
4.309859500694876111e+00,6.901737552968237877e-01,5.595766684880389619e+01,8.960967999179741739e+00,3.484509793114565906e-02,5.706848785910260347e+00
4.343300610509900572e+00,6.913251970649014755e-01,5.639185420033628304e+01,8.975917905283061771e+00,3.398647193906922243e-02,5.714207729868131302e+00
4.376505406242886309e+00,6.924400100414838111e-01,5.682297333475572287e+01,8.990392236321524067e+00,3.314588281452603841e-02,5.721410268341337257e+00
4.409474725666141737e+00,6.935196759911054221e-01,5.725103512939679717e+01,9.004410230993318720e+00,3.232298318601484893e-02,5.728458993169798674e+00
4.442205520583470069e+00,6.945647346615102524e-01,5.767600000757555989e+01,9.017978897189173892e+00,3.151746499159660542e-02,5.735356569197928245e+00
4.474697109995492639e+00,6.955762265677460920e-01,5.809785912744082736e+01,9.031111744582524636e+00,3.072900545621725515e-02,5.742105812211473648e+00
4.506948985377893457e+00,6.965551904450505427e-01,5.851660588649562555e+01,9.043822259738385938e+00,2.995728752638888298e-02,5.748709470193692717e+00
4.538959198084390856e+00,6.975023130031351437e-01,5.893221498421696225e+01,9.056119358648858864e+00,2.920201252901674996e-02,5.755170090736987376e+00
4.570726570231281372e+00,6.984183874831968453e-01,5.934467112738614958e+01,9.068013340472562689e+00,2.846287774900122663e-02,5.761490247868474412e+00
4.602251132894086716e+00,6.993044536973865855e-01,5.975397471947658090e+01,9.079517705756771306e+00,2.773957932513088781e-02,5.767672528859875136e+00
4.633532008026258531e+00,7.001613082514321906e-01,6.016011436024744796e+01,9.090642797343964077e+00,2.703182548087923118e-02,5.773719385760482936e+00
4.664568503485949869e+00,7.009897437764012196e-01,6.056308106317774076e+01,9.101398906471061423e+00,2.633932806391763373e-02,5.779633225920736805e+00
4.695360026129621112e+00,7.017905380742645027e-01,6.096286712710492139e+01,9.111796131839319912e+00,2.566180340896022025e-02,5.785416405056329481e+00
4.725906061889971532e+00,7.025644547072792401e-01,6.135946587756389192e+01,9.121844387266673237e+00,2.499897317773056016e-02,5.791071480535713967e+00
4.756206247728538727e+00,7.033122483615061871e-01,6.175287260099374720e+01,9.131553471325709381e+00,2.435056246112596995e-02,5.796601285232993561e+00
4.786260389423240724e+00,7.040346679523338258e-01,6.214308477568476263e+01,9.140933107664681145e+00,2.371629989850346926e-02,5.802007350274204889e+00
4.816068359578799196e+00,7.047324478260631464e-01,6.253010074758243064e+01,9.149992830772047725e+00,2.309591908331241894e-02,5.807292388615038270e+00
4.845630065338492720e+00,7.054062980683839523e-01,6.291391931106845448e+01,9.158741860145207525e+00,2.248915923388089544e-02,5.812458926246913293e+00
4.874945571615123541e+00,7.060569243522384353e-01,6.329454130894733055e+01,9.167189357988034359e+00,2.189576259624064977e-02,5.817508485704432353e+00
4.904015115783164624e+00,7.066850291420778696e-01,6.367196982320390219e+01,9.175344444846505354e+00,2.131547486242681144e-02,5.822444329180643585e+00
4.932838974694035095e+00,7.072912900864233299e-01,6.404620844837749871e+01,9.183215919065480293e+00,2.074804601430178461e-02,5.827267600368267964e+00
4.961417562299754280e+00,7.078763837458167396e-01,6.441726255907236975e+01,9.190812564863888312e+00,2.019323037198825915e-02,5.831981233071947379e+00
4.989751277506159433e+00,7.084409591554112762e-01,6.478513733453854684e+01,9.198142809080904314e+00,1.965078784953112195e-02,5.836587011523775459e+00
5.017840325576403693e+00,7.089855803705312765e-01,6.514983543983905179e+01,9.205213975208144106e+00,1.912048221943146720e-02,5.841086610110044930e+00
5.045684460774448432e+00,7.095107065146666336e-01,6.551135368442544404e+01,9.212032024339997349e+00,1.860208524864209387e-02,5.845483143776482038e+00
5.073285586256499613e+00,7.100171846420766375e-01,6.586971677819396120e+01,9.218607954324546938e+00,1.809536013743145988e-02,5.849777817626641507e+00
5.100644535276019909e+00,7.105056296529104198e-01,6.622493553980810077e+01,9.224949748804341709e+00,1.760008204880057422e-02,5.853972614985841538e+00
5.127760195139820176e+00,7.109762338915599500e-01,6.657699552245935593e+01,9.231059905109839647e+00,1.711603855184613485e-02,5.858069528863834918e+00
5.154635134299438981e+00,7.114298990091891817e-01,6.692593007399946714e+01,9.236950129955713962e+00,1.664300390421883866e-02,5.862071194287095111e+00
5.181270080804467604e+00,7.118671292169772569e-01,6.727174864716265290e+01,9.242626969838706685e+00,1.618076493618293352e-02,5.865978868426456216e+00
5.207664606499397664e+00,7.122881749951132102e-01,6.761444568293167379e+01,9.248093676903572202e+00,1.572911755563224240e-02,5.869794396286831528e+00
5.233821969106656091e+00,7.126940006594114640e-01,6.795406347840373940e+01,9.253362771480283300e+00,1.528784691372366347e-02,5.873519736961407389e+00
5.259740319343893411e+00,7.130845187688242826e-01,6.829057802316143011e+01,9.258433118265699591e+00,1.485676103488551419e-02,5.877156615042395948e+00
5.285423989788345267e+00,7.134608491688775311e-01,6.862404556983049986e+01,9.263319256931673351e+00,1.443564833413018070e-02,5.880706947341283630e+00
5.310870921550798762e+00,7.138228228596964486e-01,6.895443938653335181e+01,9.268018993244565351e+00,1.402432523084973411e-02,5.884172369906100819e+00
5.336085203489475681e+00,7.141714733425618133e-01,6.928181256153564505e+01,9.272545745813577156e+00,1.362259023536419381e-02,5.887554694720916082e+00
5.361065991138755038e+00,7.145068162109288190e-01,6.960615413059925061e+01,9.276899717098530118e+00,1.323026058182523619e-02,5.890855540657364386e+00
5.385815831169003864e+00,7.148295246378739698e-01,6.992749715877698691e+01,9.281089647336717263e+00,1.284714663227913035e-02,5.894076594292503302e+00
5.410336379891880654e+00,7.151400734284872884e-01,7.024586315102415313e+01,9.285121701226788815e+00,1.247306548131710789e-02,5.897219473224157404e+00
5.434627142439297565e+00,7.154385051564881026e-01,7.056124568215135184e+01,9.288996431530616604e+00,1.210784462553314914e-02,5.900285691399628440e+00
5.458691524932955730e+00,7.157255941909367314e-01,7.087368897601864148e+01,9.292723892377781070e+00,1.175130222626626260e-02,5.903276850830661893e+00
5.482530840143588158e+00,7.160016961203637953e-01,7.118321007716940585e+01,9.296308700601970898e+00,1.140326733762253401e-02,5.906194446543959309e+00
5.506145171144289918e+00,7.162668903097595408e-01,7.148981006419488438e+01,9.299751886649694654e+00,1.106357287533880733e-02,5.909040268670055163e+00
5.529537231461326030e+00,7.165217655053953694e-01,7.179352416854486307e+01,9.303061094590955094e+00,1.073204994692675100e-02,5.911815844754973348e+00
5.552708793651238928e+00,7.167667107134040316e-01,7.209437540445648551e+01,9.306241375141572902e+00,1.040853546003191361e-02,5.914522272219704391e+00
5.575661463363166703e+00,7.170020492948104840e-01,7.239238461910109379e+01,9.309296926704886843e+00,1.009286814081780843e-02,5.917160940105128830e+00
5.598396753349475397e+00,7.172280843457068400e-01,7.268757145351175097e+01,9.312231684571628421e+00,9.784891415634770079e-03,5.919733218515653483e+00
5.620915394553073874e+00,7.174449686696831030e-01,7.297994539798848734e+01,9.315047632688692403e+00,9.484454663137050281e-03,5.922241387287479952e+00
5.643220261284429107e+00,7.176532102666181023e-01,7.326954377154542897e+01,9.317751366743937780e+00,9.191401333223938111e-03,5.924685843641178451e+00
5.665313022371472051e+00,7.178530945321092149e-01,7.355638824164465461e+01,9.320346592211233627e+00,8.905583086263865744e-03,5.927067848190397115e+00
5.687195405331771703e+00,7.180449036416687303e-01,7.384050123775345753e+01,9.322836972756020302e+00,8.626854063322777350e-03,5.929389512612829094e+00
5.708869293929343058e+00,7.182289348475557889e-01,7.412190721798678794e+01,9.325226367794803295e+00,8.355070759731986554e-03,5.931651625268582251e+00
5.730336460011466571e+00,7.184054480519660446e-01,7.440062918737297082e+01,9.327518151804284230e+00,8.090092459603780498e-03,5.933854989973018412e+00
5.751598752443314311e+00,7.185747092361087773e-01,7.467669115091293008e+01,9.329715778188894859e+00,7.831781299638010049e-03,5.936002047929709313e+00
5.772658101580155687e+00,7.187369925827051809e-01,7.495011817164574097e+01,9.331822806838550477e+00,7.580002275295049524e-03,5.938092885914541874e+00
5.793516427416731673e+00,7.188925295550481209e-01,7.522093517809311436e+01,9.333842242989458526e+00,7.334620225966979531e-03,5.940129066060135798e+00
5.814175769445879105e+00,7.190415919294346203e-01,7.548916865029704582e+01,9.335777615287387476e+00,7.095505190795328536e-03,5.942112097268949178e+00
5.834637963600508570e+00,7.191844002129561542e-01,7.575484242535065960e+01,9.337631786717166094e+00,6.862529966213453021e-03,5.944042230837617957e+00
5.854905173591941292e+00,7.193212029034966593e-01,7.601798459610414227e+01,9.339407983686012216e+00,6.635566792137196843e-03,5.945921945445824974e+00
5.874979322112904079e+00,7.194522221152975794e-01,7.627862012610884790e+01,9.341109090045410568e+00,6.414493668260258172e-03,5.947750710667706109e+00
5.894862510599133465e+00,7.195776809398282126e-01,7.653677629965116580e+01,9.342738002334824543e+00,6.199188484207595468e-03,5.949531372425023612e+00
5.914556005583976095e+00,7.196976477724035259e-01,7.679246956094489462e+01,9.344295608574441303e+00,5.989533127193968909e-03,5.951263149655138918e+00
5.934062392019952448e+00,7.198124285664561084e-01,7.704573347208454948e+01,9.345785881153675589e+00,5.785410590997117943e-03,5.952948919010862205e+00
5.953383938830655531e+00,7.199222618860939837e-01,7.729659749195865004e+01,9.347211917503166489e+00,5.586706450575565017e-03,5.954587922670760314e+00
5.972522842298348067e+00,7.200273558827803289e-01,7.754509013630676861e+01,9.348576420186708091e+00,5.393307533770804428e-03,5.956182780157353918e+00
5.991481188703232874e+00,7.201278895377197786e-01,7.779123849264129831e+01,9.349881713031935604e+00,5.205103190497922978e-03,5.957733121406429078e+00
6.010260203670219958e+00,7.202238919757114610e-01,7.803505847403556572e+01,9.351128174184776043e+00,5.021986696744941241e-03,5.959240808885182261e+00
6.028862207174839227e+00,7.203155748816657544e-01,7.827658020221811341e+01,9.352318552086025250e+00,4.843851657678185929e-03,5.960706356777504489e+00
6.047290202706792073e+00,7.204032651712598545e-01,7.851584267341978318e+01,9.353457091291350167e+00,4.670592467344023176e-03,5.962130493402415077e+00
6.065546250286407926e+00,7.204871046711989191e-01,7.875287263420419492e+01,9.354545633227719037e+00,4.502106164243659982e-03,5.963515006629322990e+00
6.083630571561583267e+00,7.205669146142333892e-01,7.898767296236799496e+01,9.355581856845407884e+00,4.338294787559954235e-03,5.964859599637191145e+00
6.101547304479583822e+00,7.206432112303842175e-01,7.922029738353133155e+01,9.356572464689485003e+00,4.179058116045927460e-03,5.966166084086939492e+00
6.119298554461406248e+00,7.207161300351639932e-01,7.945077323372377975e+01,9.357519216244662985e+00,4.024299313901287187e-03,5.967434978172188487e+00
6.136884502903310334e+00,7.207854604764727391e-01,7.967910286812919196e+01,9.358419377778144366e+00,3.873924632344545593e-03,5.968666604756769800e+00
6.154309256975960984e+00,7.208517069693091139e-01,7.990533961277539277e+01,9.359279498432991673e+00,3.727840820157995831e-03,5.969862872460599768e+00
6.171574530881174248e+00,7.209148967074906489e-01,8.012950572424271911e+01,9.360099931283960117e+00,3.585954246991648626e-03,5.971023809627810763e+00
6.188681245345287074e+00,7.209749661749186300e-01,8.035161315691101436e+01,9.360879851660849127e+00,3.448178527832403747e-03,5.972149954324636134e+00
6.205633737687868745e+00,7.210324087418438221e-01,8.057171822497880953e+01,9.361625665305684407e+00,3.314421921098772896e-03,5.973243005838949848e+00
6.222431515179718708e+00,7.210868789999966832e-01,8.078981453102724686e+01,9.362332887561628070e+00,3.184600554317667392e-03,5.974303160399839108e+00
6.239078917063250351e+00,7.211388887756087218e-01,8.100595841422033061e+01,9.363008163796529004e+00,3.058628597227046331e-03,5.975330869784744259e+00
6.255576792081479987e+00,7.211883186914151977e-01,8.122016089433238051e+01,9.363649944058883179e+00,2.936423224575412157e-03,5.976327234368913111e+00
6.271927928059279012e+00,7.212353779406925902e-01,8.143245816747959509e+01,9.364260944439010359e+00,2.817901376003410091e-03,5.977293360861836824e+00
6.288133968127755935e+00,7.212800852774494675e-01,8.164287156748578411e+01,9.364841408432218017e+00,2.702983310182939612e-03,5.978229230173785602e+00
6.304197499787464132e+00,7.213226215764571014e-01,8.185143468952821877e+01,9.365393684451532863e+00,2.591589897126915770e-03,5.979135554766797256e+00
6.320120299663450680e+00,7.213630211109685053e-01,8.205817060066800650e+01,9.365918217488554021e+00,2.483643903794056310e-03,5.980013515524068346e+00
6.335904882245948500e+00,7.214014372690839005e-01,8.226311194814266514e+01,9.366416999079250516e+00,2.379068810362055045e-03,5.980863752208250617e+00
6.351552429800506161e+00,7.214377950539986317e-01,8.246627408206317966e+01,9.366889055492061189e+00,2.277790431711448297e-03,5.981686454936343544e+00
6.367066775273050538e+00,7.214724787446983312e-01,8.266770676802194373e+01,9.367339376067233658e+00,2.179734306303654761e-03,5.982482287225117545e+00
6.382447712498046322e+00,7.215051722063500206e-01,8.286740732923975372e+01,9.367763856223707108e+00,2.084830018924575205e-03,5.983252005135478058e+00
6.397699688316421884e+00,7.215363614531654646e-01,8.306543350190108299e+01,9.368168806195344089e+00,1.993005892646874770e-03,5.983996800424129958e+00
6.412822800571218451e+00,7.215657566906638065e-01,8.326178655636481096e+01,9.368550463394750949e+00,1.904191699785482122e-03,5.984716579574195450e+00
6.427820363114602031e+00,7.215936455621700940e-01,8.345650951849651733e+01,9.368912562479486894e+00,1.818318732695703563e-03,5.985411949313546920e+00
6.442694836345140175e+00,7.216201731948701514e-01,8.364963433322695607e+01,9.369256987728773467e+00,1.735320656696213949e-03,5.986083494575592745e+00
6.457446475907384631e+00,7.216450827847484817e-01,8.384116431975310491e+01,9.369580404891566516e+00,1.655131293793571509e-03,5.986731825281187191e+00
6.472079389230537494e+00,7.216687839764672763e-01,8.403115280745957705e+01,9.369888132646938317e+00,1.577684646152324776e-03,5.987358146297726336e+00
6.486594688368326089e+00,7.216911814560657001e-01,8.421961423485231535e+01,9.370178933472677940e+00,1.502918282463076372e-03,5.987962323068833470e+00
6.500993716331570305e+00,7.217121965637149916e-01,8.440656603910113631e+01,9.370451786077836687e+00,1.430768241646330347e-03,5.988544912265358455e+00
6.515280052883270834e+00,7.217321624165464744e-01,8.459205469856232185e+01,9.370711015535528432e+00,1.361173528406257795e-03,5.989106445665911771e+00
6.529455335376496805e+00,7.217510521430896553e-01,8.477610147203968438e+01,9.370956272956240340e+00,1.294072517439902401e-03,5.989647457212675441e+00
6.543520406228008568e+00,7.217687154072454092e-01,8.495871729716967025e+01,9.371185606430087134e+00,1.229406192506928962e-03,5.990168458091169157e+00
6.557478773701048702e+00,7.217854661855017673e-01,8.513994772398140753e+01,9.371403092514952959e+00,1.167116517564510073e-03,5.990670377122239820e+00
6.571332380252879801e+00,7.218013133335389186e-01,8.531981797264189993e+01,9.371608846189806385e+00,1.107143708070787436e-03,5.991153404383313230e+00
6.585081828744431931e+00,7.218160678599190305e-01,8.549833587048080119e+01,9.371800413657737749e+00,1.049432036540476039e-03,5.991617895877242361e+00
6.598730064800988337e+00,7.218299414550092274e-01,8.567553966243816888e+01,9.371980543430396438e+00,9.939259270783044192e-04,5.992064329139792811e+00
6.612279548023334286e+00,7.218430563085712626e-01,8.585146128308664970e+01,9.372150821975736790e+00,9.405703331168098003e-04,5.992493175673466510e+00
6.625732320630469019e+00,7.218554505729131154e-01,8.602612724786378351e+01,9.372311744649611143e+00,8.893100056090695593e-04,5.992904906787537733e+00
6.639089089716916803e+00,7.218669464249153345e-01,8.619954673743075091e+01,9.372461002660546825e+00,8.400920991003237243e-04,5.993299973100795874e+00
6.652352765123588085e+00,7.218777413146338917e-01,8.637175753211617746e+01,9.372601159629107670e+00,7.928639527624132231e-04,5.993678822574802112e+00
6.665525606711652173e+00,7.218879198183352219e-01,8.654278897314530639e+01,9.372733313663141885e+00,7.475738234293263177e-04,5.994042090513990395e+00
6.678609387130116204e+00,7.218974796937184246e-01,8.671266407595580006e+01,9.372857435649420310e+00,7.041707991400826148e-04,5.994390197918720631e+00
6.691605906913586921e+00,7.219064268448365240e-01,8.688140621804188868e+01,9.372973602244046631e+00,6.626047051501546443e-04,5.994723366243895235e+00
6.704516113259201049e+00,7.219146225397717886e-01,8.704902769747079105e+01,9.373080012201658207e+00,6.228262457734632567e-04,5.995042011532161652e+00
6.717343167482395572e+00,7.219223052312816469e-01,8.721556955962600455e+01,9.373179761507161700e+00,5.847864652486091776e-04,5.995346546090843276e+00
6.730088994906291866e+00,7.219295036330467541e-01,8.738105680221100613e+01,9.373273222968666829e+00,5.484374362780237251e-04,5.995637372763133577e+00
6.742755494181623455e+00,7.219362442707731864e-01,8.754551407662455631e+01,9.373360740986408146e+00,5.137321297923222148e-04,5.995914886140927713e+00
6.755344532340431307e+00,7.219425518976407830e-01,8.770896562373968663e+01,9.373442636946776929e+00,4.806244913092953016e-04,5.996179472015239931e+00
6.767857782145306977e+00,7.219483979868202006e-01,8.787143316210473643e+01,9.373518540467673077e+00,4.490671835606761418e-04,5.996431525094117809e+00
6.780296724372462336e+00,7.219537370705239043e-01,8.803293591758584569e+01,9.373587861211683858e+00,4.190150381041232762e-04,5.996671421992026296e+00
6.792663949596756900e+00,7.219587164013653302e-01,8.819350752527599013e+01,9.373652511053821357e+00,3.904237430453646432e-04,5.996899531643089531e+00
6.804961258962936022e+00,7.219633551326701815e-01,8.835317137059121251e+01,9.373712738673981804e+00,3.632501978567658223e-04,5.997116212444768557e+00
6.817190597144924702e+00,7.219676714588416644e-01,8.851195270247889368e+01,9.373768780301761083e+00,3.374494255113251505e-04,5.997321836533336281e+00
6.829353781381982458e+00,7.219716807490550448e-01,8.866987511532046540e+01,9.373820835485004110e+00,3.129788591674846588e-04,5.997516828721444426e+00
6.841452452060046596e+00,7.219753788381421122e-01,8.882695990729740743e+01,9.373868850144663867e+00,2.897976371095227488e-04,5.997701585176350214e+00
6.853488554656503418e+00,7.219787823629455481e-01,8.898323233778891961e+01,9.373913040287529697e+00,2.678622168194700975e-04,5.997876322514141378e+00
6.865463693536075773e+00,7.219818814566266729e-01,8.913871323728999130e+01,9.373953277806110762e+00,2.471324884846787099e-04,5.998041371588237247e+00
6.877379409044092284e+00,7.219846458412289003e-01,8.929342260509078244e+01,9.373989169582301884e+00,2.275678848023930266e-04,5.998197066046734527e+00
6.889238065886093665e+00,7.219871808665395685e-01,8.944739114367817479e+01,9.374022083439879083e+00,2.091278610881526371e-04,5.998343738610845577e+00
6.901041413569931393e+00,7.219895025217578644e-01,8.960064156803338165e+01,9.374052226976861135e+00,1.917737806193048279e-04,5.998481706296533211e+00
6.912791298619913150e+00,7.219916255631253499e-01,8.975319785276438722e+01,9.374079791782982340e+00,1.754657444040374635e-04,5.998611295296812251e+00
6.924489448180738194e+00,7.219935636086137754e-01,8.990508242249724447e+01,9.374104954669094880e+00,1.601661068618740293e-04,5.998732813464493496e+00
6.936137649398193439e+00,7.219953293741400158e-01,9.005631848089058167e+01,9.374127880734095086e+00,1.458365378710225059e-04,5.998846573356206413e+00
6.947737661318763358e+00,7.219969347376175017e-01,9.020692886677178990e+01,9.374148724196539106e+00,1.324395220956904216e-04,5.998952880507835594e+00
6.959291147975227076e+00,7.219983908568078368e-01,9.035693518534441182e+01,9.374167629924796685e+00,1.199393239124345989e-04,5.999052025911231212e+00
6.970799944395060344e+00,7.219997082676129496e-01,9.050636126194572739e+01,9.374184734713228551e+00,1.082977970274173014e-04,5.999144318841859835e+00
6.982265685879673889e+00,7.220008968904155777e-01,9.065522832874154346e+01,9.374200167364522329e+00,9.748033375192297122e-05,5.999230040296814614e+00
6.993690071460320290e+00,7.220019661443328740e-01,9.080355844534302889e+01,9.374214050173108603e+00,8.745153771159325554e-05,5.999309476908152305e+00
7.005074850793294061e+00,7.220029249496399126e-01,9.095137432865870153e+01,9.374226498956632625e+00,7.817553931970486496e-05,5.999382918479279070e+00
7.016421644710987948e+00,7.220037817561335558e-01,9.109869702299386063e+01,9.374237623424221511e+00,6.961884362627510320e-05,5.999450635716137903e+00
7.027732061402424790e+00,7.220045445928686689e-01,9.124554740849680456e+01,9.374247527822236137e+00,6.174836627484346879e-05,5.999512895630802589e+00
7.039007849461772715e+00,7.220052210812223370e-01,9.139194818828579514e+01,9.374256311103899009e+00,5.452906722317702950e-05,5.999569980065775354e+00
7.050250472059980567e+00,7.220057946532416615e-01,9.153791835964658219e+01,9.374263758156862636e+00,4.792854987708474211e-05,5.999622149712311447e+00
7.061461579344656236e+00,7.220062837153014002e-01,9.168347934750266859e+01,9.374270107962884069e+00,4.191502066584640876e-05,5.999669660110921399e+00
7.072642816621924844e+00,7.220067101608675930e-01,9.182865251391747563e+01,9.374275644778856886e+00,3.645733804990888686e-05,5.999712761283782392e+00
7.083795834304465799e+00,7.220070799147896290e-01,9.197345928725610520e+01,9.374280445530896344e+00,3.152305764334212886e-05,5.999751713038277146e+00
7.094922196621684662e+00,7.220073985475646827e-01,9.211791997691098288e+01,9.374284582544333944e+00,2.708140837214625962e-05,5.999786761689078318e+00
7.106023434250970716e+00,7.220076712915008965e-01,9.226205445664723470e+01,9.374288123753581559e+00,2.310240527601063721e-05,5.999818147022527803e+00
7.117101058068766584e+00,7.220079030485213600e-01,9.240588234314159877e+01,9.374291132803444171e+00,1.955661907110808767e-05,5.999846104114826773e+00
7.128156556069744632e+00,7.220080983988177437e-01,9.254942295598213775e+01,9.374293669161486875e+00,1.641522342682468741e-05,5.999870862975465791e+00
7.139191389275761246e+00,7.220082616081348048e-01,9.269269526455155983e+01,9.374295788212604563e+00,1.365004738333335427e-05,5.999892648150494168e+00
7.150207022313468386e+00,7.220083966311393597e-01,9.283571828503593792e+01,9.374297541302770043e+00,1.123308029921833531e-05,5.999911682606162699e+00
7.161204916172780877e+00,7.220085071147278599e-01,9.297851098640327905e+01,9.374298975781975685e+00,9.136625353459147623e-06,5.999928186536137353e+00
7.172186470772790479e+00,7.220085964088586161e-01,9.312109154469995076e+01,9.374300135144878254e+00,7.334209733814729292e-06,5.999942370253576129e+00
7.183153058718208861e+00,7.220086675771093532e-01,9.326347778133222732e+01,9.374301059167869710e+00,5.800030010082786214e-06,5.999954438544964574e+00
7.194106023341438672e+00,7.220087234044227920e-01,9.340568713764525910e+01,9.374301784009643868e+00,4.508983753981940078e-06,5.999964590433954470e+00
7.205046676543831907e+00,7.220087664051918486e-01,9.354773664689471957e+01,9.374302342316175540e+00,3.436704751010709923e-06,5.999973018917093448e+00
7.215976296397376366e+00,7.220087988317231975e-01,9.368964290310796628e+01,9.374302763330604193e+00,2.559602435505612669e-06,5.999979910666422889e+00
7.226896124459192272e+00,7.220088226831345990e-01,9.383142202621645822e+01,9.374303073008757536e+00,1.854906326606932874e-06,5.999985445692948005e+00
7.237807362737181727e+00,7.220088397147411685e-01,9.397308962265880439e+01,9.374303294141016707e+00,1.300716368855605738e-06,5.999989796964015021e+00
7.248711170222520650e+00,7.220088514480048625e-01,9.411466074035990914e+01,9.374303446481496493e+00,8.760606254325291838e-07,5.999993129963307581e+00
7.259608658876205212e+00,7.220088591811439915e-01,9.425614981662171488e+01,9.374303546885794702e+00,5.609619721913008245e-07,5.999995602180788978e+00
7.270500888906390458e+00,7.220088640005067893e-01,9.439757061680589345e+01,9.374303609458669584e+00,3.365165036069493120e-07,5.999997362511318322e+00
7.281388863098178454e+00,7.220088667928702408e-01,9.453893616071381700e+01,9.374303645713712996e+00,1.849873269869833890e-07,5.999998550533517161e+00
7.292273519821484307e+00,7.220088682588604589e-01,9.468025863180321267e+01,9.374303664747603904e+00,8.991974411325784571e-08,5.999999295622086670e+00
7.303155724091825007e+00,7.220088689277883720e-01,9.482154926112470150e+01,9.374303673432722306e+00,3.628767903598348889e-08,5.999999715816722201e+00
7.314036255530210973e+00,7.220088691743492548e-01,9.496281817099728073e+01,9.374303676633980231e+00,1.068959097893237692e-08,5.999999916305416292e+00
7.324915790732506871e+00,7.220088692379534878e-01,9.510407414609849752e+01,9.374303677459796091e+00,1.633263913360337950e-09,5.999999987214684971e+00
