# c3x vane — 平滑化輪郭 (周期スプライン, s=0.05*m)
# 入力: vane_c3x_profile.csv (表の点 + 復元円弧)
# 検査: 表点からの max 0.01040 cm / 折れ角 max 3.78° / R_LE 1.179 R_TE 0.188 cm
i,x_cm,y_cm
1,0.38737,12.18937
2,0.39271,12.19784
3,0.39807,12.20629
4,0.40346,12.21472
5,0.40887,12.22314
6,0.41430,12.23154
7,0.41976,12.23993
8,0.42524,12.24830
9,0.43075,12.25666
10,0.43628,12.26500
11,0.44183,12.27333
12,0.44741,12.28164
13,0.45301,12.28993
14,0.45864,12.29820
15,0.46429,12.30646
16,0.46997,12.31470
17,0.47568,12.32292
18,0.48141,12.33112
19,0.48717,12.33931
20,0.49295,12.34748
21,0.49876,12.35563
22,0.50459,12.36375
23,0.51046,12.37186
24,0.51635,12.37995
25,0.52227,12.38802
26,0.52821,12.39607
27,0.53418,12.40410
28,0.54019,12.41211
29,0.54621,12.42010
30,0.55227,12.42807
31,0.55836,12.43601
32,0.56447,12.44393
33,0.57062,12.45183
34,0.57679,12.45971
35,0.58299,12.46756
36,0.58922,12.47539
37,0.59548,12.48320
38,0.60177,12.49098
39,0.60810,12.49874
40,0.61445,12.50647
41,0.62083,12.51418
42,0.62724,12.52187
43,0.63368,12.52952
44,0.64016,12.53715
45,0.64666,12.54476
46,0.65320,12.55233
47,0.65977,12.55988
48,0.66637,12.56741
49,0.67300,12.57490
50,0.67967,12.58237
51,0.68636,12.58980
52,0.69309,12.59721
53,0.69986,12.60459
54,0.70665,12.61193
55,0.71348,12.61925
56,0.72034,12.62654
57,0.72723,12.63379
58,0.73416,12.64101
59,0.74112,12.64820
60,0.74812,12.65536
61,0.75514,12.66248
62,0.76221,12.66957
63,0.76930,12.67663
64,0.77643,12.68365
65,0.78360,12.69063
66,0.79080,12.69758
67,0.79803,12.70450
68,0.80530,12.71138
69,0.81261,12.71822
70,0.81995,12.72502
71,0.82732,12.73179
72,0.83473,12.73851
73,0.84218,12.74520
74,0.84966,12.75185
75,0.85717,12.75846
76,0.86472,12.76502
77,0.87231,12.77155
78,0.87993,12.77803
79,0.88759,12.78448
80,0.89528,12.79088
81,0.90301,12.79723
82,0.91078,12.80355
83,0.91858,12.80981
84,0.92641,12.81604
85,0.93429,12.82222
86,0.94219,12.82835
87,0.95014,12.83444
88,0.95812,12.84047
89,0.96613,12.84647
90,0.97418,12.85241
91,0.98227,12.85830
92,0.99039,12.86415
93,0.99855,12.86995
94,1.00675,12.87569
95,1.01497,12.88139
96,1.02324,12.88703
97,1.03154,12.89262
98,1.03987,12.89816
99,1.04824,12.90365
100,1.05665,12.90908
101,1.06509,12.91446
102,1.07356,12.91978
103,1.08207,12.92505
104,1.09061,12.93026
105,1.09919,12.93542
106,1.10780,12.94052
107,1.11644,12.94556
108,1.12512,12.95055
109,1.13383,12.95547
110,1.14257,12.96034
111,1.15135,12.96515
112,1.16016,12.96990
113,1.16900,12.97459
114,1.17787,12.97921
115,1.18678,12.98378
116,1.19571,12.98828
117,1.20468,12.99273
118,1.21368,12.99711
119,1.22271,13.00142
120,1.23177,13.00568
121,1.24085,13.00986
122,1.24997,13.01399
123,1.25912,13.01805
124,1.26829,13.02205
125,1.27750,13.02598
126,1.28673,13.02984
127,1.29599,13.03364
128,1.30527,13.03737
129,1.31458,13.04104
130,1.32392,13.04465
131,1.33328,13.04818
132,1.34266,13.05166
133,1.35207,13.05507
134,1.36150,13.05841
135,1.37096,13.06169
136,1.38044,13.06490
137,1.38994,13.06805
138,1.39946,13.07114
139,1.40900,13.07416
140,1.41856,13.07711
141,1.42814,13.08000
142,1.43774,13.08283
143,1.44736,13.08559
144,1.45700,13.08828
145,1.46665,13.09091
146,1.47632,13.09348
147,1.48602,13.09597
148,1.49572,13.09841
149,1.50545,13.10078
150,1.51518,13.10308
151,1.52494,13.10532
152,1.53471,13.10749
153,1.54449,13.10959
154,1.55429,13.11163
155,1.56410,13.11360
156,1.57392,13.11551
157,1.58376,13.11735
158,1.59361,13.11912
159,1.60347,13.12083
160,1.61334,13.12247
161,1.62323,13.12404
162,1.63312,13.12554
163,1.64302,13.12698
164,1.65294,13.12834
165,1.66286,13.12964
166,1.67279,13.13087
167,1.68273,13.13203
168,1.69268,13.13313
169,1.70263,13.13415
170,1.71259,13.13510
171,1.72256,13.13598
172,1.73254,13.13680
173,1.74252,13.13754
174,1.75250,13.13821
175,1.76249,13.13881
176,1.77249,13.13933
177,1.78248,13.13979
178,1.79248,13.14017
179,1.80248,13.14048
180,1.81249,13.14071
181,1.82250,13.14088
182,1.83250,13.14096
183,1.84251,13.14098
184,1.85252,13.14091
185,1.86252,13.14077
186,1.87253,13.14056
187,1.88253,13.14027
188,1.89253,13.13990
189,1.90253,13.13946
190,1.91252,13.13894
191,1.92251,13.13834
192,1.93250,13.13767
193,1.94248,13.13692
194,1.95245,13.13610
195,1.96242,13.13520
196,1.97238,13.13423
197,1.98233,13.13319
198,1.99227,13.13207
199,2.00221,13.13087
200,2.01214,13.12961
201,2.02205,13.12827
202,2.03196,13.12686
203,2.04186,13.12537
204,2.05174,13.12382
205,2.06162,13.12219
206,2.07148,13.12049
207,2.08133,13.11872
208,2.09117,13.11689
209,2.10099,13.11498
210,2.11080,13.11300
211,2.12060,13.11096
212,2.13038,13.10884
213,2.14015,13.10666
214,2.14990,13.10441
215,2.15963,13.10210
216,2.16935,13.09972
217,2.17906,13.09727
218,2.18874,13.09476
219,2.19841,13.09218
220,2.20807,13.08954
221,2.21770,13.08684
222,2.22732,13.08407
223,2.23692,13.08124
224,2.24650,13.07835
225,2.25606,13.07539
226,2.26560,13.07237
227,2.27512,13.06930
228,2.28463,13.06616
229,2.29411,13.06296
230,2.30357,13.05971
231,2.31301,13.05639
232,2.32244,13.05302
233,2.33184,13.04959
234,2.34122,13.04610
235,2.35058,13.04256
236,2.35991,13.03896
237,2.36923,13.03530
238,2.37852,13.03159
239,2.38779,13.02783
240,2.39704,13.02401
241,2.40627,13.02013
242,2.41548,13.01621
243,2.42466,13.01223
244,2.43382,13.00820
245,2.44296,13.00411
246,2.45207,12.99998
247,2.46116,12.99580
248,2.47023,12.99156
249,2.47927,12.98728
250,2.48829,12.98294
251,2.49729,12.97856
252,2.50626,12.97413
253,2.51521,12.96965
254,2.52414,12.96513
255,2.53304,12.96055
256,2.54192,12.95594
257,2.55077,12.95127
258,2.55960,12.94656
259,2.56840,12.94180
260,2.57718,12.93700
261,2.58594,12.93216
262,2.59467,12.92727
263,2.60338,12.92234
264,2.61206,12.91736
265,2.62072,12.91235
266,2.62936,12.90729
267,2.63797,12.90219
268,2.64655,12.89704
269,2.65511,12.89186
270,2.66365,12.88664
271,2.67216,12.88137
272,2.68064,12.87607
273,2.68911,12.87072
274,2.69754,12.86534
275,2.70595,12.85992
276,2.71434,12.85446
277,2.72270,12.84896
278,2.73104,12.84343
279,2.73935,12.83786
280,2.74764,12.83225
281,2.75590,12.82660
282,2.76414,12.82092
283,2.77236,12.81521
284,2.78054,12.80945
285,2.78871,12.80366
286,2.79685,12.79784
287,2.80496,12.79198
288,2.81305,12.78609
289,2.82112,12.78017
290,2.82916,12.77421
291,2.83717,12.76822
292,2.84516,12.76219
293,2.85313,12.75613
294,2.86107,12.75004
295,2.86898,12.74392
296,2.87687,12.73777
297,2.88474,12.73158
298,2.89258,12.72536
299,2.90040,12.71912
300,2.90819,12.71284
301,2.91596,12.70653
302,2.92370,12.70019
303,2.93142,12.69382
304,2.93912,12.68742
305,2.94679,12.68099
306,2.95443,12.67453
307,2.96205,12.66805
308,2.96965,12.66153
309,2.97722,12.65499
310,2.98477,12.64842
311,2.99229,12.64182
312,2.99979,12.63519
313,3.00726,12.62853
314,3.01471,12.62185
315,3.02213,12.61514
316,3.02953,12.60840
317,3.03690,12.60163
318,3.04425,12.59484
319,3.05158,12.58803
320,3.05888,12.58118
321,3.06616,12.57431
322,3.07341,12.56741
323,3.08063,12.56049
324,3.08784,12.55354
325,3.09501,12.54657
326,3.10217,12.53957
327,3.10930,12.53255
328,3.11640,12.52550
329,3.12348,12.51842
330,3.13053,12.51133
331,3.13756,12.50420
332,3.14457,12.49706
333,3.15155,12.48989
334,3.15851,12.48269
335,3.16544,12.47548
336,3.17235,12.46824
337,3.17923,12.46097
338,3.18609,12.45369
339,3.19292,12.44638
340,3.19974,12.43904
341,3.20652,12.43169
342,3.21328,12.42431
343,3.22002,12.41691
344,3.22674,12.40949
345,3.23343,12.40205
346,3.24010,12.39459
347,3.24674,12.38711
348,3.25336,12.37960
349,3.25995,12.37207
350,3.26653,12.36453
351,3.27308,12.35696
352,3.27960,12.34937
353,3.28610,12.34176
354,3.29258,12.33414
355,3.29904,12.32649
356,3.30547,12.31882
357,3.31188,12.31114
358,3.31826,12.30343
359,3.32463,12.29571
360,3.33097,12.28797
361,3.33728,12.28021
362,3.34358,12.27243
363,3.34985,12.26463
364,3.35610,12.25681
365,3.36233,12.24898
366,3.36853,12.24113
367,3.37472,12.23326
368,3.38088,12.22537
369,3.38702,12.21747
370,3.39313,12.20955
371,3.39923,12.20161
372,3.40530,12.19366
373,3.41135,12.18569
374,3.41738,12.17770
375,3.42339,12.16970
376,3.42938,12.16168
377,3.43535,12.15365
378,3.44129,12.14560
379,3.44722,12.13753
380,3.45312,12.12945
381,3.45900,12.12135
382,3.46486,12.11324
383,3.47071,12.10512
384,3.47653,12.09698
385,3.48233,12.08882
386,3.48811,12.08065
387,3.49387,12.07247
388,3.49961,12.06427
389,3.50533,12.05606
390,3.51103,12.04784
391,3.51671,12.03960
392,3.52238,12.03135
393,3.52802,12.02309
394,3.53364,12.01481
395,3.53925,12.00652
396,3.54483,11.99821
397,3.55040,11.98990
398,3.55595,11.98157
399,3.56148,11.97323
400,3.56699,11.96488
401,3.57248,11.95651
402,3.57796,11.94813
403,3.58341,11.93974
404,3.58885,11.93134
405,3.59427,11.92293
406,3.59968,11.91451
407,3.60506,11.90607
408,3.61043,11.89763
409,3.61578,11.88917
410,3.62112,11.88071
411,3.62643,11.87223
412,3.63173,11.86374
413,3.63702,11.85524
414,3.64229,11.84673
415,3.64754,11.83821
416,3.65277,11.82968
417,3.65799,11.82114
418,3.66319,11.81259
419,3.66838,11.80403
420,3.67355,11.79547
421,3.67870,11.78689
422,3.68384,11.77830
423,3.68896,11.76970
424,3.69407,11.76110
425,3.69916,11.75249
426,3.70424,11.74386
427,3.70931,11.73523
428,3.71435,11.72659
429,3.71939,11.71794
430,3.72441,11.70928
431,3.72941,11.70062
432,3.73441,11.69194
433,3.73938,11.68326
434,3.74435,11.67457
435,3.74930,11.66588
436,3.75423,11.65717
437,3.75916,11.64846
438,3.76407,11.63974
439,3.76896,11.63101
440,3.77385,11.62228
441,3.77872,11.61353
442,3.78358,11.60478
443,3.78842,11.59603
444,3.79325,11.58727
445,3.79807,11.57850
446,3.80288,11.56972
447,3.80768,11.56094
448,3.81246,11.55215
449,3.81724,11.54335
450,3.82200,11.53455
451,3.82675,11.52574
452,3.83149,11.51693
453,3.83621,11.50811
454,3.84093,11.49928
455,3.84564,11.49045
456,3.85033,11.48161
457,3.85502,11.47277
458,3.85969,11.46392
459,3.86435,11.45506
460,3.86901,11.44620
461,3.87365,11.43734
462,3.87828,11.42847
463,3.88291,11.41959
464,3.88752,11.41071
465,3.89212,11.40183
466,3.89672,11.39294
467,3.90131,11.38404
468,3.90588,11.37514
469,3.91045,11.36624
470,3.91501,11.35733
471,3.91956,11.34842
472,3.92410,11.33950
473,3.92864,11.33058
474,3.93316,11.32166
475,3.93768,11.31273
476,3.94219,11.30379
477,3.94669,11.29485
478,3.95119,11.28591
479,3.95568,11.27697
480,3.96016,11.26802
481,3.96463,11.25907
482,3.96909,11.25011
483,3.97355,11.24115
484,3.97800,11.23219
485,3.98245,11.22322
486,3.98689,11.21426
487,3.99132,11.20528
488,3.99575,11.19631
489,4.00017,11.18733
490,4.00458,11.17835
491,4.00899,11.16937
492,4.01340,11.16038
493,4.01779,11.15139
494,4.02219,11.14240
495,4.02657,11.13340
496,4.03096,11.12441
497,4.03533,11.11541
498,4.03971,11.10641
499,4.04407,11.09740
500,4.04844,11.08840
501,4.05279,11.07939
502,4.05715,11.07038
503,4.06149,11.06136
504,4.06584,11.05235
505,4.07018,11.04333
506,4.07451,11.03431
507,4.07884,11.02528
508,4.08316,11.01626
509,4.08748,11.00723
510,4.09179,10.99820
511,4.09610,10.98917
512,4.10040,10.98013
513,4.10470,10.97110
514,4.10900,10.96206
515,4.11329,10.95302
516,4.11757,10.94397
517,4.12185,10.93493
518,4.12613,10.92588
519,4.13040,10.91683
520,4.13466,10.90778
521,4.13892,10.89872
522,4.14318,10.88966
523,4.14743,10.88060
524,4.15168,10.87154
525,4.15592,10.86248
526,4.16016,10.85341
527,4.16439,10.84434
528,4.16862,10.83527
529,4.17284,10.82620
530,4.17706,10.81713
531,4.18127,10.80805
532,4.18548,10.79897
533,4.18969,10.78989
534,4.19389,10.78081
535,4.19809,10.77172
536,4.20228,10.76264
537,4.20647,10.75355
538,4.21065,10.74446
539,4.21483,10.73536
540,4.21900,10.72627
541,4.22317,10.71717
542,4.22733,10.70807
543,4.23149,10.69897
544,4.23565,10.68986
545,4.23980,10.68076
546,4.24395,10.67165
547,4.24809,10.66254
548,4.25223,10.65343
549,4.25636,10.64432
550,4.26049,10.63520
551,4.26462,10.62608
552,4.26874,10.61696
553,4.27286,10.60784
554,4.27697,10.59872
555,4.28108,10.58959
556,4.28518,10.58047
557,4.28928,10.57134
558,4.29338,10.56221
559,4.29747,10.55307
560,4.30156,10.54394
561,4.30564,10.53480
562,4.30972,10.52567
563,4.31379,10.51653
564,4.31787,10.50738
565,4.32193,10.49824
566,4.32599,10.48909
567,4.33005,10.47995
568,4.33411,10.47080
569,4.33816,10.46165
570,4.34220,10.45249
571,4.34625,10.44334
572,4.35028,10.43418
573,4.35432,10.42502
574,4.35835,10.41586
575,4.36237,10.40670
576,4.36640,10.39754
577,4.37041,10.38837
578,4.37443,10.37921
579,4.37844,10.37004
580,4.38245,10.36087
581,4.38645,10.35170
582,4.39045,10.34252
583,4.39444,10.33335
584,4.39843,10.32417
585,4.40242,10.31499
586,4.40640,10.30581
587,4.41038,10.29663
588,4.41436,10.28744
589,4.41833,10.27826
590,4.42230,10.26907
591,4.42626,10.25988
592,4.43023,10.25069
593,4.43418,10.24150
594,4.43814,10.23231
595,4.44209,10.22311
596,4.44603,10.21392
597,4.44998,10.20472
598,4.45391,10.19552
599,4.45785,10.18632
600,4.46178,10.17712
601,4.46571,10.16791
602,4.46963,10.15871
603,4.47356,10.14950
604,4.47747,10.14029
605,4.48139,10.13108
606,4.48530,10.12187
607,4.48920,10.11266
608,4.49311,10.10344
609,4.49701,10.09422
610,4.50091,10.08501
611,4.50480,10.07579
612,4.50869,10.06657
613,4.51257,10.05735
614,4.51646,10.04812
615,4.52034,10.03890
616,4.52421,10.02967
617,4.52809,10.02044
618,4.53196,10.01122
619,4.53582,10.00199
620,4.53969,9.99275
621,4.54355,9.98352
622,4.54740,9.97429
623,4.55126,9.96505
624,4.55511,9.95581
625,4.55895,9.94658
626,4.56280,9.93734
627,4.56664,9.92809
628,4.57048,9.91885
629,4.57431,9.90961
630,4.57814,9.90036
631,4.58197,9.89112
632,4.58579,9.88187
633,4.58961,9.87262
634,4.59343,9.86337
635,4.59725,9.85412
636,4.60106,9.84486
637,4.60487,9.83561
638,4.60867,9.82636
639,4.61248,9.81710
640,4.61628,9.80784
641,4.62007,9.79858
642,4.62386,9.78932
643,4.62766,9.78006
644,4.63144,9.77080
645,4.63523,9.76153
646,4.63901,9.75227
647,4.64279,9.74300
648,4.64656,9.73373
649,4.65033,9.72446
650,4.65410,9.71519
651,4.65787,9.70592
652,4.66163,9.69665
653,4.66539,9.68737
654,4.66915,9.67810
655,4.67290,9.66882
656,4.67665,9.65954
657,4.68040,9.65026
658,4.68414,9.64098
659,4.68789,9.63170
660,4.69163,9.62242
661,4.69536,9.61314
662,4.69910,9.60385
663,4.70283,9.59456
664,4.70655,9.58528
665,4.71028,9.57599
666,4.71400,9.56670
667,4.71772,9.55741
668,4.72144,9.54812
669,4.72515,9.53882
670,4.72886,9.52953
671,4.73257,9.52023
672,4.73627,9.51094
673,4.73997,9.50164
674,4.74367,9.49234
675,4.74737,9.48304
676,4.75106,9.47374
677,4.75476,9.46444
678,4.75844,9.45514
679,4.76213,9.44583
680,4.76581,9.43653
681,4.76949,9.42722
682,4.77317,9.41792
683,4.77684,9.40861
684,4.78052,9.39930
685,4.78418,9.38999
686,4.78785,9.38068
687,4.79151,9.37136
688,4.79518,9.36205
689,4.79883,9.35273
690,4.80249,9.34342
691,4.80614,9.33410
692,4.80979,9.32478
693,4.81344,9.31547
694,4.81709,9.30615
695,4.82073,9.29682
696,4.82437,9.28750
697,4.82801,9.27818
698,4.83164,9.26886
699,4.83527,9.25953
700,4.83890,9.25021
701,4.84253,9.24088
702,4.84616,9.23155
703,4.84978,9.22222
704,4.85340,9.21289
705,4.85702,9.20356
706,4.86063,9.19423
707,4.86424,9.18490
708,4.86785,9.17556
709,4.87146,9.16623
710,4.87506,9.15689
711,4.87867,9.14756
712,4.88227,9.13822
713,4.88586,9.12888
714,4.88946,9.11954
715,4.89305,9.11020
716,4.89664,9.10086
717,4.90023,9.09152
718,4.90382,9.08218
719,4.90740,9.07283
720,4.91098,9.06349
721,4.91456,9.05414
722,4.91813,9.04479
723,4.92171,9.03545
724,4.92528,9.02610
725,4.92885,9.01675
726,4.93241,9.00740
727,4.93598,8.99805
728,4.93954,8.98870
729,4.94310,8.97934
730,4.94666,8.96999
731,4.95021,8.96063
732,4.95376,8.95128
733,4.95732,8.94192
734,4.96086,8.93257
735,4.96441,8.92321
736,4.96795,8.91385
737,4.97150,8.90449
738,4.97503,8.89513
739,4.97857,8.88577
740,4.98211,8.87640
741,4.98564,8.86704
742,4.98917,8.85768
743,4.99270,8.84831
744,4.99623,8.83895
745,4.99975,8.82958
746,5.00327,8.82021
747,5.00679,8.81085
748,5.01031,8.80148
749,5.01383,8.79211
750,5.01734,8.78274
751,5.02085,8.77337
752,5.02436,8.76400
753,5.02787,8.75462
754,5.03137,8.74525
755,5.03488,8.73588
756,5.03838,8.72650
757,5.04188,8.71713
758,5.04538,8.70775
759,5.04887,8.69837
760,5.05236,8.68899
761,5.05586,8.67962
762,5.05934,8.67024
763,5.06283,8.66086
764,5.06632,8.65148
765,5.06980,8.64209
766,5.07328,8.63271
767,5.07676,8.62333
768,5.08024,8.61394
769,5.08371,8.60456
770,5.08719,8.59518
771,5.09066,8.58579
772,5.09413,8.57640
773,5.09760,8.56702
774,5.10106,8.55763
775,5.10453,8.54824
776,5.10799,8.53885
777,5.11145,8.52946
778,5.11491,8.52007
779,5.11837,8.51068
780,5.12182,8.50129
781,5.12528,8.49189
782,5.12873,8.48250
783,5.13218,8.47311
784,5.13563,8.46371
785,5.13907,8.45432
786,5.14252,8.44492
787,5.14596,8.43552
788,5.14940,8.42613
789,5.15284,8.41673
790,5.15628,8.40733
791,5.15971,8.39793
792,5.16315,8.38853
793,5.16658,8.37913
794,5.17001,8.36973
795,5.17344,8.36033
796,5.17686,8.35093
797,5.18029,8.34152
798,5.18371,8.33212
799,5.18714,8.32272
800,5.19056,8.31331
801,5.19398,8.30391
802,5.19739,8.29450
803,5.20081,8.28509
804,5.20422,8.27569
805,5.20764,8.26628
806,5.21105,8.25687
807,5.21446,8.24746
808,5.21787,8.23805
809,5.22127,8.22864
810,5.22468,8.21923
811,5.22808,8.20982
812,5.23148,8.20041
813,5.23488,8.19100
814,5.23828,8.18159
815,5.24168,8.17217
816,5.24507,8.16276
817,5.24847,8.15335
818,5.25186,8.14393
819,5.25525,8.13452
820,5.25864,8.12510
821,5.26203,8.11568
822,5.26542,8.10627
823,5.26880,8.09685
824,5.27219,8.08743
825,5.27557,8.07801
826,5.27895,8.06860
827,5.28233,8.05918
828,5.28571,8.04976
829,5.28909,8.04034
830,5.29246,8.03092
831,5.29584,8.02149
832,5.29921,8.01207
833,5.30258,8.00265
834,5.30595,7.99323
835,5.30932,7.98380
836,5.31269,7.97438
837,5.31606,7.96496
838,5.31942,7.95553
839,5.32279,7.94611
840,5.32615,7.93668
841,5.32951,7.92726
842,5.33287,7.91783
843,5.33623,7.90840
844,5.33959,7.89898
845,5.34295,7.88955
846,5.34630,7.88012
847,5.34966,7.87069
848,5.35301,7.86126
849,5.35636,7.85183
850,5.35971,7.84240
851,5.36306,7.83297
852,5.36641,7.82354
853,5.36976,7.81411
854,5.37311,7.80468
855,5.37645,7.79525
856,5.37979,7.78582
857,5.38314,7.77639
858,5.38648,7.76695
859,5.38982,7.75752
860,5.39316,7.74809
861,5.39650,7.73865
862,5.39984,7.72922
863,5.40317,7.71978
864,5.40651,7.71035
865,5.40984,7.70091
866,5.41317,7.69148
867,5.41651,7.68204
868,5.41984,7.67260
869,5.42317,7.66317
870,5.42650,7.65373
871,5.42983,7.64429
872,5.43315,7.63485
873,5.43648,7.62541
874,5.43981,7.61598
875,5.44313,7.60654
876,5.44645,7.59710
877,5.44978,7.58766
878,5.45310,7.57822
879,5.45642,7.56878
880,5.45974,7.55934
881,5.46306,7.54990
882,5.46638,7.54046
883,5.46969,7.53101
884,5.47301,7.52157
885,5.47633,7.51213
886,5.47964,7.50269
887,5.48296,7.49324
888,5.48627,7.48380
889,5.48958,7.47436
890,5.49289,7.46491
891,5.49620,7.45547
892,5.49951,7.44603
893,5.50282,7.43658
894,5.50613,7.42714
895,5.50944,7.41769
896,5.51275,7.40825
897,5.51605,7.39880
898,5.51936,7.38936
899,5.52266,7.37991
900,5.52597,7.37046
901,5.52927,7.36102
902,5.53257,7.35157
903,5.53588,7.34213
904,5.53918,7.33268
905,5.54248,7.32323
906,5.54578,7.31378
907,5.54908,7.30434
908,5.55238,7.29489
909,5.55568,7.28544
910,5.55897,7.27599
911,5.56227,7.26654
912,5.56557,7.25709
913,5.56886,7.24764
914,5.57216,7.23819
915,5.57545,7.22875
916,5.57875,7.21930
917,5.58204,7.20985
918,5.58533,7.20040
919,5.58863,7.19095
920,5.59192,7.18150
921,5.59521,7.17204
922,5.59850,7.16259
923,5.60179,7.15314
924,5.60508,7.14369
925,5.60837,7.13424
926,5.61166,7.12479
927,5.61495,7.11534
928,5.61824,7.10589
929,5.62152,7.09643
930,5.62481,7.08698
931,5.62810,7.07753
932,5.63138,7.06808
933,5.63467,7.05863
934,5.63796,7.04917
935,5.64124,7.03972
936,5.64453,7.03027
937,5.64781,7.02081
938,5.65109,7.01136
939,5.65438,7.00191
940,5.65766,6.99245
941,5.66094,6.98300
942,5.66422,6.97355
943,5.66751,6.96409
944,5.67079,6.95464
945,5.67407,6.94518
946,5.67735,6.93573
947,5.68063,6.92627
948,5.68391,6.91682
949,5.68718,6.90736
950,5.69046,6.89791
951,5.69374,6.88845
952,5.69702,6.87900
953,5.70029,6.86954
954,5.70357,6.86009
955,5.70684,6.85063
956,5.71012,6.84117
957,5.71339,6.83172
958,5.71667,6.82226
959,5.71994,6.81280
960,5.72322,6.80335
961,5.72649,6.79389
962,5.72976,6.78443
963,5.73303,6.77497
964,5.73630,6.76552
965,5.73957,6.75606
966,5.74284,6.74660
967,5.74611,6.73714
968,5.74938,6.72768
969,5.75265,6.71823
970,5.75592,6.70877
971,5.75919,6.69931
972,5.76245,6.68985
973,5.76572,6.68039
974,5.76899,6.67093
975,5.77225,6.66147
976,5.77552,6.65201
977,5.77878,6.64255
978,5.78205,6.63309
979,5.78531,6.62363
980,5.78857,6.61417
981,5.79183,6.60471
982,5.79510,6.59525
983,5.79836,6.58579
984,5.80162,6.57633
985,5.80488,6.56687
986,5.80814,6.55740
987,5.81140,6.54794
988,5.81466,6.53848
989,5.81791,6.52902
990,5.82117,6.51956
991,5.82443,6.51009
992,5.82769,6.50063
993,5.83094,6.49117
994,5.83420,6.48171
995,5.83745,6.47224
996,5.84071,6.46278
997,5.84396,6.45331
998,5.84721,6.44385
999,5.85047,6.43439
1000,5.85372,6.42492
1001,5.85697,6.41546
1002,5.86022,6.40599
1003,5.86347,6.39653
1004,5.86672,6.38706
1005,5.86997,6.37760
1006,5.87322,6.36813
1007,5.87647,6.35867
1008,5.87971,6.34920
1009,5.88296,6.33974
1010,5.88621,6.33027
1011,5.88945,6.32080
1012,5.89270,6.31134
1013,5.89594,6.30187
1014,5.89919,6.29240
1015,5.90243,6.28294
1016,5.90567,6.27347
1017,5.90892,6.26400
1018,5.91216,6.25453
1019,5.91540,6.24507
1020,5.91864,6.23560
1021,5.92188,6.22613
1022,5.92512,6.21666
1023,5.92836,6.20719
1024,5.93160,6.19772
1025,5.93484,6.18825
1026,5.93807,6.17879
1027,5.94131,6.16932
1028,5.94454,6.15985
1029,5.94778,6.15038
1030,5.95101,6.14091
1031,5.95425,6.13144
1032,5.95748,6.12196
1033,5.96072,6.11249
1034,5.96395,6.10302
1035,5.96718,6.09355
1036,5.97041,6.08408
1037,5.97364,6.07461
1038,5.97687,6.06514
1039,5.98010,6.05566
1040,5.98333,6.04619
1041,5.98656,6.03672
1042,5.98978,6.02725
1043,5.99301,6.01777
1044,5.99624,6.00830
1045,5.99946,5.99883
1046,6.00269,5.98935
1047,6.00591,5.97988
1048,6.00913,5.97041
1049,6.01236,5.96093
1050,6.01558,5.95146
1051,6.01880,5.94198
1052,6.02202,5.93251
1053,6.02524,5.92303
1054,6.02846,5.91356
1055,6.03168,5.90408
1056,6.03490,5.89461
1057,6.03812,5.88513
1058,6.04133,5.87566
1059,6.04455,5.86618
1060,6.04777,5.85670
1061,6.05098,5.84723
1062,6.05420,5.83775
1063,6.05741,5.82827
1064,6.06062,5.81879
1065,6.06384,5.80932
1066,6.06705,5.79984
1067,6.07026,5.79036
1068,6.07347,5.78088
1069,6.07668,5.77140
1070,6.07989,5.76192
1071,6.08310,5.75245
1072,6.08631,5.74297
1073,6.08951,5.73349
1074,6.09272,5.72401
1075,6.09593,5.71453
1076,6.09913,5.70505
1077,6.10234,5.69557
1078,6.10554,5.68609
1079,6.10874,5.67660
1080,6.11195,5.66712
1081,6.11515,5.65764
1082,6.11835,5.64816
1083,6.12155,5.63868
1084,6.12475,5.62920
1085,6.12795,5.61972
1086,6.13115,5.61023
1087,6.13434,5.60075
1088,6.13754,5.59127
1089,6.14074,5.58178
1090,6.14393,5.57230
1091,6.14713,5.56282
1092,6.15032,5.55333
1093,6.15352,5.54385
1094,6.15671,5.53436
1095,6.15990,5.52488
1096,6.16309,5.51539
1097,6.16628,5.50591
1098,6.16947,5.49642
1099,6.17266,5.48694
1100,6.17585,5.47745
1101,6.17904,5.46797
1102,6.18223,5.45848
1103,6.18541,5.44899
1104,6.18860,5.43951
1105,6.19178,5.43002
1106,6.19497,5.42053
1107,6.19815,5.41105
1108,6.20133,5.40156
1109,6.20452,5.39207
1110,6.20770,5.38258
1111,6.21088,5.37309
1112,6.21406,5.36361
1113,6.21724,5.35412
1114,6.22042,5.34463
1115,6.22359,5.33514
1116,6.22677,5.32565
1117,6.22995,5.31616
1118,6.23312,5.30667
1119,6.23630,5.29718
1120,6.23947,5.28769
1121,6.24265,5.27820
1122,6.24582,5.26870
1123,6.24899,5.25921
1124,6.25216,5.24972
1125,6.25533,5.24023
1126,6.25850,5.23074
1127,6.26167,5.22125
1128,6.26484,5.21175
1129,6.26800,5.20226
1130,6.27117,5.19277
1131,6.27434,5.18327
1132,6.27750,5.17378
1133,6.28067,5.16429
1134,6.28383,5.15479
1135,6.28699,5.14530
1136,6.29015,5.13580
1137,6.29332,5.12631
1138,6.29648,5.11681
1139,6.29964,5.10732
1140,6.30279,5.09782
1141,6.30595,5.08832
1142,6.30911,5.07883
1143,6.31227,5.06933
1144,6.31542,5.05984
1145,6.31858,5.05034
1146,6.32173,5.04084
1147,6.32488,5.03134
1148,6.32804,5.02185
1149,6.33119,5.01235
1150,6.33434,5.00285
1151,6.33749,4.99335
1152,6.34064,4.98385
1153,6.34379,4.97435
1154,6.34694,4.96485
1155,6.35008,4.95535
1156,6.35323,4.94585
1157,6.35638,4.93635
1158,6.35952,4.92685
1159,6.36266,4.91735
1160,6.36581,4.90785
1161,6.36895,4.89835
1162,6.37209,4.88885
1163,6.37523,4.87935
1164,6.37837,4.86985
1165,6.38151,4.86034
1166,6.38465,4.85084
1167,6.38779,4.84134
1168,6.39092,4.83183
1169,6.39406,4.82233
1170,6.39719,4.81283
1171,6.40033,4.80332
1172,6.40346,4.79382
1173,6.40659,4.78431
1174,6.40973,4.77481
1175,6.41286,4.76530
1176,6.41599,4.75580
1177,6.41911,4.74629
1178,6.42224,4.73679
1179,6.42537,4.72728
1180,6.42850,4.71778
1181,6.43162,4.70827
1182,6.43475,4.69876
1183,6.43787,4.68925
1184,6.44100,4.67975
1185,6.44412,4.67024
1186,6.44724,4.66073
1187,6.45036,4.65122
1188,6.45348,4.64171
1189,6.45660,4.63221
1190,6.45972,4.62270
1191,6.46284,4.61319
1192,6.46595,4.60368
1193,6.46907,4.59417
1194,6.47218,4.58466
1195,6.47530,4.57515
1196,6.47841,4.56564
1197,6.48152,4.55612
1198,6.48463,4.54661
1199,6.48774,4.53710
1200,6.49085,4.52759
1201,6.49396,4.51808
1202,6.49707,4.50856
1203,6.50018,4.49905
1204,6.50328,4.48954
1205,6.50639,4.48003
1206,6.50949,4.47051
1207,6.51260,4.46100
1208,6.51570,4.45148
1209,6.51880,4.44197
1210,6.52190,4.43245
1211,6.52500,4.42294
1212,6.52810,4.41342
1213,6.53120,4.40391
1214,6.53430,4.39439
1215,6.53739,4.38488
1216,6.54049,4.37536
1217,6.54358,4.36584
1218,6.54668,4.35633
1219,6.54977,4.34681
1220,6.55286,4.33729
1221,6.55595,4.32777
1222,6.55904,4.31825
1223,6.56213,4.30874
1224,6.56522,4.29922
1225,6.56831,4.28970
1226,6.57139,4.28018
1227,6.57448,4.27066
1228,6.57756,4.26114
1229,6.58065,4.25162
1230,6.58373,4.24210
1231,6.58681,4.23258
1232,6.58989,4.22305
1233,6.59297,4.21353
1234,6.59605,4.20401
1235,6.59913,4.19449
1236,6.60221,4.18497
1237,6.60528,4.17544
1238,6.60836,4.16592
1239,6.61143,4.15640
1240,6.61451,4.14687
1241,6.61758,4.13735
1242,6.62065,4.12783
1243,6.62372,4.11830
1244,6.62679,4.10878
1245,6.62986,4.09925
1246,6.63293,4.08973
1247,6.63600,4.08020
1248,6.63906,4.07067
1249,6.64213,4.06115
1250,6.64519,4.05162
1251,6.64826,4.04209
1252,6.65132,4.03257
1253,6.65438,4.02304
1254,6.65744,4.01351
1255,6.66050,4.00398
1256,6.66356,3.99446
1257,6.66662,3.98493
1258,6.66968,3.97540
1259,6.67273,3.96587
1260,6.67579,3.95634
1261,6.67884,3.94681
1262,6.68190,3.93728
1263,6.68495,3.92775
1264,6.68800,3.91822
1265,6.69105,3.90869
1266,6.69410,3.89915
1267,6.69715,3.88962
1268,6.70020,3.88009
1269,6.70324,3.87056
1270,6.70629,3.86103
1271,6.70933,3.85149
1272,6.71238,3.84196
1273,6.71542,3.83243
1274,6.71846,3.82289
1275,6.72150,3.81336
1276,6.72455,3.80382
1277,6.72758,3.79429
1278,6.73062,3.78476
1279,6.73366,3.77522
1280,6.73670,3.76568
1281,6.73973,3.75615
1282,6.74277,3.74661
1283,6.74580,3.73708
1284,6.74883,3.72754
1285,6.75187,3.71800
1286,6.75490,3.70847
1287,6.75793,3.69893
1288,6.76096,3.68939
1289,6.76399,3.67985
1290,6.76701,3.67031
1291,6.77004,3.66077
1292,6.77306,3.65124
1293,6.77609,3.64170
1294,6.77911,3.63216
1295,6.78214,3.62262
1296,6.78516,3.61308
1297,6.78818,3.60354
1298,6.79120,3.59399
1299,6.79422,3.58445
1300,6.79724,3.57491
1301,6.80025,3.56537
1302,6.80327,3.55583
1303,6.80628,3.54629
1304,6.80930,3.53674
1305,6.81231,3.52720
1306,6.81532,3.51766
1307,6.81834,3.50811
1308,6.82135,3.49857
1309,6.82436,3.48903
1310,6.82736,3.47948
1311,6.83037,3.46994
1312,6.83338,3.46039
1313,6.83639,3.45085
1314,6.83939,3.44130
1315,6.84239,3.43176
1316,6.84540,3.42221
1317,6.84840,3.41266
1318,6.85140,3.40312
1319,6.85440,3.39357
1320,6.85740,3.38402
1321,6.86040,3.37447
1322,6.86340,3.36493
1323,6.86639,3.35538
1324,6.86939,3.34583
1325,6.87238,3.33628
1326,6.87538,3.32673
1327,6.87837,3.31718
1328,6.88136,3.30763
1329,6.88435,3.29808
1330,6.88734,3.28853
1331,6.89033,3.27898
1332,6.89332,3.26943
1333,6.89631,3.25988
1334,6.89930,3.25033
1335,6.90228,3.24078
1336,6.90527,3.23123
1337,6.90825,3.22167
1338,6.91123,3.21212
1339,6.91421,3.20257
1340,6.91719,3.19302
1341,6.92017,3.18346
1342,6.92315,3.17391
1343,6.92613,3.16435
1344,6.92911,3.15480
1345,6.93208,3.14525
1346,6.93506,3.13569
1347,6.93803,3.12614
1348,6.94101,3.11658
1349,6.94398,3.10702
1350,6.94695,3.09747
1351,6.94992,3.08791
1352,6.95289,3.07836
1353,6.95586,3.06880
1354,6.95883,3.05924
1355,6.96179,3.04968
1356,6.96476,3.04013
1357,6.96772,3.03057
1358,6.97069,3.02101
1359,6.97365,3.01145
1360,6.97661,3.00189
1361,6.97957,2.99233
1362,6.98253,2.98277
1363,6.98549,2.97321
1364,6.98845,2.96365
1365,6.99141,2.95409
1366,6.99437,2.94453
1367,6.99732,2.93497
1368,7.00028,2.92541
1369,7.00323,2.91585
1370,7.00618,2.90629
1371,7.00913,2.89672
1372,7.01209,2.88716
1373,7.01504,2.87760
1374,7.01798,2.86804
1375,7.02093,2.85847
1376,7.02388,2.84891
1377,7.02683,2.83935
1378,7.02977,2.82978
1379,7.03271,2.82022
1380,7.03566,2.81065
1381,7.03860,2.80109
1382,7.04154,2.79152
1383,7.04448,2.78196
1384,7.04742,2.77239
1385,7.05036,2.76282
1386,7.05330,2.75326
1387,7.05624,2.74369
1388,7.05917,2.73412
1389,7.06211,2.72456
1390,7.06504,2.71499
1391,7.06797,2.70542
1392,7.07090,2.69585
1393,7.07384,2.68628
1394,7.07677,2.67672
1395,7.07970,2.66715
1396,7.08262,2.65758
1397,7.08555,2.64801
1398,7.08848,2.63844
1399,7.09140,2.62887
1400,7.09433,2.61930
1401,7.09725,2.60973
1402,7.10017,2.60016
1403,7.10310,2.59058
1404,7.10602,2.58101
1405,7.10894,2.57144
1406,7.11185,2.56187
1407,7.11477,2.55230
1408,7.11769,2.54272
1409,7.12061,2.53315
1410,7.12352,2.52358
1411,7.12643,2.51400
1412,7.12935,2.50443
1413,7.13226,2.49485
1414,7.13517,2.48528
1415,7.13808,2.47570
1416,7.14099,2.46613
1417,7.14390,2.45655
1418,7.14681,2.44698
1419,7.14971,2.43740
1420,7.15262,2.42783
1421,7.15552,2.41825
1422,7.15843,2.40867
1423,7.16133,2.39910
1424,7.16423,2.38952
1425,7.16713,2.37994
1426,7.17003,2.37036
1427,7.17293,2.36078
1428,7.17583,2.35121
1429,7.17873,2.34163
1430,7.18162,2.33205
1431,7.18452,2.32247
1432,7.18741,2.31289
1433,7.19031,2.30331
1434,7.19320,2.29373
1435,7.19609,2.28415
1436,7.19898,2.27457
1437,7.20187,2.26499
1438,7.20476,2.25541
1439,7.20765,2.24582
1440,7.21053,2.23624
1441,7.21342,2.22666
1442,7.21631,2.21708
1443,7.21919,2.20749
1444,7.22207,2.19791
1445,7.22495,2.18833
1446,7.22784,2.17874
1447,7.23072,2.16916
1448,7.23359,2.15958
1449,7.23647,2.14999
1450,7.23935,2.14041
1451,7.24223,2.13082
1452,7.24510,2.12124
1453,7.24798,2.11165
1454,7.25085,2.10206
1455,7.25372,2.09248
1456,7.25659,2.08289
1457,7.25946,2.07331
1458,7.26233,2.06372
1459,7.26520,2.05413
1460,7.26807,2.04454
1461,7.27094,2.03496
1462,7.27380,2.02537
1463,7.27667,2.01578
1464,7.27953,2.00619
1465,7.28240,1.99660
1466,7.28526,1.98701
1467,7.28812,1.97742
1468,7.29098,1.96783
1469,7.29384,1.95824
1470,7.29670,1.94865
1471,7.29955,1.93906
1472,7.30241,1.92947
1473,7.30527,1.91988
1474,7.30812,1.91029
1475,7.31097,1.90069
1476,7.31383,1.89110
1477,7.31668,1.88151
1478,7.31953,1.87192
1479,7.32238,1.86232
1480,7.32523,1.85273
1481,7.32808,1.84314
1482,7.33092,1.83354
1483,7.33377,1.82395
1484,7.33661,1.81435
1485,7.33946,1.80476
1486,7.34230,1.79517
1487,7.34514,1.78557
1488,7.34799,1.77597
1489,7.35083,1.76638
1490,7.35366,1.75678
1491,7.35650,1.74719
1492,7.35934,1.73759
1493,7.36218,1.72799
1494,7.36501,1.71840
1495,7.36785,1.70880
1496,7.37068,1.69920
1497,7.37351,1.68960
1498,7.37635,1.68000
1499,7.37918,1.67040
1500,7.38201,1.66081
1501,7.38483,1.65121
1502,7.38766,1.64161
1503,7.39049,1.63201
1504,7.39332,1.62241
1505,7.39614,1.61281
1506,7.39896,1.60321
1507,7.40179,1.59361
1508,7.40461,1.58400
1509,7.40743,1.57440
1510,7.41025,1.56480
1511,7.41307,1.55520
1512,7.41589,1.54560
1513,7.41871,1.53599
1514,7.42152,1.52639
1515,7.42434,1.51679
1516,7.42715,1.50718
1517,7.42997,1.49758
1518,7.43278,1.48798
1519,7.43559,1.47837
1520,7.43840,1.46877
1521,7.44121,1.45916
1522,7.44402,1.44956
1523,7.44683,1.43995
1524,7.44964,1.43035
1525,7.45244,1.42074
1526,7.45525,1.41114
1527,7.45805,1.40153
1528,7.46085,1.39192
1529,7.46366,1.38232
1530,7.46646,1.37271
1531,7.46926,1.36310
1532,7.47206,1.35349
1533,7.47485,1.34388
1534,7.47765,1.33428
1535,7.48045,1.32467
1536,7.48324,1.31506
1537,7.48604,1.30545
1538,7.48883,1.29584
1539,7.49162,1.28623
1540,7.49442,1.27662
1541,7.49721,1.26701
1542,7.50000,1.25740
1543,7.50278,1.24779
1544,7.50557,1.23818
1545,7.50836,1.22856
1546,7.51115,1.21895
1547,7.51393,1.20934
1548,7.51671,1.19973
1549,7.51950,1.19012
1550,7.52228,1.18050
1551,7.52505,1.17089
1552,7.52783,1.16127
1553,7.53061,1.15166
1554,7.53338,1.14204
1555,7.53615,1.13243
1556,7.53892,1.12281
1557,7.54169,1.11320
1558,7.54446,1.10358
1559,7.54722,1.09396
1560,7.54998,1.08434
1561,7.55274,1.07472
1562,7.55550,1.06510
1563,7.55825,1.05548
1564,7.56100,1.04586
1565,7.56375,1.03623
1566,7.56649,1.02661
1567,7.56924,1.01699
1568,7.57197,1.00736
1569,7.57471,0.99773
1570,7.57744,0.98811
1571,7.58017,0.97848
1572,7.58290,0.96885
1573,7.58562,0.95922
1574,7.58833,0.94959
1575,7.59105,0.93996
1576,7.59376,0.93032
1577,7.59646,0.92069
1578,7.59916,0.91105
1579,7.60186,0.90142
1580,7.60456,0.89178
1581,7.60724,0.88214
1582,7.60993,0.87250
1583,7.61261,0.86286
1584,7.61528,0.85321
1585,7.61795,0.84357
1586,7.62062,0.83392
1587,7.62328,0.82427
1588,7.62593,0.81463
1589,7.62858,0.80498
1590,7.63123,0.79532
1591,7.63387,0.78567
1592,7.63650,0.77602
1593,7.63913,0.76636
1594,7.64175,0.75670
1595,7.64437,0.74704
1596,7.64698,0.73738
1597,7.64958,0.72772
1598,7.65218,0.71806
1599,7.65477,0.70839
1600,7.65736,0.69872
1601,7.65994,0.68905
1602,7.66251,0.67938
1603,7.66508,0.66971
1604,7.66764,0.66004
1605,7.67019,0.65036
1606,7.67274,0.64068
1607,7.67528,0.63100
1608,7.67781,0.62132
1609,7.68033,0.61164
1610,7.68285,0.60195
1611,7.68536,0.59226
1612,7.68787,0.58257
1613,7.69036,0.57288
1614,7.69285,0.56319
1615,7.69533,0.55349
1616,7.69780,0.54380
1617,7.70027,0.53410
1618,7.70272,0.52440
1619,7.70517,0.51469
1620,7.70761,0.50499
1621,7.71004,0.49528
1622,7.71246,0.48557
1623,7.71488,0.47586
1624,7.71728,0.46615
1625,7.71968,0.45643
1626,7.72207,0.44671
1627,7.72445,0.43699
1628,7.72682,0.42727
1629,7.72918,0.41754
1630,7.73153,0.40782
1631,7.73387,0.39809
1632,7.73621,0.38836
1633,7.73853,0.37862
1634,7.74084,0.36888
1635,7.74315,0.35915
1636,7.74544,0.34941
1637,7.74773,0.33966
1638,7.75000,0.32992
1639,7.75227,0.32017
1640,7.75452,0.31042
1641,7.75676,0.30067
1642,7.75900,0.29091
1643,7.76122,0.28115
1644,7.76343,0.27139
1645,7.76563,0.26163
1646,7.76782,0.25187
1647,7.77000,0.24210
1648,7.77217,0.23233
1649,7.77433,0.22256
1650,7.77647,0.21278
1651,7.77861,0.20301
1652,7.78073,0.19323
1653,7.78284,0.18344
1654,7.78494,0.17366
1655,7.78703,0.16387
1656,7.78910,0.15408
1657,7.79117,0.14429
1658,7.79322,0.13450
1659,7.79526,0.12470
1660,7.79729,0.11490
1661,7.79930,0.10510
1662,7.80131,0.09529
1663,7.80330,0.08548
1664,7.80528,0.07567
1665,7.80724,0.06586
1666,7.80919,0.05605
1667,7.81113,0.04623
1668,7.81305,0.03641
1669,7.81482,0.02656
1670,7.81617,0.01664
1671,7.81695,0.00667
1672,7.81714,-0.00334
1673,7.81672,-0.01333
1674,7.81566,-0.02328
1675,7.81395,-0.03314
1676,7.81160,-0.04287
1677,7.80864,-0.05243
1678,7.80511,-0.06179
1679,7.80101,-0.07091
1680,7.79638,-0.07978
1681,7.79125,-0.08838
1682,7.78564,-0.09666
1683,7.77958,-0.10463
1684,7.77309,-0.11224
1685,7.76620,-0.11949
1686,7.75892,-0.12636
1687,7.75128,-0.13282
1688,7.74329,-0.13885
1689,7.73499,-0.14443
1690,7.72638,-0.14953
1691,7.71750,-0.15413
1692,7.70836,-0.15821
1693,7.69899,-0.16174
1694,7.68943,-0.16469
1695,7.67971,-0.16703
1696,7.66985,-0.16877
1697,7.65991,-0.16991
1698,7.64992,-0.17046
1699,7.63992,-0.17044
1700,7.62993,-0.16984
1701,7.61999,-0.16868
1702,7.61013,-0.16697
1703,7.60038,-0.16470
1704,7.59078,-0.16189
1705,7.58135,-0.15854
1706,7.57213,-0.15466
1707,7.56314,-0.15026
1708,7.55443,-0.14535
1709,7.54601,-0.13994
1710,7.53792,-0.13405
1711,7.53019,-0.12770
1712,7.52286,-0.12089
1713,7.51595,-0.11365
1714,7.50950,-0.10600
1715,7.50356,-0.09795
1716,7.49811,-0.08955
1717,7.49308,-0.08090
1718,7.48836,-0.07208
1719,7.48382,-0.06316
1720,7.47935,-0.05421
1721,7.47494,-0.04523
1722,7.47057,-0.03622
1723,7.46626,-0.02719
1724,7.46199,-0.01814
1725,7.45777,-0.00907
1726,7.45359,0.00002
1727,7.44945,0.00914
1728,7.44536,0.01827
1729,7.44131,0.02742
1730,7.43730,0.03659
1731,7.43333,0.04578
1732,7.42940,0.05498
1733,7.42550,0.06420
1734,7.42164,0.07343
1735,7.41781,0.08267
1736,7.41401,0.09193
1737,7.41025,0.10120
1738,7.40651,0.11049
1739,7.40280,0.11978
1740,7.39912,0.12909
1741,7.39546,0.13840
1742,7.39183,0.14773
1743,7.38822,0.15706
1744,7.38463,0.16640
1745,7.38106,0.17575
1746,7.37751,0.18511
1747,7.37398,0.19447
1748,7.37046,0.20384
1749,7.36696,0.21322
1750,7.36347,0.22259
1751,7.35999,0.23198
1752,7.35652,0.24136
1753,7.35306,0.25075
1754,7.34960,0.26015
1755,7.34615,0.26954
1756,7.34271,0.27893
1757,7.33926,0.28833
1758,7.33582,0.29773
1759,7.33238,0.30712
1760,7.32893,0.31652
1761,7.32549,0.32592
1762,7.32203,0.33531
1763,7.31858,0.34470
1764,7.31511,0.35409
1765,7.31163,0.36347
1766,7.30815,0.37285
1767,7.30466,0.38223
1768,7.30115,0.39161
1769,7.29764,0.40098
1770,7.29412,0.41034
1771,7.29060,0.41971
1772,7.28706,0.42907
1773,7.28351,0.43843
1774,7.27996,0.44778
1775,7.27640,0.45714
1776,7.27283,0.46649
1777,7.26925,0.47583
1778,7.26566,0.48517
1779,7.26207,0.49451
1780,7.25847,0.50385
1781,7.25486,0.51318
1782,7.25124,0.52251
1783,7.24762,0.53184
1784,7.24398,0.54117
1785,7.24034,0.55049
1786,7.23670,0.55981
1787,7.23304,0.56912
1788,7.22938,0.57844
1789,7.22571,0.58775
1790,7.22204,0.59706
1791,7.21835,0.60636
1792,7.21466,0.61566
1793,7.21097,0.62496
1794,7.20726,0.63426
1795,7.20356,0.64355
1796,7.19984,0.65285
1797,7.19612,0.66214
1798,7.19239,0.67142
1799,7.18865,0.68071
1800,7.18491,0.68999
1801,7.18116,0.69927
1802,7.17741,0.70854
1803,7.17365,0.71782
1804,7.16989,0.72709
1805,7.16611,0.73636
1806,7.16234,0.74563
1807,7.15856,0.75489
1808,7.15477,0.76416
1809,7.15097,0.77342
1810,7.14718,0.78267
1811,7.14337,0.79193
1812,7.13956,0.80119
1813,7.13575,0.81044
1814,7.13193,0.81969
1815,7.12811,0.82894
1816,7.12428,0.83818
1817,7.12044,0.84743
1818,7.11661,0.85667
1819,7.11276,0.86591
1820,7.10891,0.87515
1821,7.10506,0.88438
1822,7.10121,0.89362
1823,7.09735,0.90285
1824,7.09348,0.91208
1825,7.08961,0.92131
1826,7.08574,0.93054
1827,7.08186,0.93976
1828,7.07798,0.94899
1829,7.07410,0.95821
1830,7.07021,0.96743
1831,7.06631,0.97665
1832,7.06242,0.98587
1833,7.05852,0.99508
1834,7.05462,1.00430
1835,7.05071,1.01351
1836,7.04680,1.02272
1837,7.04289,1.03193
1838,7.03897,1.04114
1839,7.03505,1.05035
1840,7.03113,1.05956
1841,7.02721,1.06877
1842,7.02328,1.07797
1843,7.01935,1.08717
1844,7.01542,1.09638
1845,7.01148,1.10558
1846,7.00755,1.11478
1847,7.00361,1.12398
1848,6.99966,1.13317
1849,6.99572,1.14237
1850,6.99177,1.15157
1851,6.98782,1.16076
1852,6.98387,1.16996
1853,6.97992,1.17915
1854,6.97597,1.18834
1855,6.97201,1.19754
1856,6.96805,1.20673
1857,6.96409,1.21592
1858,6.96013,1.22511
1859,6.95617,1.23430
1860,6.95220,1.24349
1861,6.94824,1.25267
1862,6.94427,1.26186
1863,6.94030,1.27105
1864,6.93633,1.28023
1865,6.93235,1.28942
1866,6.92838,1.29860
1867,6.92440,1.30778
1868,6.92042,1.31697
1869,6.91644,1.32615
1870,6.91246,1.33533
1871,6.90847,1.34451
1872,6.90449,1.35369
1873,6.90050,1.36287
1874,6.89651,1.37204
1875,6.89252,1.38122
1876,6.88852,1.39040
1877,6.88453,1.39957
1878,6.88053,1.40875
1879,6.87653,1.41792
1880,6.87253,1.42709
1881,6.86853,1.43626
1882,6.86453,1.44544
1883,6.86052,1.45461
1884,6.85651,1.46378
1885,6.85250,1.47294
1886,6.84849,1.48211
1887,6.84448,1.49128
1888,6.84046,1.50045
1889,6.83644,1.50961
1890,6.83242,1.51878
1891,6.82840,1.52794
1892,6.82438,1.53710
1893,6.82035,1.54627
1894,6.81633,1.55543
1895,6.81230,1.56459
1896,6.80827,1.57375
1897,6.80423,1.58291
1898,6.80020,1.59206
1899,6.79616,1.60122
1900,6.79212,1.61038
1901,6.78808,1.61953
1902,6.78404,1.62869
1903,6.78000,1.63784
1904,6.77595,1.64699
1905,6.77190,1.65615
1906,6.76785,1.66530
1907,6.76380,1.67445
1908,6.75975,1.68360
1909,6.75569,1.69275
1910,6.75163,1.70189
1911,6.74758,1.71104
1912,6.74351,1.72019
1913,6.73945,1.72933
1914,6.73538,1.73848
1915,6.73132,1.74762
1916,6.72725,1.75676
1917,6.72318,1.76590
1918,6.71910,1.77505
1919,6.71503,1.78418
1920,6.71095,1.79332
1921,6.70687,1.80246
1922,6.70279,1.81160
1923,6.69870,1.82074
1924,6.69462,1.82987
1925,6.69053,1.83901
1926,6.68644,1.84814
1927,6.68235,1.85727
1928,6.67826,1.86640
1929,6.67416,1.87553
1930,6.67006,1.88466
1931,6.66596,1.89379
1932,6.66186,1.90292
1933,6.65776,1.91205
1934,6.65365,1.92117
1935,6.64954,1.93030
1936,6.64543,1.93942
1937,6.64132,1.94855
1938,6.63721,1.95767
1939,6.63309,1.96679
1940,6.62897,1.97591
1941,6.62485,1.98503
1942,6.62073,1.99415
1943,6.61660,2.00327
1944,6.61248,2.01239
1945,6.60835,2.02150
1946,6.60422,2.03062
1947,6.60008,2.03973
1948,6.59595,2.04884
1949,6.59181,2.05796
1950,6.58767,2.06707
1951,6.58353,2.07618
1952,6.57939,2.08529
1953,6.57524,2.09439
1954,6.57109,2.10350
1955,6.56694,2.11261
1956,6.56279,2.12171
1957,6.55864,2.13082
1958,6.55448,2.13992
1959,6.55032,2.14902
1960,6.54616,2.15812
1961,6.54200,2.16722
1962,6.53783,2.17632
1963,6.53366,2.18542
1964,6.52950,2.19452
1965,6.52532,2.20362
1966,6.52115,2.21271
1967,6.51697,2.22181
1968,6.51280,2.23090
1969,6.50862,2.23999
1970,6.50443,2.24908
1971,6.50025,2.25817
1972,6.49606,2.26726
1973,6.49187,2.27635
1974,6.48768,2.28544
1975,6.48349,2.29452
1976,6.47929,2.30361
1977,6.47509,2.31269
1978,6.47089,2.32178
1979,6.46669,2.33086
1980,6.46248,2.33994
1981,6.45828,2.34902
1982,6.45407,2.35810
1983,6.44986,2.36718
1984,6.44564,2.37625
1985,6.44143,2.38533
1986,6.43721,2.39441
1987,6.43299,2.40348
1988,6.42876,2.41255
1989,6.42454,2.42162
1990,6.42031,2.43069
1991,6.41608,2.43976
1992,6.41185,2.44883
1993,6.40762,2.45790
1994,6.40338,2.46697
1995,6.39914,2.47603
1996,6.39490,2.48510
1997,6.39066,2.49416
1998,6.38641,2.50322
1999,6.38216,2.51228
2000,6.37791,2.52134
2001,6.37366,2.53040
2002,6.36940,2.53946
2003,6.36515,2.54851
2004,6.36089,2.55757
2005,6.35663,2.56662
2006,6.35236,2.57568
2007,6.34809,2.58473
2008,6.34383,2.59378
2009,6.33955,2.60283
2010,6.33528,2.61188
2011,6.33100,2.62093
2012,6.32673,2.62997
2013,6.32245,2.63902
2014,6.31816,2.64806
2015,6.31388,2.65711
2016,6.30959,2.66615
2017,6.30530,2.67519
2018,6.30101,2.68423
2019,6.29671,2.69327
2020,6.29241,2.70231
2021,6.28811,2.71134
2022,6.28381,2.72038
2023,6.27951,2.72941
2024,6.27520,2.73845
2025,6.27089,2.74748
2026,6.26658,2.75651
2027,6.26226,2.76554
2028,6.25795,2.77457
2029,6.25363,2.78359
2030,6.24931,2.79262
2031,6.24498,2.80165
2032,6.24066,2.81067
2033,6.23633,2.81969
2034,6.23200,2.82871
2035,6.22766,2.83773
2036,6.22333,2.84675
2037,6.21899,2.85577
2038,6.21465,2.86479
2039,6.21030,2.87380
2040,6.20596,2.88282
2041,6.20161,2.89183
2042,6.19726,2.90084
2043,6.19290,2.90985
2044,6.18855,2.91886
2045,6.18419,2.92787
2046,6.17983,2.93688
2047,6.17546,2.94589
2048,6.17110,2.95489
2049,6.16673,2.96389
2050,6.16236,2.97290
2051,6.15799,2.98190
2052,6.15361,2.99090
2053,6.14923,2.99990
2054,6.14485,3.00889
2055,6.14047,3.01789
2056,6.13608,3.02688
2057,6.13169,3.03588
2058,6.12730,3.04487
2059,6.12291,3.05386
2060,6.11851,3.06285
2061,6.11411,3.07184
2062,6.10971,3.08083
2063,6.10531,3.08981
2064,6.10090,3.09880
2065,6.09649,3.10778
2066,6.09208,3.11677
2067,6.08767,3.12575
2068,6.08325,3.13473
2069,6.07883,3.14371
2070,6.07441,3.15268
2071,6.06999,3.16166
2072,6.06556,3.17064
2073,6.06113,3.17961
2074,6.05670,3.18858
2075,6.05226,3.19755
2076,6.04783,3.20652
2077,6.04339,3.21549
2078,6.03894,3.22446
2079,6.03450,3.23342
2080,6.03005,3.24239
2081,6.02560,3.25135
2082,6.02115,3.26031
2083,6.01669,3.26927
2084,6.01223,3.27823
2085,6.00777,3.28719
2086,6.00331,3.29615
2087,5.99884,3.30510
2088,5.99437,3.31406
2089,5.98990,3.32301
2090,5.98543,3.33196
2091,5.98095,3.34091
2092,5.97647,3.34986
2093,5.97199,3.35881
2094,5.96751,3.36776
2095,5.96302,3.37670
2096,5.95853,3.38565
2097,5.95404,3.39459
2098,5.94954,3.40353
2099,5.94504,3.41247
2100,5.94054,3.42141
2101,5.93604,3.43034
2102,5.93153,3.43928
2103,5.92702,3.44821
2104,5.92251,3.45714
2105,5.91800,3.46608
2106,5.91348,3.47501
2107,5.90896,3.48393
2108,5.90444,3.49286
2109,5.89991,3.50179
2110,5.89539,3.51071
2111,5.89085,3.51963
2112,5.88632,3.52856
2113,5.88178,3.53748
2114,5.87725,3.54639
2115,5.87270,3.55531
2116,5.86816,3.56423
2117,5.86361,3.57314
2118,5.85906,3.58206
2119,5.85451,3.59097
2120,5.84995,3.59988
2121,5.84539,3.60879
2122,5.84083,3.61769
2123,5.83627,3.62660
2124,5.83170,3.63550
2125,5.82713,3.64441
2126,5.82256,3.65331
2127,5.81798,3.66221
2128,5.81341,3.67111
2129,5.80882,3.68001
2130,5.80424,3.68890
2131,5.79965,3.69780
2132,5.79506,3.70669
2133,5.79047,3.71558
2134,5.78588,3.72447
2135,5.78128,3.73336
2136,5.77668,3.74224
2137,5.77207,3.75113
2138,5.76747,3.76001
2139,5.76286,3.76890
2140,5.75825,3.77778
2141,5.75363,3.78666
2142,5.74901,3.79554
2143,5.74439,3.80441
2144,5.73977,3.81329
2145,5.73514,3.82216
2146,5.73051,3.83103
2147,5.72588,3.83990
2148,5.72124,3.84877
2149,5.71660,3.85764
2150,5.71196,3.86650
2151,5.70732,3.87537
2152,5.70267,3.88423
2153,5.69802,3.89309
2154,5.69337,3.90195
2155,5.68871,3.91081
2156,5.68405,3.91967
2157,5.67939,3.92852
2158,5.67472,3.93738
2159,5.67005,3.94623
2160,5.66538,3.95508
2161,5.66071,3.96393
2162,5.65603,3.97277
2163,5.65135,3.98162
2164,5.64667,3.99046
2165,5.64198,3.99931
2166,5.63730,4.00815
2167,5.63260,4.01699
2168,5.62791,4.02582
2169,5.62321,4.03466
2170,5.61851,4.04350
2171,5.61381,4.05233
2172,5.60910,4.06116
2173,5.60439,4.06999
2174,5.59968,4.07882
2175,5.59496,4.08764
2176,5.59024,4.09647
2177,5.58552,4.10529
2178,5.58079,4.11411
2179,5.57606,4.12293
2180,5.57133,4.13175
2181,5.56660,4.14057
2182,5.56186,4.14938
2183,5.55712,4.15820
2184,5.55238,4.16701
2185,5.54763,4.17582
2186,5.54288,4.18463
2187,5.53813,4.19343
2188,5.53337,4.20224
2189,5.52861,4.21104
2190,5.52385,4.21984
2191,5.51909,4.22864
2192,5.51432,4.23744
2193,5.50955,4.24624
2194,5.50477,4.25503
2195,5.49999,4.26383
2196,5.49521,4.27262
2197,5.49043,4.28141
2198,5.48564,4.29019
2199,5.48085,4.29898
2200,5.47606,4.30777
2201,5.47126,4.31655
2202,5.46646,4.32533
2203,5.46166,4.33411
2204,5.45685,4.34289
2205,5.45204,4.35166
2206,5.44723,4.36044
2207,5.44241,4.36921
2208,5.43760,4.37798
2209,5.43277,4.38675
2210,5.42795,4.39552
2211,5.42312,4.40428
2212,5.41829,4.41305
2213,5.41345,4.42181
2214,5.40862,4.43057
2215,5.40378,4.43933
2216,5.39893,4.44808
2217,5.39408,4.45684
2218,5.38923,4.46559
2219,5.38438,4.47434
2220,5.37952,4.48309
2221,5.37466,4.49184
2222,5.36980,4.50059
2223,5.36493,4.50933
2224,5.36006,4.51807
2225,5.35519,4.52681
2226,5.35031,4.53555
2227,5.34543,4.54429
2228,5.34055,4.55302
2229,5.33566,4.56176
2230,5.33077,4.57049
2231,5.32588,4.57922
2232,5.32098,4.58795
2233,5.31608,4.59667
2234,5.31118,4.60540
2235,5.30627,4.61412
2236,5.30136,4.62284
2237,5.29645,4.63156
2238,5.29153,4.64027
2239,5.28661,4.64899
2240,5.28169,4.65770
2241,5.27676,4.66641
2242,5.27183,4.67512
2243,5.26690,4.68383
2244,5.26197,4.69253
2245,5.25703,4.70124
2246,5.25208,4.70994
2247,5.24714,4.71864
2248,5.24219,4.72733
2249,5.23723,4.73603
2250,5.23228,4.74472
2251,5.22732,4.75342
2252,5.22236,4.76211
2253,5.21739,4.77079
2254,5.21242,4.77948
2255,5.20745,4.78816
2256,5.20247,4.79685
2257,5.19749,4.80553
2258,5.19251,4.81421
2259,5.18752,4.82288
2260,5.18253,4.83156
2261,5.17754,4.84023
2262,5.17254,4.84890
2263,5.16754,4.85757
2264,5.16253,4.86623
2265,5.15753,4.87490
2266,5.15252,4.88356
2267,5.14750,4.89222
2268,5.14249,4.90088
2269,5.13746,4.90954
2270,5.13244,4.91819
2271,5.12741,4.92684
2272,5.12238,4.93550
2273,5.11735,4.94414
2274,5.11231,4.95279
2275,5.10727,4.96143
2276,5.10222,4.97008
2277,5.09717,4.97872
2278,5.09212,4.98736
2279,5.08706,4.99599
2280,5.08201,5.00463
2281,5.07694,5.01326
2282,5.07188,5.02189
2283,5.06681,5.03052
2284,5.06173,5.03914
2285,5.05666,5.04777
2286,5.05158,5.05639
2287,5.04649,5.06501
2288,5.04141,5.07363
2289,5.03632,5.08224
2290,5.03122,5.09086
2291,5.02612,5.09947
2292,5.02102,5.10808
2293,5.01592,5.11669
2294,5.01081,5.12529
2295,5.00570,5.13389
2296,5.00058,5.14250
2297,4.99546,5.15109
2298,4.99034,5.15969
2299,4.98521,5.16829
2300,4.98008,5.17688
2301,4.97495,5.18547
2302,4.96981,5.19406
2303,4.96467,5.20264
2304,4.95953,5.21123
2305,4.95438,5.21981
2306,4.94923,5.22839
2307,4.94407,5.23697
2308,4.93892,5.24554
2309,4.93375,5.25411
2310,4.92859,5.26269
2311,4.92342,5.27125
2312,4.91824,5.27982
2313,4.91307,5.28839
2314,4.90789,5.29695
2315,4.90270,5.30551
2316,4.89752,5.31407
2317,4.89232,5.32262
2318,4.88713,5.33117
2319,4.88193,5.33973
2320,4.87673,5.34827
2321,4.87152,5.35682
2322,4.86631,5.36537
2323,4.86110,5.37391
2324,4.85588,5.38245
2325,4.85066,5.39099
2326,4.84544,5.39952
2327,4.84021,5.40805
2328,4.83498,5.41659
2329,4.82974,5.42511
2330,4.82451,5.43364
2331,4.81926,5.44217
2332,4.81402,5.45069
2333,4.80877,5.45921
2334,4.80351,5.46772
2335,4.79826,5.47624
2336,4.79299,5.48475
2337,4.78773,5.49326
2338,4.78246,5.50177
2339,4.77719,5.51028
2340,4.77191,5.51878
2341,4.76663,5.52728
2342,4.76135,5.53578
2343,4.75606,5.54428
2344,4.75077,5.55277
2345,4.74548,5.56126
2346,4.74018,5.56975
2347,4.73487,5.57824
2348,4.72957,5.58672
2349,4.72426,5.59521
2350,4.71894,5.60369
2351,4.71363,5.61216
2352,4.70831,5.62064
2353,4.70298,5.62911
2354,4.69765,5.63758
2355,4.69232,5.64605
2356,4.68698,5.65452
2357,4.68164,5.66298
2358,4.67630,5.67144
2359,4.67095,5.67990
2360,4.66560,5.68836
2361,4.66024,5.69681
2362,4.65488,5.70526
2363,4.64952,5.71371
2364,4.64415,5.72216
2365,4.63878,5.73060
2366,4.63341,5.73904
2367,4.62803,5.74748
2368,4.62265,5.75592
2369,4.61726,5.76435
2370,4.61187,5.77278
2371,4.60648,5.78121
2372,4.60108,5.78964
2373,4.59568,5.79806
2374,4.59027,5.80649
2375,4.58486,5.81491
2376,4.57945,5.82332
2377,4.57403,5.83174
2378,4.56861,5.84015
2379,4.56319,5.84856
2380,4.55776,5.85696
2381,4.55232,5.86537
2382,4.54689,5.87377
2383,4.54145,5.88217
2384,4.53600,5.89057
2385,4.53055,5.89896
2386,4.52510,5.90735
2387,4.51965,5.91574
2388,4.51419,5.92413
2389,4.50872,5.93251
2390,4.50325,5.94089
2391,4.49778,5.94927
2392,4.49231,5.95765
2393,4.48683,5.96602
2394,4.48134,5.97439
2395,4.47585,5.98276
2396,4.47036,5.99113
2397,4.46487,5.99949
2398,4.45937,6.00785
2399,4.45386,6.01621
2400,4.44836,6.02457
2401,4.44285,6.03292
2402,4.43733,6.04127
2403,4.43181,6.04962
2404,4.42629,6.05796
2405,4.42076,6.06630
2406,4.41523,6.07464
2407,4.40969,6.08298
2408,4.40415,6.09132
2409,4.39861,6.09965
2410,4.39306,6.10798
2411,4.38751,6.11630
2412,4.38196,6.12463
2413,4.37640,6.13295
2414,4.37083,6.14127
2415,4.36527,6.14958
2416,4.35969,6.15789
2417,4.35412,6.16620
2418,4.34854,6.17451
2419,4.34296,6.18282
2420,4.33737,6.19112
2421,4.33178,6.19942
2422,4.32618,6.20772
2423,4.32058,6.21601
2424,4.31498,6.22430
2425,4.30937,6.23259
2426,4.30376,6.24087
2427,4.29814,6.24916
2428,4.29252,6.25744
2429,4.28690,6.26572
2430,4.28127,6.27399
2431,4.27564,6.28226
2432,4.27000,6.29053
2433,4.26436,6.29880
2434,4.25872,6.30706
2435,4.25307,6.31532
2436,4.24741,6.32358
2437,4.24176,6.33183
2438,4.23610,6.34009
2439,4.23043,6.34834
2440,4.22476,6.35658
2441,4.21909,6.36483
2442,4.21341,6.37307
2443,4.20773,6.38131
2444,4.20204,6.38954
2445,4.19635,6.39777
2446,4.19066,6.40600
2447,4.18496,6.41423
2448,4.17926,6.42245
2449,4.17355,6.43067
2450,4.16784,6.43889
2451,4.16213,6.44711
2452,4.15641,6.45532
2453,4.15069,6.46353
2454,4.14496,6.47174
2455,4.13923,6.47994
2456,4.13349,6.48814
2457,4.12775,6.49634
2458,4.12201,6.50453
2459,4.11626,6.51273
2460,4.11051,6.52091
2461,4.10475,6.52910
2462,4.09899,6.53728
2463,4.09323,6.54546
2464,4.08746,6.55364
2465,4.08168,6.56181
2466,4.07591,6.56999
2467,4.07013,6.57815
2468,4.06434,6.58632
2469,4.05855,6.59448
2470,4.05276,6.60264
2471,4.04696,6.61080
2472,4.04115,6.61895
2473,4.03535,6.62710
2474,4.02954,6.63525
2475,4.02372,6.64339
2476,4.01790,6.65153
2477,4.01208,6.65967
2478,4.00625,6.66781
2479,4.00042,6.67594
2480,3.99458,6.68407
2481,3.98874,6.69220
2482,3.98290,6.70032
2483,3.97705,6.70844
2484,3.97119,6.71655
2485,3.96533,6.72467
2486,3.95947,6.73278
2487,3.95361,6.74089
2488,3.94774,6.74899
2489,3.94186,6.75709
2490,3.93598,6.76519
2491,3.93010,6.77329
2492,3.92421,6.78138
2493,3.91832,6.78947
2494,3.91242,6.79755
2495,3.90652,6.80564
2496,3.90062,6.81372
2497,3.89471,6.82179
2498,3.88879,6.82987
2499,3.88288,6.83794
2500,3.87695,6.84600
2501,3.87103,6.85407
2502,3.86510,6.86213
2503,3.85916,6.87018
2504,3.85322,6.87824
2505,3.84728,6.88629
2506,3.84133,6.89434
2507,3.83538,6.90238
2508,3.82942,6.91042
2509,3.82346,6.91846
2510,3.81750,6.92650
2511,3.81153,6.93453
2512,3.80555,6.94256
2513,3.79957,6.95058
2514,3.79359,6.95860
2515,3.78760,6.96662
2516,3.78161,6.97464
2517,3.77562,6.98265
2518,3.76962,6.99066
2519,3.76361,6.99867
2520,3.75760,7.00667
2521,3.75159,7.01467
2522,3.74557,7.02266
2523,3.73955,7.03066
2524,3.73352,7.03865
2525,3.72749,7.04663
2526,3.72146,7.05461
2527,3.71542,7.06259
2528,3.70937,7.07057
2529,3.70333,7.07854
2530,3.69727,7.08651
2531,3.69122,7.09448
2532,3.68515,7.10244
2533,3.67909,7.11040
2534,3.67302,7.11836
2535,3.66694,7.12631
2536,3.66086,7.13426
2537,3.65478,7.14220
2538,3.64869,7.15015
2539,3.64260,7.15809
2540,3.63650,7.16602
2541,3.63040,7.17395
2542,3.62430,7.18188
2543,3.61819,7.18981
2544,3.61207,7.19773
2545,3.60595,7.20565
2546,3.59983,7.21356
2547,3.59370,7.22148
2548,3.58757,7.22938
2549,3.58143,7.23729
2550,3.57529,7.24519
2551,3.56914,7.25309
2552,3.56299,7.26098
2553,3.55684,7.26887
2554,3.55068,7.27676
2555,3.54451,7.28464
2556,3.53835,7.29252
2557,3.53217,7.30040
2558,3.52600,7.30827
2559,3.51982,7.31614
2560,3.51363,7.32401
2561,3.50744,7.33187
2562,3.50124,7.33973
2563,3.49504,7.34759
2564,3.48884,7.35544
2565,3.48263,7.36329
2566,3.47642,7.37113
2567,3.47020,7.37897
2568,3.46398,7.38681
2569,3.45775,7.39465
2570,3.45152,7.40248
2571,3.44528,7.41030
2572,3.43904,7.41813
2573,3.43280,7.42595
2574,3.42655,7.43376
2575,3.42029,7.44158
2576,3.41404,7.44938
2577,3.40777,7.45719
2578,3.40150,7.46499
2579,3.39523,7.47279
2580,3.38896,7.48058
2581,3.38267,7.48837
2582,3.37639,7.49616
2583,3.37010,7.50394
2584,3.36380,7.51172
2585,3.35750,7.51950
2586,3.35120,7.52727
2587,3.34489,7.53504
2588,3.33858,7.54280
2589,3.33226,7.55056
2590,3.32594,7.55832
2591,3.31961,7.56607
2592,3.31328,7.57382
2593,3.30694,7.58157
2594,3.30060,7.58931
2595,3.29425,7.59705
2596,3.28790,7.60478
2597,3.28155,7.61251
2598,3.27519,7.62024
2599,3.26882,7.62796
2600,3.26246,7.63568
2601,3.25608,7.64340
2602,3.24970,7.65111
2603,3.24332,7.65882
2604,3.23693,7.66652
2605,3.23054,7.67422
2606,3.22415,7.68192
2607,3.21774,7.68961
2608,3.21134,7.69730
2609,3.20493,7.70498
2610,3.19851,7.71266
2611,3.19209,7.72034
2612,3.18567,7.72801
2613,3.17924,7.73568
2614,3.17281,7.74335
2615,3.16637,7.75101
2616,3.15992,7.75867
2617,3.15348,7.76632
2618,3.14702,7.77397
2619,3.14057,7.78161
2620,3.13410,7.78926
2621,3.12764,7.79689
2622,3.12117,7.80453
2623,3.11469,7.81216
2624,3.10821,7.81978
2625,3.10173,7.82740
2626,3.09524,7.83502
2627,3.08874,7.84263
2628,3.08224,7.85024
2629,3.07574,7.85785
2630,3.06923,7.86545
2631,3.06271,7.87305
2632,3.05620,7.88064
2633,3.04967,7.88823
2634,3.04315,7.89582
2635,3.03661,7.90340
2636,3.03008,7.91097
2637,3.02353,7.91855
2638,3.01699,7.92612
2639,3.01044,7.93368
2640,3.00388,7.94124
2641,2.99732,7.94880
2642,2.99075,7.95635
2643,2.98418,7.96390
2644,2.97761,7.97144
2645,2.97103,7.97898
2646,2.96444,7.98652
2647,2.95785,7.99405
2648,2.95126,8.00158
2649,2.94466,8.00910
2650,2.93806,8.01662
2651,2.93145,8.02414
2652,2.92483,8.03165
2653,2.91822,8.03915
2654,2.91159,8.04666
2655,2.90497,8.05415
2656,2.89833,8.06165
2657,2.89170,8.06914
2658,2.88505,8.07662
2659,2.87841,8.08410
2660,2.87176,8.09158
2661,2.86510,8.09905
2662,2.85844,8.10652
2663,2.85177,8.11399
2664,2.84510,8.12145
2665,2.83843,8.12890
2666,2.83175,8.13635
2667,2.82506,8.14380
2668,2.81837,8.15124
2669,2.81168,8.15868
2670,2.80498,8.16611
2671,2.79827,8.17354
2672,2.79156,8.18097
2673,2.78485,8.18839
2674,2.77813,8.19580
2675,2.77140,8.20322
2676,2.76468,8.21062
2677,2.75794,8.21803
2678,2.75120,8.22543
2679,2.74446,8.23282
2680,2.73771,8.24021
2681,2.73096,8.24760
2682,2.72420,8.25498
2683,2.71744,8.26235
2684,2.71067,8.26973
2685,2.70390,8.27709
2686,2.69712,8.28446
2687,2.69034,8.29182
2688,2.68355,8.29917
2689,2.67676,8.30652
2690,2.66997,8.31387
2691,2.66316,8.32121
2692,2.65636,8.32854
2693,2.64955,8.33587
2694,2.64273,8.34320
2695,2.63591,8.35052
2696,2.62908,8.35784
2697,2.62225,8.36516
2698,2.61542,8.37246
2699,2.60858,8.37977
2700,2.60173,8.38707
2701,2.59488,8.39436
2702,2.58803,8.40165
2703,2.58117,8.40894
2704,2.57430,8.41622
2705,2.56743,8.42350
2706,2.56056,8.43077
2707,2.55368,8.43804
2708,2.54679,8.44530
2709,2.53990,8.45256
2710,2.53301,8.45981
2711,2.52611,8.46706
2712,2.51920,8.47431
2713,2.51229,8.48155
2714,2.50538,8.48878
2715,2.49846,8.49601
2716,2.49154,8.50324
2717,2.48461,8.51046
2718,2.47767,8.51767
2719,2.47074,8.52488
2720,2.46379,8.53209
2721,2.45684,8.53929
2722,2.44989,8.54649
2723,2.44293,8.55368
2724,2.43597,8.56087
2725,2.42900,8.56805
2726,2.42203,8.57523
2727,2.41505,8.58240
2728,2.40806,8.58957
2729,2.40108,8.59673
2730,2.39408,8.60389
2731,2.38708,8.61104
2732,2.38008,8.61819
2733,2.37307,8.62534
2734,2.36606,8.63248
2735,2.35904,8.63961
2736,2.35202,8.64674
2737,2.34499,8.65386
2738,2.33796,8.66098
2739,2.33092,8.66810
2740,2.32388,8.67521
2741,2.31683,8.68231
2742,2.30978,8.68941
2743,2.30272,8.69651
2744,2.29566,8.70360
2745,2.28859,8.71068
2746,2.28152,8.71776
2747,2.27444,8.72484
2748,2.26736,8.73191
2749,2.26027,8.73897
2750,2.25318,8.74603
2751,2.24608,8.75308
2752,2.23898,8.76013
2753,2.23187,8.76718
2754,2.22476,8.77422
2755,2.21764,8.78125
2756,2.21052,8.78828
2757,2.20339,8.79531
2758,2.19626,8.80233
2759,2.18912,8.80934
2760,2.18198,8.81635
2761,2.17483,8.82336
2762,2.16768,8.83035
2763,2.16052,8.83735
2764,2.15336,8.84434
2765,2.14619,8.85132
2766,2.13901,8.85830
2767,2.13184,8.86527
2768,2.12465,8.87224
2769,2.11747,8.87920
2770,2.11027,8.88616
2771,2.10307,8.89311
2772,2.09587,8.90006
2773,2.08866,8.90700
2774,2.08145,8.91394
2775,2.07423,8.92087
2776,2.06700,8.92779
2777,2.05978,8.93471
2778,2.05254,8.94163
2779,2.04530,8.94854
2780,2.03806,8.95544
2781,2.03081,8.96234
2782,2.02355,8.96923
2783,2.01629,8.97612
2784,2.00903,8.98300
2785,2.00176,8.98988
2786,1.99448,8.99675
2787,1.98720,9.00361
2788,1.97991,9.01047
2789,1.97262,9.01733
2790,1.96532,9.02417
2791,1.95802,9.03102
2792,1.95071,9.03785
2793,1.94340,9.04469
2794,1.93608,9.05151
2795,1.92876,9.05833
2796,1.92143,9.06515
2797,1.91410,9.07196
2798,1.90676,9.07876
2799,1.89941,9.08556
2800,1.89206,9.09235
2801,1.88471,9.09913
2802,1.87735,9.10591
2803,1.86998,9.11269
2804,1.86261,9.11946
2805,1.85523,9.12622
2806,1.84785,9.13298
2807,1.84046,9.13973
2808,1.83307,9.14647
2809,1.82567,9.15321
2810,1.81827,9.15994
2811,1.81086,9.16667
2812,1.80345,9.17339
2813,1.79603,9.18011
2814,1.78860,9.18682
2815,1.78117,9.19352
2816,1.77374,9.20022
2817,1.76629,9.20691
2818,1.75885,9.21359
2819,1.75140,9.22027
2820,1.74394,9.22695
2821,1.73647,9.23361
2822,1.72901,9.24027
2823,1.72153,9.24693
2824,1.71405,9.25358
2825,1.70657,9.26022
2826,1.69908,9.26686
2827,1.69158,9.27349
2828,1.68408,9.28011
2829,1.67657,9.28673
2830,1.66906,9.29334
2831,1.66154,9.29994
2832,1.65402,9.30654
2833,1.64649,9.31313
2834,1.63895,9.31972
2835,1.63141,9.32630
2836,1.62387,9.33287
2837,1.61632,9.33944
2838,1.60876,9.34600
2839,1.60120,9.35255
2840,1.59363,9.35910
2841,1.58605,9.36564
2842,1.57847,9.37218
2843,1.57089,9.37870
2844,1.56330,9.38523
2845,1.55570,9.39174
2846,1.54810,9.39825
2847,1.54049,9.40475
2848,1.53288,9.41125
2849,1.52526,9.41774
2850,1.51764,9.42422
2851,1.51001,9.43069
2852,1.50237,9.43716
2853,1.49473,9.44362
2854,1.48708,9.45008
2855,1.47943,9.45653
2856,1.47177,9.46297
2857,1.46411,9.46940
2858,1.45644,9.47583
2859,1.44876,9.48225
2860,1.44108,9.48867
2861,1.43340,9.49508
2862,1.42570,9.50148
2863,1.41801,9.50787
2864,1.41030,9.51426
2865,1.40259,9.52064
2866,1.39488,9.52701
2867,1.38716,9.53338
2868,1.37943,9.53974
2869,1.37170,9.54609
2870,1.36396,9.55244
2871,1.35621,9.55878
2872,1.34846,9.56511
2873,1.34071,9.57143
2874,1.33295,9.57775
2875,1.32518,9.58406
2876,1.31741,9.59037
2877,1.30963,9.59666
2878,1.30185,9.60295
2879,1.29406,9.60923
2880,1.28626,9.61551
2881,1.27846,9.62177
2882,1.27065,9.62803
2883,1.26284,9.63429
2884,1.25502,9.64053
2885,1.24719,9.64677
2886,1.23936,9.65300
2887,1.23153,9.65923
2888,1.22368,9.66544
2889,1.21584,9.67165
2890,1.20798,9.67785
2891,1.20012,9.68405
2892,1.19226,9.69024
2893,1.18439,9.69642
2894,1.17651,9.70259
2895,1.16863,9.70875
2896,1.16074,9.71491
2897,1.15285,9.72107
2898,1.14495,9.72721
2899,1.13704,9.73335
2900,1.12914,9.73948
2901,1.12122,9.74561
2902,1.11330,9.75173
2903,1.10538,9.75784
2904,1.09745,9.76395
2905,1.08952,9.77005
2906,1.08159,9.77615
2907,1.07365,9.78224
2908,1.06570,9.78832
2909,1.05775,9.79440
2910,1.04980,9.80048
2911,1.04184,9.80655
2912,1.03388,9.81261
2913,1.02592,9.81867
2914,1.01795,9.82472
2915,1.00998,9.83077
2916,1.00200,9.83682
2917,0.99402,9.84286
2918,0.98604,9.84889
2919,0.97805,9.85492
2920,0.97007,9.86095
2921,0.96207,9.86698
2922,0.95408,9.87300
2923,0.94608,9.87901
2924,0.93808,9.88502
2925,0.93008,9.89103
2926,0.92207,9.89704
2927,0.91407,9.90304
2928,0.90606,9.90904
2929,0.89804,9.91503
2930,0.89003,9.92102
2931,0.88201,9.92701
2932,0.87399,9.93300
2933,0.86597,9.93899
2934,0.85795,9.94497
2935,0.84992,9.95095
2936,0.84190,9.95692
2937,0.83387,9.96290
2938,0.82584,9.96887
2939,0.81781,9.97484
2940,0.80978,9.98081
2941,0.80174,9.98678
2942,0.79371,9.99275
2943,0.78567,9.99871
2944,0.77764,10.00467
2945,0.76960,10.01064
2946,0.76156,10.01660
2947,0.75352,10.02256
2948,0.74548,10.02852
2949,0.73744,10.03447
2950,0.72940,10.04043
2951,0.72136,10.04639
2952,0.71332,10.05235
2953,0.70528,10.05830
2954,0.69724,10.06426
2955,0.68919,10.07022
2956,0.68115,10.07617
2957,0.67311,10.08213
2958,0.66507,10.08809
2959,0.65703,10.09404
2960,0.64899,10.10000
2961,0.64095,10.10596
2962,0.63291,10.11192
2963,0.62487,10.11788
2964,0.61683,10.12384
2965,0.60880,10.12981
2966,0.60076,10.13577
2967,0.59273,10.14174
2968,0.58469,10.14770
2969,0.57666,10.15367
2970,0.56863,10.15964
2971,0.56060,10.16562
2972,0.55257,10.17159
2973,0.54455,10.17757
2974,0.53652,10.18355
2975,0.52850,10.18953
2976,0.52048,10.19551
2977,0.51246,10.20150
2978,0.50444,10.20748
2979,0.49642,10.21348
2980,0.48841,10.21947
2981,0.48041,10.22548
2982,0.47242,10.23151
2983,0.46446,10.23757
2984,0.45652,10.24366
2985,0.44861,10.24979
2986,0.44073,10.25597
2987,0.43290,10.26220
2988,0.42512,10.26849
2989,0.41739,10.27485
2990,0.40973,10.28128
2991,0.40213,10.28779
2992,0.39460,10.29438
2993,0.38714,10.30105
2994,0.37974,10.30780
2995,0.37242,10.31462
2996,0.36516,10.32151
2997,0.35797,10.32847
2998,0.35084,10.33549
2999,0.34377,10.34257
3000,0.33676,10.34972
3001,0.32981,10.35692
3002,0.32292,10.36417
3003,0.31609,10.37149
3004,0.30932,10.37886
3005,0.30261,10.38628
3006,0.29596,10.39376
3007,0.28937,10.40129
3008,0.28284,10.40887
3009,0.27638,10.41651
3010,0.26998,10.42421
3011,0.26364,10.43195
3012,0.25737,10.43975
3013,0.25116,10.44760
3014,0.24503,10.45551
3015,0.23896,10.46346
3016,0.23295,10.47147
3017,0.22702,10.47953
3018,0.22115,10.48763
3019,0.21536,10.49579
3020,0.20963,10.50400
3021,0.20398,10.51226
3022,0.19840,10.52057
3023,0.19289,10.52892
3024,0.18746,10.53733
3025,0.18210,10.54578
3026,0.17681,10.55427
3027,0.17159,10.56281
3028,0.16645,10.57140
3029,0.16139,10.58003
3030,0.15640,10.58870
3031,0.15148,10.59742
3032,0.14664,10.60618
3033,0.14187,10.61498
3034,0.13718,10.62382
3035,0.13256,10.63270
3036,0.12803,10.64161
3037,0.12356,10.65057
3038,0.11918,10.65957
3039,0.11487,10.66860
3040,0.11064,10.67767
3041,0.10649,10.68677
3042,0.10241,10.69591
3043,0.09842,10.70509
3044,0.09450,10.71430
3045,0.09066,10.72354
3046,0.08690,10.73281
3047,0.08322,10.74212
3048,0.07961,10.75145
3049,0.07609,10.76082
3050,0.07265,10.77022
3051,0.06929,10.77964
3052,0.06601,10.78910
3053,0.06281,10.79858
3054,0.05969,10.80809
3055,0.05665,10.81763
3056,0.05370,10.82719
3057,0.05083,10.83677
3058,0.04804,10.84638
3059,0.04533,10.85602
3060,0.04271,10.86568
3061,0.04017,10.87535
3062,0.03771,10.88506
3063,0.03533,10.89478
3064,0.03304,10.90452
3065,0.03084,10.91428
3066,0.02872,10.92406
3067,0.02668,10.93386
3068,0.02472,10.94367
3069,0.02285,10.95350
3070,0.02107,10.96335
3071,0.01936,10.97321
3072,0.01775,10.98309
3073,0.01621,10.99298
3074,0.01477,11.00288
3075,0.01340,11.01279
3076,0.01212,11.02272
3077,0.01093,11.03265
3078,0.00982,11.04260
3079,0.00879,11.05255
3080,0.00785,11.06252
3081,0.00700,11.07249
3082,0.00623,11.08246
3083,0.00554,11.09245
3084,0.00495,11.10244
3085,0.00443,11.11243
3086,0.00400,11.12243
3087,0.00366,11.13243
3088,0.00340,11.14244
3089,0.00323,11.15244
3090,0.00314,11.16245
3091,0.00314,11.17246
3092,0.00323,11.18246
3093,0.00340,11.19247
3094,0.00366,11.20247
3095,0.00400,11.21247
3096,0.00443,11.22247
3097,0.00495,11.23247
3098,0.00555,11.24246
3099,0.00624,11.25244
3100,0.00702,11.26242
3101,0.00788,11.27239
3102,0.00883,11.28235
3103,0.00986,11.29230
3104,0.01098,11.30225
3105,0.01219,11.31218
3106,0.01348,11.32210
3107,0.01486,11.33202
3108,0.01632,11.34192
3109,0.01786,11.35180
3110,0.01949,11.36168
3111,0.02120,11.37154
3112,0.02300,11.38138
3113,0.02488,11.39121
3114,0.02684,11.40103
3115,0.02889,11.41082
3116,0.03101,11.42060
3117,0.03322,11.43036
3118,0.03551,11.44010
3119,0.03788,11.44983
3120,0.04033,11.45953
3121,0.04287,11.46921
3122,0.04548,11.47887
3123,0.04818,11.48851
3124,0.05096,11.49812
3125,0.05382,11.50771
3126,0.05677,11.51727
3127,0.05982,11.52680
3128,0.06295,11.53631
3129,0.06617,11.54578
3130,0.06948,11.55523
3131,0.07289,11.56464
3132,0.07638,11.57401
3133,0.07996,11.58336
3134,0.08360,11.59268
3135,0.08730,11.60198
3136,0.09104,11.61126
3137,0.09482,11.62053
3138,0.09862,11.62979
3139,0.10244,11.63903
3140,0.10629,11.64827
3141,0.11017,11.65750
3142,0.11407,11.66671
3143,0.11799,11.67592
3144,0.12194,11.68512
3145,0.12591,11.69430
3146,0.12991,11.70347
3147,0.13394,11.71264
3148,0.13799,11.72179
3149,0.14206,11.73093
3150,0.14616,11.74006
3151,0.15028,11.74918
3152,0.15443,11.75828
3153,0.15861,11.76738
3154,0.16280,11.77646
3155,0.16703,11.78554
3156,0.17127,11.79460
3157,0.17555,11.80365
3158,0.17984,11.81268
3159,0.18416,11.82171
3160,0.18851,11.83072
3161,0.19288,11.83973
3162,0.19727,11.84872
3163,0.20169,11.85770
3164,0.20614,11.86666
3165,0.21061,11.87562
3166,0.21510,11.88456
3167,0.21962,11.89349
3168,0.22416,11.90241
3169,0.22872,11.91131
3170,0.23331,11.92021
3171,0.23793,11.92909
3172,0.24256,11.93795
3173,0.24723,11.94681
3174,0.25191,11.95565
3175,0.25662,11.96448
3176,0.26136,11.97330
3177,0.26611,11.98210
3178,0.27090,11.99089
3179,0.27570,11.99967
3180,0.28053,12.00844
3181,0.28539,12.01719
3182,0.29026,12.02593
3183,0.29516,12.03465
3184,0.30009,12.04336
3185,0.30504,12.05206
3186,0.31001,12.06075
3187,0.31500,12.06942
3188,0.32002,12.07808
3189,0.32506,12.08672
3190,0.33013,12.09535
3191,0.33522,12.10397
3192,0.34033,12.11257
3193,0.34546,12.12116
3194,0.35062,12.12974
3195,0.35580,12.13830
3196,0.36101,12.14685
3197,0.36623,12.15538
3198,0.37148,12.16390
3199,0.37676,12.17241
3200,0.38205,12.18090
