step,C_T,C_T_wall,C_T_with_shear,C_T_friction,C_L,C_M
500,0.9163420440457725,0.037457580419502506,0.896941054523752,-0.019400989522020493,0.06732777001805379,-1.7795172529229122
1000,0.9163440872727014,0.03745962364643146,0.8969425079720803,-0.019401579300621148,0.06741025684509501,-1.7815142299873388
1500,0.9163430432540469,0.03745857962777705,0.8969438384548664,-0.01939920479918056,0.067443242760836,-1.782270340379186
2000,0.9163411514556267,0.03745668782935681,0.8969442503436098,-0.019396901112016984,0.06746039550626916,-1.7826225093079064
2500,0.9163385279812584,0.03745406435498841,0.8969438401544347,-0.0193946878268237,0.06746003009669378,-1.7825990760112669
3000,0.9163381315154455,0.03745366788917561,0.8969447841245345,-0.019393347390911045,0.06746789769995246,-1.7827659611377573
3500,0.9163369229377737,0.03745245931150381,0.8969448190838901,-0.019392103853883645,0.0674739885373572,-1.7828876234184612
4000,0.9163374512282427,0.037452987601972826,0.8969458190848717,-0.01939163214337105,0.06748191628174668,-1.783060766123971
4500,0.9163370301058515,0.03745256647958173,0.8969458730834324,-0.019391157022419166,0.06748162633296753,-1.7830526977818053
5000,0.9163373072986968,0.037452843672426774,0.8969466410832391,-0.019390666215457635,0.06748899378776133,-1.783205115680168
5500,0.9163369599964649,0.037452496370195,0.8969463989280614,-0.019390561068403405,0.06748917898109703,-1.7832099169880737
6000,0.9163386194479404,0.03745415582167041,0.8969481124039437,-0.019390507043996665,0.06749174460082673,-1.783270521395464
6500,0.9163362342544804,0.037451770628210465,0.8969458898675126,-0.019390344386967753,0.06748460628467465,-1.783111670056887
7000,0.9163371949922098,0.03745273136593985,0.8969469048449347,-0.019390290147275065,0.0674858745936138,-1.7831433979933782
7500,0.916336799128867,0.03745233550259699,0.896946471443352,-0.019390327685514932,0.0674892785598305,-1.7832152693777914
8000,0.9163377992225689,0.03745333559629894,0.896947400995363,-0.019390398227205907,0.06749613185541578,-1.7833661162368737
8500,0.9163371405902121,0.03745267696394208,0.8969469415439443,-0.019390199046267712,0.06748960293605907,-1.7832206002550623
9000,0.9163386858296785,0.03745422220340852,0.8969485738282167,-0.01939011200146171,0.06749192332504277,-1.7832762854594337
9500,0.9163368244492394,0.03745236082296939,0.8969468381204374,-0.019389986328801907,0.06748763944582344,-1.7831794218963979
10000,0.9163370420949445,0.03745257846867447,0.8969472058610444,-0.019389836233900018,0.06749233247658028,-1.7832753987943033
10500,0.9163381371962892,0.03745367357001923,0.89694815818296,-0.019389979013329214,0.06749287030479983,-1.783291491589255
11000,0.9163375599023731,0.03745309627610322,0.8969473807591333,-0.019390179143239816,0.06749142767730648,-1.7832614344795548
11500,0.9163376078045777,0.0374531441783078,0.8969474516332502,-0.019390156171327673,0.06749323606298138,-1.7832973539532369
12000,0.9163370621325639,0.037452598506294066,0.8969470011120805,-0.01939006102048347,0.06748709023419681,-1.783165688124092
12500,0.9163364969849067,0.03745203335863683,0.8969464399279169,-0.01939005705698982,0.06748721693317779,-1.7831670724062612
13000,0.9163375556766145,0.03745309205034453,0.8969474403591251,-0.01939011531748944,0.06749072297998147,-1.7832464302362363
13500,0.916336982816792,0.037452519190522005,0.8969470648933473,-0.019389917923444727,0.06749248470838294,-1.7832821519002677
14000,0.9163375993402998,0.03745313571402984,0.8969473630635711,-0.019390236276728708,0.06748987206315397,-1.7832295645724114
14500,0.9163367743874604,0.03745231076119043,0.8969467206107274,-0.019390053776733068,0.06748768562417026,-1.7831783220807498
15000,0.9163371988014279,0.037452735175158014,0.8969471918466231,-0.019390006954804896,0.06748799605740077,-1.7831883954020014
15500,0.9163361745154136,0.03745171088914367,0.8969460029707118,-0.01939017154470175,0.06748668104558081,-1.7831557867472676
16000,0.9163355645342026,0.037451100907932716,0.8969456787076635,-0.0193898858265391,0.0674830221416202,-1.7830751914019765
16500,0.9163374809638795,0.03745301733760947,0.8969472531241729,-0.019390227839706512,0.06748865484236785,-1.783200875386389
17000,0.9163377715838917,0.037453307957621765,0.8969477943074876,-0.019389977276404173,0.0674919892212694,-1.7832722132384253
17500,0.9163371388579007,0.0374526752316308,0.896946926158276,-0.0193902126996247,0.06748819895439966,-1.7831886711818856
18000,0.9163367954612235,0.03745233183495355,0.8969468906804289,-0.019389904780794626,0.0674881262968967,-1.7831858168923842
18500,0.9163374810411349,0.037453017414864904,0.8969475109657692,-0.01938997007536573,0.06749028623920161,-1.7832364131931557
19000,0.9163372561817905,0.03745279255552066,0.8969472505281011,-0.01939000565368942,0.06748808908266828,-1.7831919134707162
19500,0.9163363546432595,0.03745189101698958,0.8969461858109027,-0.019390168832356728,0.06748640591376041,-1.7831481469077353
20000,0.916338460675929,0.0374539970496591,0.896948358069815,-0.01939010260611398,0.06749454862399958,-1.7833316554275092
