step,nonfinite_T,n_floor_plus1,R_TE_n,R_TE_Tmin,R_TE_Tmin_node,R_TE_Tmin_x,R_TE_Tmin_y,R_TE_Tmin_z,R_TE_n_lt150,R_TE_n_lt200,R_TE_vol_lt200,R_SE_n,R_SE_Tmin,R_SE_Tmin_node,R_SE_Tmin_x,R_SE_Tmin_y,R_SE_Tmin_z,R_SE_n_lt150,R_SE_n_lt200,R_SE_vol_lt200,RET_n,RET_Tmin,RET_Tmin_node,RET_Tmin_x,RET_Tmin_y,RET_Tmin_z,RET_n_lt150,RET_n_lt200,RET_vol_lt200,ALL_n,ALL_Tmin,ALL_Tmin_node,ALL_Tmin_x,ALL_Tmin_y,ALL_Tmin_z,ALL_n_lt150,ALL_n_lt200,ALL_vol_lt200
500,0,0,34152,227.37217712402344,481342,0.11529257148504257,-0.030469045042991638,0.04778927192091942,0,0,0.0,63700,227.33514404296875,322910,0.07045886665582657,-0.023197894915938377,0.10472802072763443,0,0,0.0,118416,225.0229034423828,582651,0.19220668077468872,-0.04991060122847557,0.10721277445554733,0,0,0.0,1920103,210.95028686523438,1291317,-0.05000000074505806,0.27857157588005066,0.1009763777256012,0,0,0.0
1000,0,0,34152,227.37496948242188,481348,0.11529257148504257,-0.030469045042991638,0.08111371845006943,0,0,0.0,63700,227.33026123046875,322910,0.07045886665582657,-0.023197894915938377,0.10472802072763443,0,0,0.0,118416,224.703857421875,582690,0.19220668077468872,-0.045928046107292175,0.10721277445554733,0,0,0.0,1920103,210.98663330078125,1291317,-0.05000000074505806,0.27857157588005066,0.1009763777256012,0,0,0.0
1500,0,0,34152,227.36798095703125,481341,0.11529257148504257,-0.030469045042991638,0.03849693387746811,0,0,0.0,63700,227.323974609375,322910,0.07045886665582657,-0.023197894915938377,0.10472802072763443,0,0,0.0,118416,223.7705535888672,582690,0.19220668077468872,-0.045928046107292175,0.10721277445554733,0,0,0.0,1920103,211.0537109375,1291317,-0.05000000074505806,0.27857157588005066,0.1009763777256012,0,0,0.0
2000,0,0,34152,227.37635803222656,481342,0.11529257148504257,-0.030469045042991638,0.04778927192091942,0,0,0.0,63700,227.33584594726562,322910,0.07045886665582657,-0.023197894915938377,0.10472802072763443,0,0,0.0,118416,223.7186737060547,582690,0.19220668077468872,-0.045928046107292175,0.10721277445554733,0,0,0.0,1920103,211.19277954101562,1291317,-0.05000000074505806,0.27857157588005066,0.1009763777256012,0,0,0.0
2500,0,0,34152,227.37567138671875,481338,0.11529257148504257,-0.030469045042991638,0.0,0,0,0.0,63700,227.3323516845703,322910,0.07045886665582657,-0.023197894915938377,0.10472802072763443,0,0,0.0,118416,223.91294860839844,582690,0.19220668077468872,-0.045928046107292175,0.10721277445554733,0,0,0.0,1920103,211.19627380371094,1291317,-0.05000000074505806,0.27857157588005066,0.1009763777256012,0,0,0.0
3000,0,0,34152,227.3707733154297,481342,0.11529257148504257,-0.030469045042991638,0.04778927192091942,0,0,0.0,63700,227.33934020996094,322910,0.07045886665582657,-0.023197894915938377,0.10472802072763443,0,0,0.0,118416,224.12734985351562,582690,0.19220668077468872,-0.045928046107292175,0.10721277445554733,0,0,0.0,1920103,210.96566772460938,1291317,-0.05000000074505806,0.27857157588005066,0.1009763777256012,0,0,0.0
3500,0,0,34152,227.3777618408203,481338,0.11529257148504257,-0.030469045042991638,0.0,0,0,0.0,63700,227.3365478515625,322910,0.07045886665582657,-0.023197894915938377,0.10472802072763443,0,0,0.0,118416,224.30987548828125,582690,0.19220668077468872,-0.045928046107292175,0.10721277445554733,0,0,0.0,1920103,210.9803466796875,1291317,-0.05000000074505806,0.27857157588005066,0.1009763777256012,0,0,0.0
4000,0,0,34152,227.37356567382812,481342,0.11529257148504257,-0.030469045042991638,0.04778927192091942,0,0,0.0,63700,227.34072875976562,322910,0.07045886665582657,-0.023197894915938377,0.10472802072763443,0,0,0.0,118416,224.4462432861328,582690,0.19220668077468872,-0.045928046107292175,0.10721277445554733,0,0,0.0,1920103,211.1019287109375,1291317,-0.05000000074505806,0.27857157588005066,0.1009763777256012,0,0,0.0
4500,0,0,34152,227.369384765625,481342,0.11529257148504257,-0.030469045042991638,0.04778927192091942,0,0,0.0,63700,227.33444213867188,322910,0.07045886665582657,-0.023197894915938377,0.10472802072763443,0,0,0.0,118416,224.53086853027344,582690,0.19220668077468872,-0.045928046107292175,0.10721277445554733,0,0,0.0,1920103,211.10122680664062,1291317,-0.05000000074505806,0.27857157588005066,0.1009763777256012,0,0,0.0
5000,0,0,34152,227.36868286132812,481342,0.11529257148504257,-0.030469045042991638,0.04778927192091942,0,0,0.0,63700,227.33934020996094,322910,0.07045886665582657,-0.023197894915938377,0.10472802072763443,0,0,0.0,118416,224.60354614257812,582690,0.19220668077468872,-0.045928046107292175,0.10721277445554733,0,0,0.0,1920103,211.19766235351562,1291317,-0.05000000074505806,0.27857157588005066,0.1009763777256012,0,0,0.0
5500,0,0,34152,227.3707733154297,481341,0.11529257148504257,-0.030469045042991638,0.03849693387746811,0,0,0.0,63700,227.3365478515625,322910,0.07045886665582657,-0.023197894915938377,0.10472802072763443,0,0,0.0,118416,224.64462280273438,582690,0.19220668077468872,-0.045928046107292175,0.10721277445554733,0,0,0.0,1920103,211.00689697265625,1291317,-0.05000000074505806,0.27857157588005066,0.1009763777256012,0,0,0.0
6000,0,0,34152,227.36868286132812,481342,0.11529257148504257,-0.030469045042991638,0.04778927192091942,0,0,0.0,63700,227.3274688720703,322910,0.07045886665582657,-0.023197894915938377,0.10472802072763443,0,0,0.0,118416,224.67425537109375,582690,0.19220668077468872,-0.045928046107292175,0.10721277445554733,0,0,0.0,1920103,210.91954040527344,1291317,-0.05000000074505806,0.27857157588005066,0.1009763777256012,0,0,0.0
6500,0,0,34152,227.374267578125,481342,0.11529257148504257,-0.030469045042991638,0.04778927192091942,0,0,0.0,63700,227.32676696777344,322910,0.07045886665582657,-0.023197894915938377,0.10472802072763443,0,0,0.0,118416,224.6981201171875,582690,0.19220668077468872,-0.045928046107292175,0.10721277445554733,0,0,0.0,1920103,211.05931091308594,1291317,-0.05000000074505806,0.27857157588005066,0.1009763777256012,0,0,0.0
7000,0,0,34152,227.37356567382812,481342,0.11529257148504257,-0.030469045042991638,0.04778927192091942,0,0,0.0,63700,227.32815551757812,322910,0.07045886665582657,-0.023197894915938377,0.10472802072763443,0,0,0.0,118416,224.700439453125,582690,0.19220668077468872,-0.045928046107292175,0.10721277445554733,0,0,0.0,1920103,210.952392578125,1291317,-0.05000000074505806,0.27857157588005066,0.1009763777256012,0,0,0.0
7500,0,0,34152,227.3707733154297,481339,0.11529257148504257,-0.030469045042991638,0.014894801191985607,0,0,0.0,63700,227.33026123046875,322910,0.07045886665582657,-0.023197894915938377,0.10472802072763443,0,0,0.0,118416,224.72201538085938,582690,0.19220668077468872,-0.045928046107292175,0.10721277445554733,0,0,0.0,1920103,210.97894287109375,1291317,-0.05000000074505806,0.27857157588005066,0.1009763777256012,0,0,0.0
8000,0,0,34152,227.36798095703125,481342,0.11529257148504257,-0.030469045042991638,0.04778927192091942,0,0,0.0,63700,227.32815551757812,322910,0.07045886665582657,-0.023197894915938377,0.10472802072763443,0,0,0.0,118416,224.7207489013672,582690,0.19220668077468872,-0.045928046107292175,0.10721277445554733,0,0,0.0,1920103,210.8168182373047,1291317,-0.05000000074505806,0.27857157588005066,0.1009763777256012,0,0,0.0
8500,0,0,34152,227.37217712402344,481339,0.11529257148504257,-0.030469045042991638,0.014894801191985607,0,0,0.0,63700,227.33863830566406,317956,0.06854952871799469,-0.023032013326883316,0.1030036136507988,0,0,0.0,118416,224.73947143554688,582690,0.19220668077468872,-0.045928046107292175,0.10721277445554733,0,0,0.0,1920103,210.64352416992188,1291317,-0.05000000074505806,0.27857157588005066,0.1009763777256012,0,0,0.0
9000,0,0,34152,227.37635803222656,481339,0.11529257148504257,-0.030469045042991638,0.014894801191985607,0,0,0.0,63700,227.33375549316406,322910,0.07045886665582657,-0.023197894915938377,0.10472802072763443,0,0,0.0,118416,224.7242889404297,582690,0.19220668077468872,-0.045928046107292175,0.10721277445554733,0,0,0.0,1920103,210.65609741210938,1291317,-0.05000000074505806,0.27857157588005066,0.1009763777256012,0,0,0.0
9500,0,0,34152,227.36868286132812,481341,0.11529257148504257,-0.030469045042991638,0.03849693387746811,0,0,0.0,63700,227.3379364013672,322910,0.07045886665582657,-0.023197894915938377,0.10472802072763443,0,0,0.0,118416,224.7325897216797,582690,0.19220668077468872,-0.045928046107292175,0.10721277445554733,0,0,0.0,1920103,210.7476348876953,1291317,-0.05000000074505806,0.27857157588005066,0.1009763777256012,0,0,0.0
10000,0,0,34152,227.369384765625,481339,0.11529257148504257,-0.030469045042991638,0.014894801191985607,0,0,0.0,63700,227.33584594726562,322910,0.07045886665582657,-0.023197894915938377,0.10472802072763443,0,0,0.0,118416,224.73675537109375,582690,0.19220668077468872,-0.045928046107292175,0.10721277445554733,0,0,0.0,1920103,210.8482666015625,1291317,-0.05000000074505806,0.27857157588005066,0.1009763777256012,0,0,0.0
10500,0,0,34152,227.36868286132812,481339,0.11529257148504257,-0.030469045042991638,0.014894801191985607,0,0,0.0,63700,227.3379364013672,317956,0.06854952871799469,-0.023032013326883316,0.1030036136507988,0,0,0.0,118416,224.73745727539062,582690,0.19220668077468872,-0.045928046107292175,0.10721277445554733,0,0,0.0,1920103,210.79446411132812,1291317,-0.05000000074505806,0.27857157588005066,0.1009763777256012,0,0,0.0
11000,0,0,34152,227.35679626464844,481339,0.11529257148504257,-0.030469045042991638,0.014894801191985607,0,0,0.0,63700,227.33444213867188,322910,0.07045886665582657,-0.023197894915938377,0.10472802072763443,0,0,0.0,118416,224.73611450195312,582690,0.19220668077468872,-0.045928046107292175,0.10721277445554733,0,0,0.0,1920103,210.78607177734375,1291317,-0.05000000074505806,0.27857157588005066,0.1009763777256012,0,0,0.0
11500,0,0,34152,227.3651885986328,481339,0.11529257148504257,-0.030469045042991638,0.014894801191985607,0,0,0.0,63700,227.33094787597656,322910,0.07045886665582657,-0.023197894915938377,0.10472802072763443,0,0,0.0,118416,224.73748779296875,582690,0.19220668077468872,-0.045928046107292175,0.10721277445554733,0,0,0.0,1920103,210.63233947753906,1291317,-0.05000000074505806,0.27857157588005066,0.1009763777256012,0,0,0.0
12000,0,0,34152,227.36378479003906,481339,0.11529257148504257,-0.030469045042991638,0.014894801191985607,0,0,0.0,63700,227.3365478515625,322910,0.07045886665582657,-0.023197894915938377,0.10472802072763443,0,0,0.0,118416,224.74026489257812,582690,0.19220668077468872,-0.045928046107292175,0.10721277445554733,0,0,0.0,1920103,210.7832794189453,1291317,-0.05000000074505806,0.27857157588005066,0.1009763777256012,0,0,0.0
12500,0,0,34152,227.37147521972656,481339,0.11529257148504257,-0.030469045042991638,0.014894801191985607,0,0,0.0,63700,227.33724975585938,317956,0.06854952871799469,-0.023032013326883316,0.1030036136507988,0,0,0.0,118416,224.73403930664062,582690,0.19220668077468872,-0.045928046107292175,0.10721277445554733,0,0,0.0,1920103,210.75881958007812,1291317,-0.05000000074505806,0.27857157588005066,0.1009763777256012,0,0,0.0
13000,0,0,34152,227.369384765625,481339,0.11529257148504257,-0.030469045042991638,0.014894801191985607,0,0,0.0,63700,227.33724975585938,322910,0.07045886665582657,-0.023197894915938377,0.10472802072763443,0,0,0.0,118416,224.7375030517578,582690,0.19220668077468872,-0.045928046107292175,0.10721277445554733,0,0,0.0,1920103,210.94610595703125,1291317,-0.05000000074505806,0.27857157588005066,0.1009763777256012,0,0,0.0
13500,0,0,34152,227.3777618408203,481340,0.11529257148504257,-0.030469045042991638,0.027621960267424583,0,0,0.0,63700,227.3323516845703,322910,0.07045886665582657,-0.023197894915938377,0.10472802072763443,0,0,0.0,118416,224.728515625,582690,0.19220668077468872,-0.045928046107292175,0.10721277445554733,0,0,0.0,1920103,210.82591247558594,1291317,-0.05000000074505806,0.27857157588005066,0.1009763777256012,0,0,0.0
14000,0,0,34152,227.3707733154297,481342,0.11529257148504257,-0.030469045042991638,0.04778927192091942,0,0,0.0,63700,227.3365478515625,322910,0.07045886665582657,-0.023197894915938377,0.10472802072763443,0,0,0.0,118416,224.74510192871094,582690,0.19220668077468872,-0.045928046107292175,0.10721277445554733,0,0,0.0,1920103,210.7161865234375,1291317,-0.05000000074505806,0.27857157588005066,0.1009763777256012,0,0,0.0
14500,0,0,34152,227.3728790283203,481340,0.11529257148504257,-0.030469045042991638,0.027621960267424583,0,0,0.0,63700,227.33724975585938,322910,0.07045886665582657,-0.023197894915938377,0.10472802072763443,0,0,0.0,118416,224.73956298828125,582690,0.19220668077468872,-0.045928046107292175,0.10721277445554733,0,0,0.0,1920103,210.63304138183594,1291317,-0.05000000074505806,0.27857157588005066,0.1009763777256012,0,0,0.0
15000,0,0,34152,227.3651885986328,481341,0.11529257148504257,-0.030469045042991638,0.03849693387746811,0,0,0.0,63700,227.3323516845703,322910,0.07045886665582657,-0.023197894915938377,0.10472802072763443,0,0,0.0,118416,224.73062133789062,582690,0.19220668077468872,-0.045928046107292175,0.10721277445554733,0,0,0.0,1920103,211.06210327148438,1291317,-0.05000000074505806,0.27857157588005066,0.1009763777256012,0,0,0.0
15500,0,0,34152,227.37147521972656,481341,0.11529257148504257,-0.030469045042991638,0.03849693387746811,0,0,0.0,63700,227.33514404296875,322910,0.07045886665582657,-0.023197894915938377,0.10472802072763443,0,0,0.0,118416,224.74024963378906,582690,0.19220668077468872,-0.045928046107292175,0.10721277445554733,0,0,0.0,1920103,211.18649291992188,1291317,-0.05000000074505806,0.27857157588005066,0.1009763777256012,0,0,0.0
16000,0,0,34152,227.37217712402344,481342,0.11529257148504257,-0.030469045042991638,0.04778927192091942,0,0,0.0,63700,227.33863830566406,317950,0.06854952871799469,-0.023280270397663116,0.09913187474012375,0,0,0.0,118416,224.73960876464844,582690,0.19220668077468872,-0.045928046107292175,0.10721277445554733,0,0,0.0,1920103,211.15713500976562,1291317,-0.05000000074505806,0.27857157588005066,0.1009763777256012,0,0,0.0
16500,0,0,34152,227.37217712402344,481342,0.11529257148504257,-0.030469045042991638,0.04778927192091942,0,0,0.0,63700,227.33724975585938,317956,0.06854952871799469,-0.023032013326883316,0.1030036136507988,0,0,0.0,118416,224.73265075683594,582690,0.19220668077468872,-0.045928046107292175,0.10721277445554733,0,0,0.0,1920103,211.0166778564453,1291317,-0.05000000074505806,0.27857157588005066,0.1009763777256012,0,0,0.0
17000,0,0,34152,227.3707733154297,481341,0.11529257148504257,-0.030469045042991638,0.03849693387746811,0,0,0.0,63700,227.32815551757812,322910,0.07045886665582657,-0.023197894915938377,0.10472802072763443,0,0,0.0,118416,224.7361297607422,582690,0.19220668077468872,-0.045928046107292175,0.10721277445554733,0,0,0.0,1920103,211.02366638183594,1291317,-0.05000000074505806,0.27857157588005066,0.1009763777256012,0,0,0.0
17500,0,0,34152,227.3665771484375,481341,0.11529257148504257,-0.030469045042991638,0.03849693387746811,0,0,0.0,63700,227.3379364013672,317955,0.06854952871799469,-0.023032013326883316,0.1018068939447403,0,0,0.0,118416,224.74024963378906,582690,0.19220668077468872,-0.045928046107292175,0.10721277445554733,0,0,0.0,1920103,211.00759887695312,1291317,-0.05000000074505806,0.27857157588005066,0.1009763777256012,0,0,0.0
18000,0,0,34152,227.3728790283203,481342,0.11529257148504257,-0.030469045042991638,0.04778927192091942,0,0,0.0,63700,227.33375549316406,322910,0.07045886665582657,-0.023197894915938377,0.10472802072763443,0,0,0.0,118416,224.7375030517578,582690,0.19220668077468872,-0.045928046107292175,0.10721277445554733,0,0,0.0,1920103,211.06349182128906,1291317,-0.05000000074505806,0.27857157588005066,0.1009763777256012,0,0,0.0
18500,0,0,34152,227.3616943359375,481341,0.11529257148504257,-0.030469045042991638,0.03849693387746811,0,0,0.0,63700,227.33514404296875,322910,0.07045886665582657,-0.023197894915938377,0.10472802072763443,0,0,0.0,118416,224.7382049560547,582690,0.19220668077468872,-0.045928046107292175,0.10721277445554733,0,0,0.0,1920103,211.18299865722656,1291317,-0.05000000074505806,0.27857157588005066,0.1009763777256012,0,0,0.0
19000,0,0,34152,227.37356567382812,481339,0.11529257148504257,-0.030469045042991638,0.014894801191985607,0,0,0.0,63700,227.33863830566406,322910,0.07045886665582657,-0.023197894915938377,0.10472802072763443,0,0,0.0,118416,224.73817443847656,582690,0.19220668077468872,-0.045928046107292175,0.10721277445554733,0,0,0.0,1920103,210.99571228027344,1291317,-0.05000000074505806,0.27857157588005066,0.1009763777256012,0,0,0.0
19500,0,0,34152,227.374267578125,481343,0.11529257148504257,-0.030469045042991638,0.05572929233312607,0,0,0.0,63700,227.33444213867188,322910,0.07045886665582657,-0.023197894915938377,0.10472802072763443,0,0,0.0,118416,224.7361297607422,582690,0.19220668077468872,-0.045928046107292175,0.10721277445554733,0,0,0.0,1920103,210.96287536621094,1291317,-0.05000000074505806,0.27857157588005066,0.1009763777256012,0,0,0.0
20000,0,0,34152,227.36868286132812,481342,0.11529257148504257,-0.030469045042991638,0.04778927192091942,0,0,0.0,63700,227.33724975585938,322910,0.07045886665582657,-0.023197894915938377,0.10472802072763443,0,0,0.0,118416,224.73681640625,582690,0.19220668077468872,-0.045928046107292175,0.10721277445554733,0,0,0.0,1920103,211.07467651367188,1291317,-0.05000000074505806,0.27857157588005066,0.1009763777256012,0,0,0.0
