x_mm,contour_wall,center,center_T,center_g,contour_g,side_wall_mid
-6.000000000000000000e+01,9.922255873680114746e-01,9.909281730651855469e-01,2.859075012207031250e+02,0.000000000000000000e+00,0.000000000000000000e+00,9.921409487724304199e-01
-5.937142944335937500e+01,9.913053512573242188e-01,9.909337759017944336e-01,2.859073181152343750e+02,0.000000000000000000e+00,0.000000000000000000e+00,9.911814928054809570e-01
-5.874285888671875000e+01,9.911081194877624512e-01,9.909255504608154297e-01,2.859067993164062500e+02,0.000000000000000000e+00,0.000000000000000000e+00,9.909873008728027344e-01
-5.811428833007812500e+01,9.910544157028198242e-01,9.909173846244812012e-01,2.859057006835937500e+02,0.000000000000000000e+00,0.000000000000000000e+00,9.909291267395019531e-01
-5.748571395874023438e+01,9.910029172897338867e-01,9.908990263938903809e-01,2.859044189453125000e+02,0.000000000000000000e+00,0.000000000000000000e+00,9.908851385116577148e-01
-5.685714340209960938e+01,9.909697771072387695e-01,9.908798336982727051e-01,2.859028930664062500e+02,0.000000000000000000e+00,0.000000000000000000e+00,9.908522367477416992e-01
-5.622856903076171875e+01,9.909409880638122559e-01,9.908582568168640137e-01,2.859012756347656250e+02,0.000000000000000000e+00,0.000000000000000000e+00,9.908237457275390625e-01
-5.559999847412109375e+01,9.909184575080871582e-01,9.908370971679687500e-01,2.858993225097656250e+02,0.000000000000000000e+00,0.000000000000000000e+00,9.907972812652587891e-01
-5.497142791748046875e+01,9.908946156501770020e-01,9.908099770545959473e-01,2.858972167968750000e+02,0.000000000000000000e+00,0.000000000000000000e+00,9.907720088958740234e-01
-5.434285736083984375e+01,9.908737540245056152e-01,9.907835125923156738e-01,2.858951416015625000e+02,0.000000000000000000e+00,0.000000000000000000e+00,9.907461404800415039e-01
-5.371428680419921875e+01,9.908593893051147461e-01,9.907580614089965820e-01,2.858928222656250000e+02,0.000000000000000000e+00,0.000000000000000000e+00,9.907204508781433105e-01
-5.308571624755859375e+01,9.908422231674194336e-01,9.907268285751342773e-01,2.858904418945312500e+02,0.000000000000000000e+00,0.000000000000000000e+00,9.906936287879943848e-01
-5.245714187622070312e+01,9.908325076103210449e-01,9.906984567642211914e-01,2.858880310058593750e+02,0.000000000000000000e+00,0.000000000000000000e+00,9.906659722328186035e-01
-5.182857131958007812e+01,9.908229708671569824e-01,9.906669259071350098e-01,2.858855590820312500e+02,0.000000000000000000e+00,0.000000000000000000e+00,9.906372427940368652e-01
-5.119999694824218750e+01,9.908196926116943359e-01,9.906364679336547852e-01,2.858829040527343750e+02,0.000000000000000000e+00,0.000000000000000000e+00,9.906063675880432129e-01
-5.057142639160156250e+01,9.908156991004943848e-01,9.906005263328552246e-01,2.858800354003906250e+02,0.000000000000000000e+00,0.000000000000000000e+00,9.905745387077331543e-01
-4.994285964965820312e+01,9.908167123794555664e-01,9.905640482902526855e-01,2.858771057128906250e+02,0.000000000000000000e+00,0.000000000000000000e+00,9.905402064323425293e-01
-4.931428527832031250e+01,9.908247590065002441e-01,9.905274510383605957e-01,2.858739929199218750e+02,0.000000000000000000e+00,0.000000000000000000e+00,9.905033111572265625e-01
-4.868571472167968750e+01,9.908347129821777344e-01,9.904858469963073730e-01,2.858705444335937500e+02,0.000000000000000000e+00,0.000000000000000000e+00,9.904635548591613770e-01
-4.805714416503906250e+01,9.908499121665954590e-01,9.904403686523437500e-01,2.858668823242187500e+02,0.000000000000000000e+00,0.000000000000000000e+00,9.904208779335021973e-01
-4.742856979370117188e+01,9.908734560012817383e-01,9.903934001922607422e-01,2.858630371093750000e+02,0.000000000000000000e+00,0.000000000000000000e+00,9.903743267059326172e-01
-4.679999923706054688e+01,9.909049868583679199e-01,9.903435111045837402e-01,2.858587646484375000e+02,0.000000000000000000e+00,0.000000000000000000e+00,9.903235435485839844e-01
-4.617142486572265625e+01,9.909420609474182129e-01,9.902854561805725098e-01,2.858540344238281250e+02,0.000000000000000000e+00,0.000000000000000000e+00,9.902683496475219727e-01
-4.554285812377929688e+01,9.909889698028564453e-01,9.902231097221374512e-01,2.858489685058593750e+02,0.000000000000000000e+00,0.000000000000000000e+00,9.902072548866271973e-01
-4.491428756713867188e+01,9.910497665405273438e-01,9.901575446128845215e-01,2.858433532714843750e+02,0.000000000000000000e+00,0.000000000000000000e+00,9.901397824287414551e-01
-4.428571319580078125e+01,9.911161661148071289e-01,9.900799393653869629e-01,2.858371276855468750e+02,0.000000000000000000e+00,0.000000000000000000e+00,9.900663495063781738e-01
-4.365714263916015625e+01,9.911995530128479004e-01,9.899989962577819824e-01,2.858303833007812500e+02,0.000000000000000000e+00,0.000000000000000000e+00,9.899844527244567871e-01
-4.302857208251953125e+01,9.912878274917602539e-01,9.899072051048278809e-01,2.858228759765625000e+02,0.000000000000000000e+00,0.000000000000000000e+00,9.898942708969116211e-01
-4.239999771118164062e+01,9.913916587829589844e-01,9.898082017898559570e-01,2.858145751953125000e+02,0.000000000000000000e+00,0.000000000000000000e+00,9.897944331169128418e-01
-4.177142715454101562e+01,9.914855360984802246e-01,9.896944761276245117e-01,2.858052673339843750e+02,0.000000000000000000e+00,0.000000000000000000e+00,9.896833896636962891e-01
-4.114286041259765625e+01,9.915984272956848145e-01,9.895702004432678223e-01,2.857951049804687500e+02,0.000000000000000000e+00,0.000000000000000000e+00,9.895607233047485352e-01
-4.051428604125976562e+01,9.916747808456420898e-01,9.894355535507202148e-01,2.857838134765625000e+02,0.000000000000000000e+00,0.000000000000000000e+00,9.894248247146606445e-01
-3.988571548461914062e+01,9.917743206024169922e-01,9.892809987068176270e-01,2.857712402343750000e+02,0.000000000000000000e+00,0.000000000000000000e+00,9.892742633819580078e-01
-3.925714111328125000e+01,9.918071627616882324e-01,9.891154766082763672e-01,2.857574768066406250e+02,0.000000000000000000e+00,0.000000000000000000e+00,9.891082644462585449e-01
-3.862857055664062500e+01,9.919091463088989258e-01,9.889292716979980469e-01,2.857423095703125000e+02,0.000000000000000000e+00,0.000000000000000000e+00,9.889246225357055664e-01
-3.800000000000000000e+01,9.918566346168518066e-01,9.887300133705139160e-01,2.857255554199218750e+02,0.000000000000000000e+00,0.000000000000000000e+00,9.887235760688781738e-01
-3.757109451293945312e+01,9.919794201850891113e-01,9.885723590850830078e-01,2.857130126953125000e+02,0.000000000000000000e+00,0.000000000000000000e+00,9.885708093643188477e-01
-3.714219284057617188e+01,9.920817017555236816e-01,9.884131550788879395e-01,2.856997680664062500e+02,0.000000000000000000e+00,0.000000000000000000e+00,9.884128570556640625e-01
-3.671328735351562500e+01,9.923658967018127441e-01,9.882416129112243652e-01,2.856856689453125000e+02,0.000000000000000000e+00,0.000000000000000000e+00,9.882413148880004883e-01
-3.628438186645507812e+01,9.923670887947082520e-01,9.880605340003967285e-01,2.856706848144531250e+02,0.000000000000000000e+00,0.000000000000000000e+00,9.880611896514892578e-01
-3.585548019409179688e+01,9.920976758003234863e-01,9.878646731376647949e-01,2.856546630859375000e+02,0.000000000000000000e+00,0.000000000000000000e+00,9.878680706024169922e-01
-3.542657089233398438e+01,9.917385578155517578e-01,9.876608252525329590e-01,2.856377563476562500e+02,0.000000000000000000e+00,0.000000000000000000e+00,9.876641035079956055e-01
-3.499766921997070312e+01,9.912540316581726074e-01,9.874410629272460938e-01,2.856197509765625000e+02,0.000000000000000000e+00,0.000000000000000000e+00,9.874466061592102051e-01
-3.456876373291015625e+01,9.907855391502380371e-01,9.872106909751892090e-01,2.856006469726562500e+02,0.000000000000000000e+00,0.000000000000000000e+00,9.872166514396667480e-01
-3.413986206054687500e+01,9.903053045272827148e-01,9.869631528854370117e-01,2.855804443359375000e+02,0.000000000000000000e+00,0.000000000000000000e+00,9.869725108146667480e-01
-3.371095657348632812e+01,9.898520708084106445e-01,9.867067337036132812e-01,2.855591125488281250e+02,0.000000000000000000e+00,0.000000000000000000e+00,9.867146015167236328e-01
-3.328205108642578125e+01,9.893980026245117188e-01,9.864309430122375488e-01,2.855364685058593750e+02,0.000000000000000000e+00,0.000000000000000000e+00,9.864418506622314453e-01
-3.285314559936523438e+01,9.889580011367797852e-01,9.861412644386291504e-01,2.855126342773437500e+02,0.000000000000000000e+00,0.000000000000000000e+00,9.861535429954528809e-01
-3.242424011230468750e+01,9.885271191596984863e-01,9.858372211456298828e-01,2.854874877929687500e+02,0.000000000000000000e+00,0.000000000000000000e+00,9.858490228652954102e-01
-3.199533653259277344e+01,9.880975484848022461e-01,9.855136871337890625e-01,2.854608154296875000e+02,0.000000000000000000e+00,0.000000000000000000e+00,9.855277538299560547e-01
-3.156643295288085938e+01,9.876697063446044922e-01,9.851741790771484375e-01,2.854327392578125000e+02,0.000000000000000000e+00,0.000000000000000000e+00,9.851893782615661621e-01
-3.113752937316894531e+01,9.872367978096008301e-01,9.848147034645080566e-01,2.854031677246093750e+02,0.000000000000000000e+00,0.000000000000000000e+00,9.848325848579406738e-01
-3.070862388610839844e+01,9.868015050888061523e-01,9.844388365745544434e-01,2.853720703125000000e+02,0.000000000000000000e+00,0.000000000000000000e+00,9.844568967819213867e-01
-3.027972030639648438e+01,9.863564372062683105e-01,9.840415120124816895e-01,2.853393249511718750e+02,0.000000000000000000e+00,0.000000000000000000e+00,9.840612411499023438e-01
-2.985081672668457031e+01,9.859030842781066895e-01,9.836245775222778320e-01,2.853048400878906250e+02,0.000000000000000000e+00,0.000000000000000000e+00,9.836447238922119141e-01
-2.942191123962402344e+01,9.854366779327392578e-01,9.831842184066772461e-01,2.852685241699218750e+02,0.000000000000000000e+00,0.000000000000000000e+00,9.832066893577575684e-01
-2.899300765991210938e+01,9.849587678909301758e-01,9.827231168746948242e-01,2.852303161621093750e+02,0.000000000000000000e+00,0.000000000000000000e+00,9.827458858489990234e-01
-2.856410217285156250e+01,9.844639897346496582e-01,9.822361469268798828e-01,2.851900939941406250e+02,0.000000000000000000e+00,0.000000000000000000e+00,9.822611212730407715e-01
-2.813519668579101562e+01,9.839528203010559082e-01,9.817249774932861328e-01,2.851478271484375000e+02,0.000000000000000000e+00,0.000000000000000000e+00,9.817515015602111816e-01
-2.770629310607910156e+01,9.834223389625549316e-01,9.811876416206359863e-01,2.851033325195312500e+02,0.000000000000000000e+00,0.000000000000000000e+00,9.812152385711669922e-01
-2.727738952636718750e+01,9.828717112541198730e-01,9.806219935417175293e-01,2.850565490722656250e+02,0.000000000000000000e+00,0.000000000000000000e+00,9.806507825851440430e-01
-2.684848594665527344e+01,9.822985529899597168e-01,9.800276756286621094e-01,2.850072326660156250e+02,0.000000000000000000e+00,0.000000000000000000e+00,9.800572991371154785e-01
-2.641958045959472656e+01,9.816997647285461426e-01,9.794005751609802246e-01,2.849553222656250000e+02,0.000000000000000000e+00,0.000000000000000000e+00,9.794327616691589355e-01
-2.599067687988281250e+01,9.810750484466552734e-01,9.787425398826599121e-01,2.849006958007812500e+02,0.000000000000000000e+00,0.000000000000000000e+00,9.787752628326416016e-01
-2.556177139282226562e+01,9.804196953773498535e-01,9.780475497245788574e-01,2.848430786132812500e+02,0.000000000000000000e+00,0.000000000000000000e+00,9.780830740928649902e-01
-2.513286590576171875e+01,9.797332882881164551e-01,9.773159623146057129e-01,2.847823791503906250e+02,0.000000000000000000e+00,0.000000000000000000e+00,9.773537516593933105e-01
-2.470396232604980469e+01,9.790129661560058594e-01,9.765452146530151367e-01,2.847183532714843750e+02,0.000000000000000000e+00,0.000000000000000000e+00,9.765847325325012207e-01
-2.427505874633789062e+01,9.782552719116210938e-01,9.757320284843444824e-01,2.846507873535156250e+02,0.000000000000000000e+00,0.000000000000000000e+00,9.757736921310424805e-01
-2.384615325927734375e+01,9.774571061134338379e-01,9.748738408088684082e-01,2.845794677734375000e+02,0.000000000000000000e+00,0.000000000000000000e+00,9.749178290367126465e-01
-2.341724967956542969e+01,9.766162633895874023e-01,9.739691019058227539e-01,2.845041503906250000e+02,0.000000000000000000e+00,0.000000000000000000e+00,9.740144014358520508e-01
-2.298834609985351562e+01,9.757254123687744141e-01,9.730108976364135742e-01,2.844244689941406250e+02,0.000000000000000000e+00,0.000000000000000000e+00,9.730598330497741699e-01
-2.255944061279296875e+01,9.747835993766784668e-01,9.719998240470886230e-01,2.843402099609375000e+02,0.000000000000000000e+00,0.000000000000000000e+00,9.720503687858581543e-01
-2.213053512573242188e+01,9.737835526466369629e-01,9.709288477897644043e-01,2.842509460449218750e+02,0.000000000000000000e+00,0.000000000000000000e+00,9.709827899932861328e-01
-2.170163154602050781e+01,9.727195501327514648e-01,9.697956442832946777e-01,2.841563415527343750e+02,0.000000000000000000e+00,0.000000000000000000e+00,9.698520302772521973e-01
-2.127272796630859375e+01,9.715834259986877441e-01,9.685943126678466797e-01,2.840560607910156250e+02,0.000000000000000000e+00,0.000000000000000000e+00,9.686537981033325195e-01
-2.084871673583984375e+01,9.703829884529113770e-01,9.673370718955993652e-01,2.839509277343750000e+02,0.000000000000000000e+00,0.000000000000000000e+00,9.673995971679687500e-01
-2.042467498779296875e+01,9.690964221954345703e-01,9.660022854804992676e-01,2.838393249511718750e+02,0.000000000000000000e+00,0.000000000000000000e+00,9.660690426826477051e-01
-2.000056838989257812e+01,9.677234292030334473e-01,9.645879864692687988e-01,2.837207946777343750e+02,0.000000000000000000e+00,0.000000000000000000e+00,9.646576046943664551e-01
-1.957635879516601562e+01,9.662536382675170898e-01,9.630842804908752441e-01,2.835947265625000000e+02,0.000000000000000000e+00,0.000000000000000000e+00,9.631586074829101562e-01
-1.915201950073242188e+01,9.646840691566467285e-01,9.614868760108947754e-01,2.834606323242187500e+02,0.000000000000000000e+00,0.000000000000000000e+00,9.615653753280639648e-01
-1.872751617431640625e+01,9.630077481269836426e-01,9.597886204719543457e-01,2.833178710937500000e+02,0.000000000000000000e+00,0.000000000000000000e+00,9.598718285560607910e-01
-1.830281448364257812e+01,9.612154960632324219e-01,9.579806923866271973e-01,2.831657409667968750e+02,0.000000000000000000e+00,0.000000000000000000e+00,9.580683708190917969e-01
-1.787788581848144531e+01,9.592992663383483887e-01,9.560551047325134277e-01,2.830034484863281250e+02,0.000000000000000000e+00,0.000000000000000000e+00,9.561478495597839355e-01
-1.745269584655761719e+01,9.572494029998779297e-01,9.540022611618041992e-01,2.828302307128906250e+02,0.000000000000000000e+00,0.000000000000000000e+00,9.541013240814208984e-01
-1.702721405029296875e+01,9.550564885139465332e-01,9.518131017684936523e-01,2.826452026367187500e+02,0.000000000000000000e+00,0.000000000000000000e+00,9.519173502922058105e-01
-1.660140800476074219e+01,9.527081251144409180e-01,9.494767189025878906e-01,2.824473571777343750e+02,0.000000000000000000e+00,0.000000000000000000e+00,9.495860934257507324e-01
-1.617524909973144531e+01,9.501919746398925781e-01,9.469805359840393066e-01,2.822355957031250000e+02,0.000000000000000000e+00,0.000000000000000000e+00,9.470969438552856445e-01
-1.574870777130126953e+01,9.474964141845703125e-01,9.443123340606689453e-01,2.820087890625000000e+02,0.000000000000000000e+00,0.000000000000000000e+00,9.444361329078674316e-01
-1.532175254821777344e+01,9.446033835411071777e-01,9.414591789245605469e-01,2.817656860351562500e+02,0.000000000000000000e+00,0.000000000000000000e+00,9.415892958641052246e-01
-1.489435768127441406e+01,9.414985775947570801e-01,9.384056329727172852e-01,2.815050659179687500e+02,0.000000000000000000e+00,0.000000000000000000e+00,9.385426044464111328e-01
-1.446649360656738281e+01,9.381644725799560547e-01,9.351358413696289062e-01,2.812252502441406250e+02,0.000000000000000000e+00,0.000000000000000000e+00,9.352816939353942871e-01
-1.403813457489013672e+01,9.345816969871520996e-01,9.316321015357971191e-01,2.809246215820312500e+02,0.000000000000000000e+00,0.000000000000000000e+00,9.317862391471862793e-01
-1.360925388336181641e+01,9.307308793067932129e-01,9.278761744499206543e-01,2.806015014648437500e+02,0.000000000000000000e+00,0.000000000000000000e+00,9.280388951301574707e-01
-1.317982769012451172e+01,9.265903830528259277e-01,9.238483309745788574e-01,2.802539367675781250e+02,0.000000000000000000e+00,0.000000000000000000e+00,9.240192174911499023e-01
-1.274983215332031250e+01,9.221352338790893555e-01,9.195262193679809570e-01,2.798797912597656250e+02,0.000000000000000000e+00,0.000000000000000000e+00,9.197081327438354492e-01
-1.231924343109130859e+01,9.173415303230285645e-01,9.148871302604675293e-01,2.794767456054687500e+02,0.000000000000000000e+00,0.000000000000000000e+00,9.150795936584472656e-01
-1.188804340362548828e+01,9.121803045272827148e-01,9.099060297012329102e-01,2.790424194335937500e+02,0.000000000000000000e+00,0.000000000000000000e+00,9.101086258888244629e-01
-1.145620918273925781e+01,9.066232442855834961e-01,9.045567512512207031e-01,2.785740966796875000e+02,0.000000000000000000e+00,0.000000000000000000e+00,9.047693014144897461e-01
-1.102372550964355469e+01,9.006382226943969727e-01,8.988107442855834961e-01,2.780688171386718750e+02,0.000000000000000000e+00,0.000000000000000000e+00,8.990355134010314941e-01
-1.059057426452636719e+01,8.941931724548339844e-01,8.926388025283813477e-01,2.775234985351562500e+02,0.000000000000000000e+00,0.000000000000000000e+00,8.928770422935485840e-01
-1.015674304962158203e+01,8.872529268264770508e-01,8.860088586807250977e-01,2.769347229003906250e+02,0.000000000000000000e+00,0.000000000000000000e+00,8.862602710723876953e-01
-9.722218513488769531e+00,8.797804117202758789e-01,8.788891434669494629e-01,2.762989196777343750e+02,0.000000000000000000e+00,0.000000000000000000e+00,8.791533708572387695e-01
-9.286991119384765625e+00,8.717378377914428711e-01,8.712447285652160645e-01,2.756122131347656250e+02,0.000000000000000000e+00,0.000000000000000000e+00,8.715226054191589355e-01
-8.851052284240722656e+00,8.630849719047546387e-01,8.630409240722656250e-01,2.748704528808593750e+02,0.000000000000000000e+00,0.000000000000000000e+00,8.633337020874023438e-01
-8.414398193359375000e+00,8.537888526916503906e-01,8.542423248291015625e-01,2.740693054199218750e+02,0.000000000000000000e+00,0.000000000000000000e+00,8.545521497726440430e-01
-7.977025508880615234e+00,8.437940478324890137e-01,8.448126316070556641e-01,2.732041931152343750e+02,0.000000000000000000e+00,0.000000000000000000e+00,8.451413512229919434e-01
-7.538935184478759766e+00,8.330650329589843750e-01,8.347169756889343262e-01,2.722702636718750000e+02,0.000000000000000000e+00,0.000000000000000000e+00,8.350644707679748535e-01
-7.100130081176757812e+00,8.215698003768920898e-01,8.239204883575439453e-01,2.712625732421875000e+02,0.000000000000000000e+00,0.000000000000000000e+00,8.242888450622558594e-01
-6.660617351531982422e+00,8.092659711837768555e-01,8.123919963836669922e-01,2.701761169433593750e+02,0.000000000000000000e+00,0.000000000000000000e+00,8.127827644348144531e-01
-6.220407962799072266e+00,7.961190342903137207e-01,8.001015782356262207e-01,2.690056762695312500e+02,0.000000000000000000e+00,0.000000000000000000e+00,8.005174398422241211e-01
-5.779515743255615234e+00,7.820999622344970703e-01,7.870252728462219238e-01,2.677462463378906250e+02,0.000000000000000000e+00,0.000000000000000000e+00,7.874692678451538086e-01
-5.337957382202148438e+00,7.671855688095092773e-01,7.731441259384155273e-01,2.663928527832031250e+02,0.000000000000000000e+00,0.000000000000000000e+00,7.736222743988037109e-01
-4.895755767822265625e+00,7.513603568077087402e-01,7.584477663040161133e-01,2.649409179687500000e+02,0.000000000000000000e+00,0.000000000000000000e+00,7.589666247367858887e-01
-4.452937126159667969e+00,7.346198558807373047e-01,7.429349422454833984e-01,2.633863830566406250e+02,0.000000000000000000e+00,0.000000000000000000e+00,7.435040473937988281e-01
-4.009532928466796875e+00,7.169719934463500977e-01,7.266179323196411133e-01,2.617260742187500000e+02,0.000000000000000000e+00,0.000000000000000000e+00,7.272509336471557617e-01
-3.565576553344726562e+00,6.984466314315795898e-01,7.095245718955993652e-01,2.599578552246093750e+02,0.000000000000000000e+00,0.000000000000000000e+00,7.102406024932861328e-01
-3.121109724044799805e+00,6.790987253189086914e-01,6.917042136192321777e-01,2.580817260742187500e+02,0.000000000000000000e+00,0.000000000000000000e+00,6.925351619720458984e-01
-2.676176786422729492e+00,6.590228676795959473e-01,6.732383370399475098e-01,2.561006774902343750e+02,0.000000000000000000e+00,0.000000000000000000e+00,6.742290258407592773e-01
-2.230829000473022461e+00,6.383591890335083008e-01,6.542531847953796387e-01,2.540227508544921875e+02,4.073450165938375611e-30,0.000000000000000000e+00,6.554832458496093750e-01
-1.785122156143188477e+00,6.174091100692749023e-01,6.350082755088806152e-01,2.518719635009765625e+02,5.142258527863581190e-26,0.000000000000000000e+00,6.365301012992858887e-01
-1.339116334915161133e+00,5.966302156448364258e-01,6.157666444778442383e-01,2.496678619384765625e+02,1.041383422026799565e-22,0.000000000000000000e+00,6.176466941833496094e-01
-8.928785920143127441e-01,5.768936872482299805e-01,5.969531536102294922e-01,2.474690704345703125e+02,4.465440186578900573e-20,0.000000000000000000e+00,5.992189645767211914e-01
-4.464806914329528809e-01,5.599990487098693848e-01,5.791198611259460449e-01,2.453403015136718750e+02,5.345543452831552967e-18,0.000000000000000000e+00,5.817453265190124512e-01
0.000000000000000000e+00,5.479492545127868652e-01,5.629073977470397949e-01,2.433649749755859375e+02,2.053754994488791097e-16,0.000000000000000000e+00,5.657001733779907227e-01
4.259844720363616943e-01,5.400830507278442383e-01,5.494969487190246582e-01,2.416999053955078125e+02,3.113452344991551012e-15,0.000000000000000000e+00,5.521265268325805664e-01
8.519678711891174316e-01,5.330325365066528320e-01,5.382981896400451660e-01,2.402866210937500000e+02,2.786438377396730642e-14,0.000000000000000000e+00,5.403665900230407715e-01
1.277949333190917969e+00,5.256696939468383789e-01,5.290204286575317383e-01,2.390990905761718750e+02,1.656816095993787763e-13,0.000000000000000000e+00,5.302475690841674805e-01
1.703928112983703613e+00,5.182110667228698730e-01,5.210111141204833984e-01,2.380617065429687500e+02,7.402463516291424295e-13,0.000000000000000000e+00,5.214074254035949707e-01
2.129903554916381836e+00,5.108471512794494629e-01,5.136162042617797852e-01,2.370938110351562500e+02,2.715993879451317206e-12,0.000000000000000000e+00,5.134062170982360840e-01
2.555875301361083984e+00,5.036779046058654785e-01,5.064410567283630371e-01,2.361452026367187500e+02,8.677726939798624528e-12,0.000000000000000000e+00,5.059230327606201172e-01
2.981842994689941406e+00,4.967075884342193604e-01,4.993509948253631592e-01,2.351984558105468750e+02,2.505606486180589343e-11,0.000000000000000000e+00,4.987702667713165283e-01
3.407806634902954102e+00,4.899229705333709717e-01,4.923591017723083496e-01,2.342553405761718750e+02,6.686448617010398721e-11,0.000000000000000000e+00,4.918610155582427979e-01
3.833765745162963867e+00,4.833170473575592041e-01,4.855186343193054199e-01,2.333233337402343750e+02,1.671020405380474472e-10,0.000000000000000000e+00,4.851672947406768799e-01
4.259720802307128906e+00,4.768959879875183105e-01,4.788717031478881836e-01,2.324086761474609375e+02,3.942024207059802166e-10,0.000000000000000000e+00,4.786775410175323486e-01
4.685671806335449219e+00,4.706803858280181885e-01,4.724414348602294922e-01,2.315151062011718750e+02,8.824777575355824411e-10,0.000000000000000000e+00,4.723934829235076904e-01
5.111619472503662109e+00,4.646771252155303955e-01,4.662397503852844238e-01,2.306450500488281250e+02,1.882329847546770907e-09,0.000000000000000000e+00,4.663162827491760254e-01
5.537562847137451172e+00,4.588999748229980469e-01,4.602706134319305420e-01,2.297997436523437500e+02,3.839005113803750646e-09,0.000000000000000000e+00,4.604483842849731445e-01
5.963503360748291016e+00,4.533582329750061035e-01,4.545345902442932129e-01,2.289800262451171875e+02,7.510610799954520189e-09,0.000000000000000000e+00,4.547910988330841064e-01
6.389441490173339844e+00,4.480536878108978271e-01,4.490308761596679688e-01,2.281865081787109375e+02,1.413776207215278191e-08,0.000000000000000000e+00,4.493483304977416992e-01
6.815377235412597656e+00,4.429912567138671875e-01,4.437600970268249512e-01,2.274200592041015625e+02,2.567842471989933983e-08,0.000000000000000000e+00,4.441201984882354736e-01
7.241311073303222656e+00,4.381569325923919678e-01,4.387240409851074219e-01,2.266816711425781250e+02,4.512182627536276414e-08,0.000000000000000000e+00,4.391076862812042236e-01
7.667243480682373047e+00,4.335400462150573730e-01,4.339244961738586426e-01,2.259723663330078125e+02,7.689442327318829484e-08,0.000000000000000000e+00,4.343102574348449707e-01
8.093175888061523438e+00,4.291211366653442383e-01,4.293600916862487793e-01,2.252925720214843750e+02,1.273771772503096145e-07,0.000000000000000000e+00,4.297267496585845947e-01
8.519189834594726562e+00,4.248753190040588379e-01,4.250237047672271729e-01,2.246419677734375000e+02,2.055242163123693899e-07,0.000000000000000000e+00,4.253492057323455811e-01
8.945203781127929688e+00,4.207848906517028809e-01,4.209021925926208496e-01,2.240193328857421875e+02,3.235949463942233706e-07,0.000000000000000000e+00,4.211657643318176270e-01
9.371217727661132812e+00,4.168478250503540039e-01,4.169745743274688721e-01,2.234219818115234375e+02,4.980406629329081625e-07,0.000000000000000000e+00,4.171601831912994385e-01
9.797231674194335938e+00,4.130536317825317383e-01,4.132146239280700684e-01,2.228466033935546875e+02,7.505051939915574621e-07,0.000000000000000000e+00,4.133160710334777832e-01
1.022324562072753906e+01,4.093972146511077881e-01,4.095960557460784912e-01,2.222895050048828125e+02,1.108972469410218764e-06,0.000000000000000000e+00,4.096188247203826904e-01
1.064925956726074219e+01,4.058685004711151123e-01,4.060962796211242676e-01,2.217477111816406250e+02,1.609068931429646909e-06,0.000000000000000000e+00,4.060531854629516602e-01
1.107527351379394531e+01,4.024583101272583008e-01,4.026992917060852051e-01,2.212190704345703125e+02,2.295533704455010593e-06,0.000000000000000000e+00,4.026057124137878418e-01
1.150128746032714844e+01,3.991551399230957031e-01,3.993943929672241211e-01,2.207022247314453125e+02,3.223851763323182240e-06,0.000000000000000000e+00,3.992686867713928223e-01
1.192730045318603516e+01,3.959478735923767090e-01,3.961755335330963135e-01,2.201966400146484375e+02,4.462075594346970320e-06,0.000000000000000000e+00,3.960339128971099854e-01
1.235331439971923828e+01,3.928291201591491699e-01,3.930383920669555664e-01,2.197019500732421875e+02,6.092818694014567882e-06,0.000000000000000000e+00,3.928952813148498535e-01
1.277932834625244141e+01,3.897924125194549561e-01,3.899811208248138428e-01,2.192183837890625000e+02,8.215392881538718939e-06,0.000000000000000000e+00,3.898485302925109863e-01
1.320534229278564453e+01,3.868325352668762207e-01,3.870029151439666748e-01,2.187462158203125000e+02,1.094810613722074777e-05,0.000000000000000000e+00,3.868894875049591064e-01
1.363135623931884766e+01,3.839482367038726807e-01,3.841032385826110840e-01,2.182858428955078125e+02,1.443064320483244956e-05,0.000000000000000000e+00,3.840145766735076904e-01
1.405737018585205078e+01,3.811388909816741943e-01,3.812817037105560303e-01,2.178377075195312500e+02,1.882653668872080743e-05,0.000000000000000000e+00,3.812203407287597656e-01
1.448338413238525391e+01,3.784056007862091064e-01,3.785386085510253906e-01,2.174025726318359375e+02,2.432558903819881380e-05,0.000000000000000000e+00,3.785063922405242920e-01
1.490939807891845703e+01,3.757498264312744141e-01,3.758739233016967773e-01,2.169810333251953125e+02,3.114625360467471182e-05,0.000000000000000000e+00,3.758688271045684814e-01
1.533541107177734375e+01,3.731731772422790527e-01,3.732879459857940674e-01,2.165739593505859375e+02,3.953791747335344553e-05,0.000000000000000000e+00,3.733079731464385986e-01
1.576142597198486328e+01,3.706746995449066162e-01,3.707808256149291992e-01,2.161822052001953125e+02,4.978274955647066236e-05,0.000000000000000000e+00,3.708221912384033203e-01
1.618743896484375000e+01,3.682574927806854248e-01,3.683535456657409668e-01,2.158067779541015625e+02,6.219739589141681790e-05,0.000000000000000000e+00,3.684128522872924805e-01
1.661345291137695312e+01,3.659207820892333984e-01,3.660074770450592041e-01,2.154490509033203125e+02,7.713401282671838999e-05,0.000000000000000000e+00,3.660812377929687500e-01
1.703946685791015625e+01,3.636671006679534912e-01,3.637442588806152344e-01,2.151103668212890625e+02,9.498054714640602469e-05,0.000000000000000000e+00,3.638294339179992676e-01
1.746547889709472656e+01,3.614988029003143311e-01,3.615655303001403809e-01,2.147920837402343750e+02,1.161605832749046385e-04,0.000000000000000000e+00,3.616612851619720459e-01
1.789149475097656250e+01,3.594169616699218750e-01,3.594741821289062500e-01,2.144960784912109375e+02,1.411315315635874867e-04,0.000000000000000000e+00,3.595781922340393066e-01
1.831750679016113281e+01,3.574247062206268311e-01,3.574728071689605713e-01,2.142241210937500000e+02,1.703823945717886090e-04,0.000000000000000000e+00,3.575841486454010010e-01
1.874352264404296875e+01,3.555256724357604980e-01,3.555634617805480957e-01,2.139779968261718750e+02,2.044296415988355875e-04,0.000000000000000000e+00,3.556830286979675293e-01
1.916953468322753906e+01,3.537246882915496826e-01,3.537494540214538574e-01,2.137598266601562500e+02,2.438123920001089573e-04,0.000000000000000000e+00,3.538793027400970459e-01
1.959555053710937500e+01,3.520245254039764404e-01,3.520345091819763184e-01,2.135717315673828125e+02,2.890853502321988344e-04,0.000000000000000000e+00,3.521763086318969727e-01
2.002156257629394531e+01,3.504269719123840332e-01,3.504229485988616943e-01,2.134160766601562500e+02,3.408121410757303238e-04,0.000000000000000000e+00,3.505792915821075439e-01
2.044757843017578125e+01,3.489367067813873291e-01,3.489196002483367920e-01,2.132952880859375000e+02,3.995556908193975687e-04,0.000000000000000000e+00,3.490901887416839600e-01
2.087359046936035156e+01,3.475572764873504639e-01,3.475284576416015625e-01,2.132116088867187500e+02,4.658676043618470430e-04,0.000000000000000000e+00,3.477128446102142334e-01
2.129960441589355469e+01,3.462907075881958008e-01,3.462526798248291016e-01,2.131670684814453125e+02,5.402785027399659157e-04,0.000000000000000000e+00,3.464506268501281738e-01
2.172561836242675781e+01,3.451423943042755127e-01,3.450952470302581787e-01,2.131636657714843750e+02,6.232850137166678905e-04,0.000000000000000000e+00,3.453066051006317139e-01
2.215163230895996094e+01,3.441132009029388428e-01,3.440587818622589111e-01,2.132032928466796875e+02,7.153382757678627968e-04,0.000000000000000000e+00,3.442819714546203613e-01
2.257764625549316406e+01,3.432071805000305176e-01,3.431454896926879883e-01,2.132873535156250000e+02,8.168346248567104340e-04,0.000000000000000000e+00,3.433769941329956055e-01
2.300366020202636719e+01,3.424235582351684570e-01,3.423571586608886719e-01,2.134173583984375000e+02,9.281030506826937199e-04,0.000000000000000000e+00,3.425929844379425049e-01
2.342967414855957031e+01,3.417610228061676025e-01,3.416967988014221191e-01,2.135942993164062500e+02,1.049396931193768978e-03,0.000000000000000000e+00,3.419285118579864502e-01
2.385568809509277344e+01,3.412198722362518311e-01,3.411658704280853271e-01,2.138201446533203125e+02,1.180885010398924351e-03,0.000000000000000000e+00,3.413811922073364258e-01
2.428170013427734375e+01,3.407968878746032715e-01,3.407524824142456055e-01,2.140899505615234375e+02,1.322642085142433643e-03,0.000000000000000000e+00,3.409495651721954346e-01
2.470771598815917969e+01,3.404922485351562500e-01,3.404462933540344238e-01,2.144114685058593750e+02,1.474624616093933582e-03,0.000000000000000000e+00,3.406257629394531250e-01
2.513372802734375000e+01,3.402998447418212891e-01,3.402737677097320557e-01,2.147576293945312500e+02,1.636751345358788967e-03,0.000000000000000000e+00,3.404156565666198730e-01
2.555974388122558594e+01,3.401934206485748291e-01,3.402800261974334717e-01,2.151979064941406250e+02,1.808794564567506313e-03,0.000000000000000000e+00,3.402846455574035645e-01
2.598575782775878906e+01,3.402073681354522705e-01,3.403425216674804688e-01,2.156580047607421875e+02,1.990408869460225105e-03,0.000000000000000000e+00,3.402611911296844482e-01
2.641177177429199219e+01,3.402990102767944336e-01,3.404891788959503174e-01,2.161522216796875000e+02,2.181156072765588760e-03,0.000000000000000000e+00,3.403115868568420410e-01
2.683778572082519531e+01,3.404587805271148682e-01,3.407200574874877930e-01,2.166822967529296875e+02,2.380500547587871552e-03,0.000000000000000000e+00,3.404228389263153076e-01
2.726379966735839844e+01,3.406829237937927246e-01,3.410212993621826172e-01,2.172452545166015625e+02,2.587807131931185722e-03,0.000000000000000000e+00,3.405881226062774658e-01
2.768981361389160156e+01,3.409579992294311523e-01,3.413742482662200928e-01,2.178361816406250000e+02,2.802343573421239853e-03,0.000000000000000000e+00,3.407967686653137207e-01
2.811582565307617188e+01,3.412704169750213623e-01,3.417623043060302734e-01,2.184499969482421875e+02,3.023297525942325592e-03,0.000000000000000000e+00,3.410376012325286865e-01
2.854184150695800781e+01,3.416056334972381592e-01,3.421711623668670654e-01,2.190820159912109375e+02,3.249783301725983620e-03,0.000000000000000000e+00,3.412992954254150391e-01
2.896785354614257812e+01,3.419492840766906738e-01,3.425885438919067383e-01,2.197275848388671875e+02,3.480858169496059418e-03,0.000000000000000000e+00,3.415693044662475586e-01
2.939386940002441406e+01,3.422872424125671387e-01,3.429974317550659180e-01,2.203821258544921875e+02,3.715528408065438271e-03,0.000000000000000000e+00,3.418362438678741455e-01
2.981988143920898438e+01,3.426042199134826660e-01,3.433738648891448975e-01,2.210377044677734375e+02,3.952763043344020844e-03,0.000000000000000000e+00,3.420875668525695801e-01
3.024589729309082031e+01,3.428862094879150391e-01,3.436998426914215088e-01,2.216881713867187500e+02,4.191518295556306839e-03,0.000000000000000000e+00,3.423117995262145996e-01
3.067190933227539062e+01,3.431187868118286133e-01,3.439614474773406982e-01,2.223302459716796875e+02,4.430746659636497498e-03,0.000000000000000000e+00,3.424983918666839600e-01
3.109792518615722656e+01,3.432908952236175537e-01,3.441125154495239258e-01,2.229571075439453125e+02,4.669374320656061172e-03,0.000000000000000000e+00,3.426312804222106934e-01
3.152393531799316406e+01,3.434034883975982666e-01,3.441357910633087158e-01,2.235384216308593750e+02,4.906431771814823151e-03,0.000000000000000000e+00,3.427241146564483643e-01
3.194995307922363281e+01,3.434220254421234131e-01,3.440746366977691650e-01,2.241069030761718750e+02,5.140971858054399490e-03,0.000000000000000000e+00,3.427356183528900146e-01
3.237596511840820312e+01,3.433551490306854248e-01,3.439215719699859619e-01,2.246531982421875000e+02,5.372129380702972412e-03,0.000000000000000000e+00,3.426797986030578613e-01
3.280197906494140625e+01,3.432033360004425049e-01,3.436759412288665771e-01,2.251726074218750000e+02,5.599116906523704529e-03,0.000000000000000000e+00,3.425544202327728271e-01
3.322799301147460938e+01,3.429571092128753662e-01,3.433341085910797119e-01,2.256623992919921875e+02,5.821230821311473846e-03,2.432444817783675593e-30,3.423511385917663574e-01
3.365400695800781250e+01,3.426154553890228271e-01,3.428948521614074707e-01,2.261208038330078125e+02,6.037859246134757996e-03,5.572328466965662228e-30,3.420665264129638672e-01
3.408002090454101562e+01,3.421770930290222168e-01,3.423614203929901123e-01,2.265469360351562500e+02,6.248478312045335770e-03,1.185271755482144645e-29,3.416984379291534424e-01
3.450603485107421875e+01,3.416438102722167969e-01,3.417406976222991943e-01,2.269408264160156250e+02,6.452654954046010971e-03,2.431691786698584029e-29,3.412457108497619629e-01
3.493204879760742188e+01,3.410210609436035156e-01,3.410420417785644531e-01,2.273032531738281250e+02,6.650055758655071259e-03,0.000000000000000000e+00,3.407082259654998779e-01
3.535805892944335938e+01,3.403131067752838135e-01,3.402724862098693848e-01,2.276348114013671875e+02,6.840429734438657761e-03,0.000000000000000000e+00,3.400875627994537354e-01
3.578407669067382812e+01,3.395279645919799805e-01,3.394384980201721191e-01,2.279361724853515625e+02,7.023605052381753922e-03,0.000000000000000000e+00,3.393863141536712646e-01
3.621009063720703125e+01,3.386716246604919434e-01,3.385466933250427246e-01,2.282081298828125000e+02,7.199481595307588577e-03,0.000000000000000000e+00,3.386086523532867432e-01
3.663610458374023438e+01,3.377496898174285889e-01,3.376026749610900879e-01,2.284515533447265625e+02,7.368027232587337494e-03,0.000000000000000000e+00,3.377586007118225098e-01
3.706211471557617188e+01,3.367681205272674561e-01,3.366110026836395264e-01,2.286672973632812500e+02,7.529262453317642212e-03,0.000000000000000000e+00,3.368406295776367188e-01
3.748813247680664062e+01,3.357328772544860840e-01,3.355746567249298096e-01,2.288560638427734375e+02,7.683259434998035431e-03,0.000000000000000000e+00,3.358600735664367676e-01
3.791414642333984375e+01,3.346481323242187500e-01,3.344948291778564453e-01,2.290181732177734375e+02,7.830141112208366394e-03,0.000000000000000000e+00,3.348211646080017090e-01
3.834016036987304688e+01,3.335187733173370361e-01,3.333726227283477783e-01,2.291542358398437500e+02,7.970055565237998962e-03,0.000000000000000000e+00,3.337287604808807373e-01
3.876617050170898438e+01,3.323499262332916260e-01,3.322097659111022949e-01,2.292649230957031250e+02,8.103191852569580078e-03,0.000000000000000000e+00,3.325876593589782715e-01
3.919218444824218750e+01,3.311467766761779785e-01,3.310120999813079834e-01,2.293518066406250000e+02,8.229747414588928223e-03,0.000000000000000000e+00,3.314032852649688721e-01
3.961820220947265625e+01,3.299124836921691895e-01,3.297841846942901611e-01,2.294161834716796875e+02,8.349958807229995728e-03,0.000000000000000000e+00,3.301810324192047119e-01
4.004421615600585938e+01,3.286509811878204346e-01,3.285291194915771484e-01,2.294592895507812500e+02,8.464065380394458771e-03,0.000000000000000000e+00,3.289249837398529053e-01
4.047022628784179688e+01,3.273653090000152588e-01,3.272507488727569580e-01,2.294824218750000000e+02,8.572317659854888916e-03,0.000000000000000000e+00,3.276400566101074219e-01
4.089624023437500000e+01,3.260576128959655762e-01,3.259515762329101562e-01,2.294866333007812500e+02,8.674966171383857727e-03,0.000000000000000000e+00,3.263297975063323975e-01
4.132225799560546875e+01,3.247305154800415039e-01,3.246341645717620850e-01,2.294730682373046875e+02,8.772278204560279846e-03,0.000000000000000000e+00,3.249979913234710693e-01
4.174827194213867188e+01,3.233864009380340576e-01,3.233004212379455566e-01,2.294427032470703125e+02,8.864504285156726837e-03,0.000000000000000000e+00,3.236474394798278809e-01
4.217428207397460938e+01,3.220278918743133545e-01,3.219526112079620361e-01,2.293965606689453125e+02,8.951893076300621033e-03,0.000000000000000000e+00,3.222810626029968262e-01
4.260029602050781250e+01,3.206567466259002686e-01,3.205914199352264404e-01,2.293354034423828125e+02,9.034697897732257843e-03,0.000000000000000000e+00,3.209013342857360840e-01
4.302630996704101562e+01,3.192750513553619385e-01,3.192178010940551758e-01,2.292599487304687500e+02,9.113165549933910370e-03,0.000000000000000000e+00,3.195106983184814453e-01
4.345232772827148438e+01,3.178859651088714600e-01,3.178344666957855225e-01,2.291713562011718750e+02,9.187528863549232483e-03,0.000000000000000000e+00,3.181112706661224365e-01
4.387833786010742188e+01,3.164903521537780762e-01,3.164439499378204346e-01,2.290706024169921875e+02,9.258015081286430359e-03,0.000000000000000000e+00,3.167053163051605225e-01
4.430435180664062500e+01,3.150900006294250488e-01,3.150483667850494385e-01,2.289586791992187500e+02,9.324839338660240173e-03,0.000000000000000000e+00,3.152951598167419434e-01
4.473036575317382812e+01,3.136866688728332520e-01,3.136501908302307129e-01,2.288366394042968750e+02,9.388215839862823486e-03,0.000000000000000000e+00,3.138824403285980225e-01
4.515638351440429688e+01,3.122819662094116211e-01,3.122511208057403564e-01,2.287051696777343750e+02,9.448342025279998779e-03,2.336781018643700389e-30,3.124685287475585938e-01
4.558239364624023438e+01,3.108755350112915039e-01,3.108513951301574707e-01,2.285649719238281250e+02,9.505405090749263763e-03,0.000000000000000000e+00,3.110552430152893066e-01
4.600840759277343750e+01,3.094707429409027100e-01,3.094524443149566650e-01,2.284165649414062500e+02,9.559581056237220764e-03,0.000000000000000000e+00,3.096432387828826904e-01
4.643442153930664062e+01,3.080666065216064453e-01,3.080547749996185303e-01,2.282606506347656250e+02,9.611041285097599030e-03,0.000000000000000000e+00,3.082337081432342529e-01
4.686043548583984375e+01,3.066658079624176025e-01,3.066590130329132080e-01,2.280975952148437500e+02,9.659947827458381653e-03,0.000000000000000000e+00,3.068273663520812988e-01
4.728644943237304688e+01,3.052678406238555908e-01,3.052659928798675537e-01,2.279280853271484375e+02,9.706443175673484802e-03,0.000000000000000000e+00,3.054251670837402344e-01
4.771246337890625000e+01,3.038750290870666504e-01,3.038768768310546875e-01,2.277527160644531250e+02,9.750677272677421570e-03,5.938463924195943078e-30,3.040277063846588135e-01
4.813847732543945312e+01,3.024873137474060059e-01,3.024931252002716064e-01,2.275721130371093750e+02,9.792779572308063507e-03,0.000000000000000000e+00,3.026358187198638916e-01
4.856449127197265625e+01,3.011059761047363281e-01,3.011155426502227783e-01,2.273867797851562500e+02,9.832877665758132935e-03,0.000000000000000000e+00,3.012500107288360596e-01
4.899050521850585938e+01,2.997314929962158203e-01,2.997451126575469971e-01,2.271972045898437500e+02,9.871088899672031403e-03,0.000000000000000000e+00,2.998707592487335205e-01
4.941651916503906250e+01,2.983641028404235840e-01,2.983821034431457520e-01,2.270036621093750000e+02,9.907521307468414307e-03,0.000000000000000000e+00,2.984983921051025391e-01
4.984253311157226562e+01,2.970039844512939453e-01,2.970260679721832275e-01,2.268063659667968750e+02,9.942275471985340118e-03,0.000000000000000000e+00,2.971338629722595215e-01
5.026854705810546875e+01,2.956521809101104736e-01,2.956776916980743408e-01,2.266058502197265625e+02,9.975450113415718079e-03,0.000000000000000000e+00,2.957771420478820801e-01
5.069455718994140625e+01,2.943086922168731689e-01,2.943373918533325195e-01,2.264022521972656250e+02,1.000713929533958435e-02,0.000000000000000000e+00,2.944289147853851318e-01
5.112057495117187500e+01,2.929730117321014404e-01,2.930050492286682129e-01,2.261958465576171875e+02,1.003742590546607971e-02,0.000000000000000000e+00,2.930890619754791260e-01
5.154658889770507812e+01,2.916463017463684082e-01,2.916809618473052979e-01,2.259869232177734375e+02,1.006638817489147186e-02,0.000000000000000000e+00,2.917583286762237549e-01
5.197260284423828125e+01,2.903289794921875000e-01,2.903657257556915283e-01,2.257757873535156250e+02,1.009410433471202850e-02,0.000000000000000000e+00,2.904365360736846924e-01
5.239861297607421875e+01,2.890193760395050049e-01,2.890585362911224365e-01,2.255624237060546875e+02,1.012063492089509964e-02,0.000000000000000000e+00,2.891238033771514893e-01
5.282463073730468750e+01,2.877196371555328369e-01,2.877603471279144287e-01,2.253472747802734375e+02,1.014605537056922913e-02,0.000000000000000000e+00,2.878203988075256348e-01
5.325064468383789062e+01,2.864293456077575684e-01,2.864718139171600342e-01,2.251306304931640625e+02,1.017042156308889389e-02,3.467726766677169042e-30,2.865266501903533936e-01
5.367665863037109375e+01,2.851477563381195068e-01,2.851927578449249268e-01,2.249126434326171875e+02,1.019378751516342163e-02,0.000000000000000000e+00,2.852422297000885010e-01
5.410266876220703125e+01,2.838753163814544678e-01,2.839222550392150879e-01,2.246931762695312500e+02,1.021620910614728928e-02,6.745551292504420748e-31,2.839675247669219971e-01
5.452868270874023438e+01,2.826131284236907959e-01,2.826611101627349854e-01,2.244725799560546875e+02,1.023774035274982452e-02,5.635530942587905930e-30,2.827026844024658203e-01
5.495470046997070312e+01,2.813603579998016357e-01,2.814097702503204346e-01,2.242511291503906250e+02,1.025842223316431046e-02,8.474580760953779825e-30,2.814476191997528076e-01
5.538071441650390625e+01,2.801161110401153564e-01,2.801674604415893555e-01,2.240286712646484375e+02,1.027830131351947784e-02,1.155548186519342670e-29,2.802022397518157959e-01
5.580672454833984375e+01,2.788825333118438721e-01,2.789348363876342773e-01,2.238056030273437500e+02,1.029742136597633362e-02,1.510380165303754857e-29,2.789667248725891113e-01
5.623273849487304688e+01,2.776582539081573486e-01,2.777117490768432617e-01,2.235818481445312500e+02,1.031581591814756393e-02,0.000000000000000000e+00,2.777406573295593262e-01
5.665875244140625000e+01,2.764436304569244385e-01,2.764981985092163086e-01,2.233576660156250000e+02,1.033352594822645187e-02,2.088887842269977752e-29,2.765246033668518066e-01
5.708477020263671875e+01,2.752383649349212646e-01,2.752935588359832764e-01,2.231329040527343750e+02,1.035058032721281052e-02,0.000000000000000000e+00,2.753174901008605957e-01
5.751078033447265625e+01,2.740427553653717041e-01,2.740979492664337158e-01,2.229077301025390625e+02,1.036701817065477371e-02,0.000000000000000000e+00,2.741202414035797119e-01
5.793679428100585938e+01,2.728563249111175537e-01,2.729117870330810547e-01,2.226824340820312500e+02,1.038286648690700531e-02,0.000000000000000000e+00,2.729322016239166260e-01
5.836280822753906250e+01,2.716794908046722412e-01,2.717347443103790283e-01,2.224568634033203125e+02,1.039815414696931839e-02,0.000000000000000000e+00,2.717538475990295410e-01
5.878882598876953125e+01,2.705116868019104004e-01,2.705675661563873291e-01,2.222313232421875000e+02,1.041290257126092911e-02,0.000000000000000000e+00,2.705847024917602539e-01
5.921483612060546875e+01,2.693530321121215820e-01,2.694101929664611816e-01,2.220059051513671875e+02,1.042714249342679977e-02,0.000000000000000000e+00,2.694247961044311523e-01
5.964085006713867188e+01,2.682034969329833984e-01,2.682616114616394043e-01,2.217803802490234375e+02,1.044089719653129578e-02,1.184878594939591220e-29,2.682744860649108887e-01
6.006686401367187500e+01,2.670633792877197266e-01,2.671221196651458740e-01,2.215549316406250000e+02,1.045418437570333481e-02,0.000000000000000000e+00,2.671330571174621582e-01
6.049287796020507812e+01,2.659327685832977295e-01,2.659920156002044678e-01,2.213297271728515625e+02,1.046702824532985687e-02,0.000000000000000000e+00,2.660009860992431641e-01
6.091889190673828125e+01,2.648100554943084717e-01,2.648705244064331055e-01,2.211045837402343750e+02,1.047945115715265274e-02,0.000000000000000000e+00,2.648777961730957031e-01
6.134490585327148438e+01,2.636969983577728271e-01,2.637576758861541748e-01,2.208796691894531250e+02,1.049146521836519241e-02,2.696263742085615486e-30,2.637636363506317139e-01
6.177091979980468750e+01,2.625926434993743896e-01,2.626539170742034912e-01,2.206549987792968750e+02,1.050309371203184128e-02,1.210369782386325339e-29,2.626582086086273193e-01
6.219693374633789062e+01,2.614966332912445068e-01,2.615582942962646484e-01,2.204305267333984375e+02,1.051434874534606934e-02,0.000000000000000000e+00,2.615614235401153564e-01
6.262294769287109375e+01,2.604100108146667480e-01,2.604713439941406250e-01,2.202063446044921875e+02,1.052524521946907043e-02,0.000000000000000000e+00,2.604734897613525391e-01
6.304895782470703125e+01,2.593311667442321777e-01,2.593926489353179932e-01,2.199824981689453125e+02,1.053580455482006073e-02,0.000000000000000000e+00,2.593940496444702148e-01
6.347497558593750000e+01,2.582616209983825684e-01,2.583224475383758545e-01,2.197590332031250000e+02,1.054603513330221176e-02,0.000000000000000000e+00,2.583230733871459961e-01
6.390099334716796875e+01,2.572005391120910645e-01,2.572611272335052490e-01,2.195361480712890625e+02,1.055595465004444122e-02,0.000000000000000000e+00,2.572604119777679443e-01
6.432700347900390625e+01,2.561472952365875244e-01,2.562078535556793213e-01,2.193135833740234375e+02,1.056557800620794296e-02,9.649169322849097711e-30,2.562063336372375488e-01
6.475302124023437500e+01,2.551024854183197021e-01,2.551632225513458252e-01,2.190916290283203125e+02,1.057490706443786621e-02,0.000000000000000000e+00,2.551602721214294434e-01
6.517903137207031250e+01,2.540658414363861084e-01,2.541274726390838623e-01,2.188703155517578125e+02,1.058395486325025558e-02,1.197896099314213088e-31,2.541227340698242188e-01
6.560504150390625000e+01,2.530362606048583984e-01,2.530990540981292725e-01,2.186493072509765625e+02,1.059273909777402878e-02,7.197505642627218046e-30,2.530930638313293457e-01
6.603105926513671875e+01,2.520158290863037109e-01,2.520783543586730957e-01,2.184288024902343750e+02,1.060126628726720810e-02,0.000000000000000000e+00,2.520714104175567627e-01
6.645706939697265625e+01,2.510032951831817627e-01,2.510658800601959229e-01,2.182089233398437500e+02,1.060954481363296509e-02,0.000000000000000000e+00,2.510577440261840820e-01
6.688308715820312500e+01,2.499977797269821167e-01,2.500607967376708984e-01,2.179894714355468750e+02,1.061758771538734436e-02,0.000000000000000000e+00,2.500517666339874268e-01
6.730909729003906250e+01,2.490003556013107300e-01,2.490629106760025024e-01,2.177704315185546875e+02,1.062540151178836823e-02,0.000000000000000000e+00,2.490536272525787354e-01
6.773511505126953125e+01,2.480113804340362549e-01,2.480734288692474365e-01,2.175522003173828125e+02,1.063299365341663361e-02,0.000000000000000000e+00,2.480628639459609985e-01
6.816113281250000000e+01,2.470289170742034912e-01,2.470915019512176514e-01,2.173345489501953125e+02,1.064037345349788666e-02,0.000000000000000000e+00,2.470798641443252563e-01
6.858714294433593750e+01,2.460539937019348145e-01,2.461166828870773315e-01,2.171173706054687500e+02,1.064754929393529892e-02,0.000000000000000000e+00,2.461043149232864380e-01
6.901315307617187500e+01,2.450872510671615601e-01,2.451497912406921387e-01,2.169009857177734375e+02,1.065452769398689270e-02,0.000000000000000000e+00,2.451363354921340942e-01
6.943917083740234375e+01,2.441269308328628540e-01,2.441898286342620850e-01,2.166850738525390625e+02,1.066131703555583954e-02,0.000000000000000000e+00,2.441754639148712158e-01
6.986518096923828125e+01,2.431736886501312256e-01,2.432365119457244873e-01,2.164696655273437500e+02,1.066791452467441559e-02,0.000000000000000000e+00,2.432217895984649658e-01
7.029119873046875000e+01,2.422282993793487549e-01,2.422903925180435181e-01,2.162548828125000000e+02,1.067433971911668777e-02,0.000000000000000000e+00,2.422752529382705688e-01
7.071720886230468750e+01,2.412896603345870972e-01,2.413514256477355957e-01,2.160407867431640625e+02,1.068059448152780533e-02,0.000000000000000000e+00,2.413359284400939941e-01
7.114322662353515625e+01,2.403578907251358032e-01,2.404194772243499756e-01,2.158273620605468750e+02,1.068668067455291748e-02,2.218181537967769105e-30,2.404035776853561401e-01
7.156924438476562500e+01,2.394333630800247192e-01,2.394949048757553101e-01,2.156146545410156250e+02,1.069260854274034500e-02,4.938599714132273218e-30,2.394784241914749146e-01
7.199525451660156250e+01,2.385152578353881836e-01,2.385770976543426514e-01,2.154026641845703125e+02,1.069837994873523712e-02,0.000000000000000000e+00,2.385598868131637573e-01
7.242126464843750000e+01,2.376044988632202148e-01,2.376661896705627441e-01,2.151913299560546875e+02,1.070400234311819077e-02,0.000000000000000000e+00,2.376483976840972900e-01
7.284727478027343750e+01,2.366995960474014282e-01,2.367615550756454468e-01,2.149805297851562500e+02,1.070947665721178055e-02,1.726010742532718604e-29,2.367433607578277588e-01
7.327329254150390625e+01,2.358016371726989746e-01,2.358633428812026978e-01,2.147703399658203125e+02,1.071481034159660339e-02,0.000000000000000000e+00,2.358451932668685913e-01
7.369931030273437500e+01,2.349106818437576294e-01,2.349719256162643433e-01,2.145609588623046875e+02,1.072000619024038315e-02,0.000000000000000000e+00,2.349532842636108398e-01
7.412532043457031250e+01,2.340254783630371094e-01,2.340866774320602417e-01,2.143521118164062500e+02,1.072507258504629135e-02,0.000000000000000000e+00,2.340680658817291260e-01
7.455133819580078125e+01,2.331470549106597900e-01,2.332080751657485962e-01,2.141439971923828125e+02,1.073001604527235031e-02,0.000000000000000000e+00,2.331891953945159912e-01
7.497734832763671875e+01,2.322751134634017944e-01,2.323362678289413452e-01,2.139367065429687500e+02,1.073483005166053772e-02,0.000000000000000000e+00,2.323166728019714355e-01
7.540336608886718750e+01,2.314089387655258179e-01,2.314701080322265625e-01,2.137299194335937500e+02,1.073952019214630127e-02,0.000000000000000000e+00,2.314504235982894897e-01
7.582937622070312500e+01,2.305493950843811035e-01,2.306099832057952881e-01,2.135237884521484375e+02,1.074409857392311096e-02,0.000000000000000000e+00,2.305902242660522461e-01
7.625538635253906250e+01,2.296958267688751221e-01,2.297563105821609497e-01,2.133183746337890625e+02,1.074856147170066833e-02,0.000000000000000000e+00,2.297365069389343262e-01
7.668140411376953125e+01,2.288475781679153442e-01,2.289082407951354980e-01,2.131135711669921875e+02,1.075291540473699570e-02,0.000000000000000000e+00,2.288885265588760376e-01
7.710742187500000000e+01,2.280063331127166748e-01,2.280661463737487793e-01,2.129094238281250000e+02,1.075716689229011536e-02,2.531859290258706487e-30,2.280467897653579712e-01
7.753343200683593750e+01,2.271706759929656982e-01,2.272304892539978027e-01,2.127060852050781250e+02,1.076131500303745270e-02,0.000000000000000000e+00,2.272108644247055054e-01
7.795944976806640625e+01,2.263404428958892822e-01,2.264006882905960083e-01,2.125034027099609375e+02,1.076535787433385849e-02,0.000000000000000000e+00,2.263806760311126709e-01
7.838545989990234375e+01,2.255164086818695068e-01,2.255762517452239990e-01,2.123012695312500000e+02,1.076930854469537735e-02,0.000000000000000000e+00,2.255564481019973755e-01
7.881147766113281250e+01,2.246984392404556274e-01,2.247581034898757935e-01,2.120999755859375000e+02,1.077316142618656158e-02,0.000000000000000000e+00,2.247379273176193237e-01
7.923748779296875000e+01,2.238852381706237793e-01,2.239455729722976685e-01,2.118993225097656250e+02,1.077691745012998581e-02,0.000000000000000000e+00,2.239253073930740356e-01
7.966349792480468750e+01,2.230780571699142456e-01,2.231382876634597778e-01,2.116992797851562500e+02,1.078058779239654541e-02,0.000000000000000000e+00,2.231179475784301758e-01
8.008951568603515625e+01,2.222768664360046387e-01,2.223367542028427124e-01,2.114999847412109375e+02,1.078417431563138962e-02,0.000000000000000000e+00,2.223161906003952026e-01
8.051552581787109375e+01,2.214807868003845215e-01,2.215404063463211060e-01,2.113011932373046875e+02,1.078767236322164536e-02,0.000000000000000000e+00,2.215200364589691162e-01
8.094154357910156250e+01,2.206905335187911987e-01,2.207494527101516724e-01,2.111030883789062500e+02,1.079108845442533493e-02,0.000000000000000000e+00,2.207290977239608765e-01
8.136756134033203125e+01,2.199055403470993042e-01,2.199643701314926147e-01,2.109057922363281250e+02,1.079442631453275681e-02,0.000000000000000000e+00,2.199438363313674927e-01
8.179357147216796875e+01,2.191254794597625732e-01,2.191844284534454346e-01,2.107091827392578125e+02,1.079768594354391098e-02,5.673311142944238119e-30,2.191635817289352417e-01
8.221958923339843750e+01,2.183512747287750244e-01,2.184098660945892334e-01,2.105132293701171875e+02,1.080086547881364822e-02,0.000000000000000000e+00,2.183885723352432251e-01
8.264559173583984375e+01,2.175817489624023438e-01,2.176402807235717773e-01,2.103178558349609375e+02,1.080397237092256546e-02,0.000000000000000000e+00,2.176191508769989014e-01
8.307160949707031250e+01,2.168179601430892944e-01,2.168758511543273926e-01,2.101231689453125000e+02,1.080701313912868500e-02,2.320141924319675329e-29,2.168544530868530273e-01
8.349762725830078125e+01,2.160590291023254395e-01,2.161161899566650391e-01,2.099290924072265625e+02,1.080998126417398453e-02,1.168749740395461485e-30,2.160949856042861938e-01
8.392363739013671875e+01,2.153053879737854004e-01,2.153617888689041138e-01,2.097356719970703125e+02,1.081288233399391174e-02,0.000000000000000000e+00,2.153410762548446655e-01
8.434965515136718750e+01,2.145565003156661987e-01,2.146125584840774536e-01,2.095429077148437500e+02,1.081571821123361588e-02,5.861380835120997542e-30,2.145916670560836792e-01
8.477567291259765625e+01,2.138125449419021606e-01,2.138682752847671509e-01,2.093508605957031250e+02,1.081848982721567154e-02,0.000000000000000000e+00,2.138473093509674072e-01
8.520168304443359375e+01,2.130738794803619385e-01,2.131290137767791748e-01,2.091595153808593750e+02,1.082119718194007874e-02,0.000000000000000000e+00,2.131082266569137573e-01
8.562770080566406250e+01,2.123400270938873291e-01,2.123948484659194946e-01,2.089688720703125000e+02,1.082384213805198669e-02,1.112439630137964764e-29,2.123738229274749756e-01
8.605370330810546875e+01,2.116107046604156494e-01,2.116657346487045288e-01,2.087789001464843750e+02,1.082642842084169388e-02,0.000000000000000000e+00,2.116443365812301636e-01
8.647972106933593750e+01,2.108854353427886963e-01,2.109407633543014526e-01,2.085894622802734375e+02,1.082895509898662567e-02,0.000000000000000000e+00,2.109200209379196167e-01
8.690573883056640625e+01,2.101658880710601807e-01,2.102201730012893677e-01,2.084005279541015625e+02,1.083142403513193130e-02,0.000000000000000000e+00,2.102004140615463257e-01
8.733174896240234375e+01,2.094513475894927979e-01,2.095045000314712524e-01,2.082122955322265625e+02,1.083384174853563309e-02,0.000000000000000000e+00,2.094859629869461060e-01
8.775776672363281250e+01,2.087410986423492432e-01,2.087934315204620361e-01,2.080246734619140625e+02,1.083620451390743256e-02,0.000000000000000000e+00,2.087766826152801514e-01
8.818377685546875000e+01,2.080357521772384644e-01,2.080867141485214233e-01,2.078377227783203125e+02,1.083851698786020279e-02,1.836199062718911672e-29,2.080723643302917480e-01
8.860979461669921875e+01,2.073360234498977661e-01,2.073850035667419434e-01,2.076514892578125000e+02,1.084077730774879456e-02,0.000000000000000000e+00,2.073735296726226807e-01
8.903581237792968750e+01,2.066409587860107422e-01,2.066880166530609131e-01,2.074660034179687500e+02,1.084298547357320786e-02,0.000000000000000000e+00,2.066805511713027954e-01
8.946181488037109375e+01,2.059514820575714111e-01,2.059952169656753540e-01,2.072810211181640625e+02,1.084514427930116653e-02,0.000000000000000000e+00,2.059940099716186523e-01
8.988783264160156250e+01,2.052684277296066284e-01,2.053069472312927246e-01,2.070966796875000000e+02,1.084725931286811829e-02,0.000000000000000000e+00,2.053138911724090576e-01
9.031384277343750000e+01,2.045917510986328125e-01,2.046230584383010864e-01,2.069130249023437500e+02,1.084932871162891388e-02,0.000000000000000000e+00,2.046417593955993652e-01
9.073986053466796875e+01,2.039235383272171021e-01,2.039434611797332764e-01,2.067299652099609375e+02,1.085134781897068024e-02,0.000000000000000000e+00,2.039789855480194092e-01
9.116587829589843750e+01,2.032655626535415649e-01,2.032685726881027222e-01,2.065476226806640625e+02,1.085332781076431274e-02,0.000000000000000000e+00,2.033273279666900635e-01
9.159188842773437500e+01,2.026191055774688721e-01,2.025979459285736084e-01,2.063659667968750000e+02,1.085526216775178909e-02,4.013749440967457471e-31,2.026894837617874146e-01
9.201790618896484375e+01,2.019896954298019409e-01,2.019323110580444336e-01,2.061850585937500000e+02,1.085715368390083313e-02,4.149466470380062905e-30,2.020691782236099243e-01
9.244391632080078125e+01,2.013804465532302856e-01,2.012712955474853516e-01,2.060048828125000000e+02,1.085900887846946716e-02,0.000000000000000000e+00,2.014711201190948486e-01
9.286992645263671875e+01,2.007988840341567993e-01,2.006143629550933838e-01,2.058253784179687500e+02,1.086082402616739273e-02,0.000000000000000000e+00,2.009017318487167358e-01
9.329594421386718750e+01,2.002576291561126709e-01,1.999628394842147827e-01,2.056468963623046875e+02,1.086259819567203522e-02,0.000000000000000000e+00,2.003709077835083008e-01
9.372195434570312500e+01,1.997601389884948730e-01,1.993172466754913330e-01,2.054694061279296875e+02,1.086433511227369308e-02,0.000000000000000000e+00,1.998817771673202515e-01
9.414797210693359375e+01,1.993606686592102051e-01,1.986767202615737915e-01,2.052932281494140625e+02,1.086603291332721710e-02,0.000000000000000000e+00,1.994859576225280762e-01
9.457398986816406250e+01,1.989380866289138794e-01,1.980421841144561768e-01,2.051170501708984375e+02,1.086771115660667419e-02,0.000000000000000000e+00,1.990561485290527344e-01
9.500000000000000000e+01,1.988608241081237793e-01,1.974214613437652588e-01,2.049479522705078125e+02,1.086852978914976120e-02,0.000000000000000000e+00,1.989506781101226807e-01
