x_mm,contour_wall,center,center_T,side_wall_mid
-6.000000000000000000e+01,9.922262430191040039e-01,9.909285902976989746e-01,2.859075622558593750e+02,9.921396970748901367e-01
-5.937142944335937500e+01,9.913061261177062988e-01,9.909340739250183105e-01,2.859073486328125000e+02,9.911808371543884277e-01
-5.874285888671875000e+01,9.911093115806579590e-01,9.909261465072631836e-01,2.859068603515625000e+02,9.909861683845520020e-01
-5.811428833007812500e+01,9.910557270050048828e-01,9.909180998802185059e-01,2.859057312011718750e+02,9.909282922744750977e-01
-5.748571395874023438e+01,9.910044670104980469e-01,9.909000992774963379e-01,2.859045104980468750e+02,9.908850193023681641e-01
-5.685714340209960938e+01,9.909716248512268066e-01,9.908810257911682129e-01,2.859029541015625000e+02,9.908518791198730469e-01
-5.622856903076171875e+01,9.909434914588928223e-01,9.908597469329833984e-01,2.859013366699218750e+02,9.908239245414733887e-01
-5.559999847412109375e+01,9.909210801124572754e-01,9.908391237258911133e-01,2.858995056152343750e+02,9.907969832420349121e-01
-5.497142791748046875e+01,9.908978343009948730e-01,9.908123612403869629e-01,2.858973999023437500e+02,9.907711744308471680e-01
-5.434285736083984375e+01,9.908776283264160156e-01,9.907863736152648926e-01,2.858953552246093750e+02,9.907456040382385254e-01
-5.371428680419921875e+01,9.908638596534729004e-01,9.907612800598144531e-01,2.858931274414062500e+02,9.907201528549194336e-01
-5.308571624755859375e+01,9.908470511436462402e-01,9.907308816909790039e-01,2.858908081054687500e+02,9.906953573226928711e-01
-5.245714187622070312e+01,9.908379316329956055e-01,9.907033443450927734e-01,2.858884582519531250e+02,9.906684756278991699e-01
-5.182857131958007812e+01,9.908289909362792969e-01,9.906727075576782227e-01,2.858860168457031250e+02,9.906401038169860840e-01
-5.119999694824218750e+01,9.908261895179748535e-01,9.906430244445800781e-01,2.858833923339843750e+02,9.906108975410461426e-01
-5.057142639160156250e+01,9.908229708671569824e-01,9.906080961227416992e-01,2.858805847167968750e+02,9.905800819396972656e-01
-4.994285964965820312e+01,9.908250570297241211e-01,9.905728697776794434e-01,2.858777770996093750e+02,9.905476570129394531e-01
-4.931428527832031250e+01,9.908342361450195312e-01,9.905374050140380859e-01,2.858747558593750000e+02,9.905123114585876465e-01
-4.868571472167968750e+01,9.908457398414611816e-01,9.904968142509460449e-01,2.858714294433593750e+02,9.904747009277343750e-01
-4.805714416503906250e+01,9.908622503280639648e-01,9.904527068138122559e-01,2.858678588867187500e+02,9.904335737228393555e-01
-4.742856979370117188e+01,9.908873438835144043e-01,9.904071092605590820e-01,2.858641052246093750e+02,9.903894662857055664e-01
-4.679999923706054688e+01,9.909208416938781738e-01,9.903584718704223633e-01,2.858599853515625000e+02,9.903402328491210938e-01
-4.617142486572265625e+01,9.909594655036926270e-01,9.903017878532409668e-01,2.858553771972656250e+02,9.902868866920471191e-01
-4.554285812377929688e+01,9.910082221031188965e-01,9.902408719062805176e-01,2.858504638671875000e+02,9.902276396751403809e-01
-4.491428756713867188e+01,9.910705089569091797e-01,9.901766180992126465e-01,2.858449707031250000e+02,9.901626706123352051e-01
-4.428571319580078125e+01,9.911386966705322266e-01,9.901006221771240234e-01,2.858388671875000000e+02,9.900904297828674316e-01
-4.365714263916015625e+01,9.912235736846923828e-01,9.900208711624145508e-01,2.858322448730468750e+02,9.900102019309997559e-01
-4.302857208251953125e+01,9.913137555122375488e-01,9.899304509162902832e-01,2.858248901367187500e+02,9.899215698242187500e-01
-4.239999771118164062e+01,9.914195537567138672e-01,9.898328185081481934e-01,2.858167114257812500e+02,9.898227453231811523e-01
-4.177142715454101562e+01,9.915156960487365723e-01,9.897204041481018066e-01,2.858074951171875000e+02,9.897134900093078613e-01
-4.114286041259765625e+01,9.916316270828247070e-01,9.895972609519958496e-01,2.857974548339843750e+02,9.895916581153869629e-01
-4.051428604125976562e+01,9.917109608650207520e-01,9.894636869430541992e-01,2.857862548828125000e+02,9.894569516181945801e-01
-3.988571548461914062e+01,9.918140769004821777e-01,9.893102645874023438e-01,2.857738037109375000e+02,9.893070459365844727e-01
-3.925714111328125000e+01,9.918507933616638184e-01,9.891457557678222656e-01,2.857601318359375000e+02,9.891414642333984375e-01
-3.862857055664062500e+01,9.919538497924804688e-01,9.889603853225708008e-01,2.857450561523437500e+02,9.889574646949768066e-01
-3.800000000000000000e+01,9.919120669364929199e-01,9.887619018554687500e-01,2.857283630371093750e+02,9.887574911117553711e-01
-3.757109451293945312e+01,9.920368790626525879e-01,9.886049032211303711e-01,2.857158813476562500e+02,9.886045455932617188e-01
-3.714219284057617188e+01,9.921320676803588867e-01,9.884461760520935059e-01,2.857026977539062500e+02,9.884468913078308105e-01
-3.671328735351562500e+01,9.923942685127258301e-01,9.882749915122985840e-01,2.856886291503906250e+02,9.882750511169433594e-01
-3.628438186645507812e+01,9.923669099807739258e-01,9.880939126014709473e-01,2.856736145019531250e+02,9.880948066711425781e-01
-3.585548019409179688e+01,9.921084642410278320e-01,9.878984689712524414e-01,2.856576538085937500e+02,9.879016876220703125e-01
-3.542657089233398438e+01,9.917319416999816895e-01,9.876951575279235840e-01,2.856407775878906250e+02,9.876972436904907227e-01
-3.499766921997070312e+01,9.912643432617187500e-01,9.874755740165710449e-01,2.856227722167968750e+02,9.874796271324157715e-01
-3.456876373291015625e+01,9.907960891723632812e-01,9.872453808784484863e-01,2.856036682128906250e+02,9.872494339942932129e-01
-3.413986206054687500e+01,9.903242588043212891e-01,9.869980216026306152e-01,2.855834960937500000e+02,9.870048761367797852e-01
-3.371095657348632812e+01,9.898718595504760742e-01,9.867417812347412109e-01,2.855621948242187500e+02,9.867463707923889160e-01
-3.328205108642578125e+01,9.894208312034606934e-01,9.864660501480102539e-01,2.855395507812500000e+02,9.864729642868041992e-01
-3.285314559936523438e+01,9.889813661575317383e-01,9.861763119697570801e-01,2.855157165527343750e+02,9.861838817596435547e-01
-3.242424011230468750e+01,9.885513186454772949e-01,9.858723878860473633e-01,2.854905395507812500e+02,9.858788847923278809e-01
-3.199533653259277344e+01,9.881221055984497070e-01,9.855487942695617676e-01,2.854638977050781250e+02,9.855570793151855469e-01
-3.156643295288085938e+01,9.876950383186340332e-01,9.852092862129211426e-01,2.854358215332031250e+02,9.852175116539001465e-01
-3.113752937316894531e+01,9.872616529464721680e-01,9.848496317863464355e-01,2.854062194824218750e+02,9.848596453666687012e-01
-3.070862388610839844e+01,9.868263006210327148e-01,9.844737052917480469e-01,2.853751220703125000e+02,9.844828844070434570e-01
-3.027972030639648438e+01,9.863810539245605469e-01,9.840763211250305176e-01,2.853423461914062500e+02,9.840863347053527832e-01
-2.985081672668457031e+01,9.859274029731750488e-01,9.836592674255371094e-01,2.853078308105468750e+02,9.836692214012145996e-01
-2.942191123962402344e+01,9.854604005813598633e-01,9.832189083099365234e-01,2.852714843750000000e+02,9.832302927970886230e-01
-2.899300765991210938e+01,9.849823713302612305e-01,9.827577471733093262e-01,2.852332763671875000e+02,9.827685952186584473e-01
-2.856410217285156250e+01,9.844871163368225098e-01,9.822704792022705078e-01,2.851929931640625000e+02,9.822830557823181152e-01
-2.813519668579101562e+01,9.839755892753601074e-01,9.817591905593872070e-01,2.851507263183593750e+02,9.817720651626586914e-01
-2.770629310607910156e+01,9.834451079368591309e-01,9.812215566635131836e-01,2.851062316894531250e+02,9.812346100807189941e-01
-2.727738952636718750e+01,9.828935265541076660e-01,9.806558489799499512e-01,2.850594177246093750e+02,9.806693792343139648e-01
-2.684848594665527344e+01,9.823204278945922852e-01,9.800612330436706543e-01,2.850101318359375000e+02,9.800744652748107910e-01
-2.641958045959472656e+01,9.817215800285339355e-01,9.794338941574096680e-01,2.849582214355468750e+02,9.794477820396423340e-01
-2.599067687988281250e+01,9.810969233512878418e-01,9.787758588790893555e-01,2.849035949707031250e+02,9.787892103195190430e-01
-2.556177139282226562e+01,9.804411530494689941e-01,9.780803918838500977e-01,2.848459472656250000e+02,9.780951142311096191e-01
-2.513286590576171875e+01,9.797545075416564941e-01,9.773488044738769531e-01,2.847852172851562500e+02,9.773644208908081055e-01
-2.470396232604980469e+01,9.790346026420593262e-01,9.765776991844177246e-01,2.847211914062500000e+02,9.765934944152832031e-01
-2.427505874633789062e+01,9.782763719558715820e-01,9.757643938064575195e-01,2.846536254882812500e+02,9.757811427116394043e-01
-2.384615325927734375e+01,9.774772524833679199e-01,9.749060273170471191e-01,2.845823364257812500e+02,9.749228954315185547e-01
-2.341724967956542969e+01,9.766368269920349121e-01,9.740009307861328125e-01,2.845069885253906250e+02,9.740173220634460449e-01
-2.298834609985351562e+01,9.757457971572875977e-01,9.730427265167236328e-01,2.844272766113281250e+02,9.730605483055114746e-01
-2.255944061279296875e+01,9.748036861419677734e-01,9.720313549041748047e-01,2.843429870605468750e+02,9.720488786697387695e-01
-2.213053512573242188e+01,9.738029241561889648e-01,9.709599614143371582e-01,2.842536926269531250e+02,9.709784388542175293e-01
-2.170163154602050781e+01,9.727392196655273438e-01,9.698264598846435547e-01,2.841590576171875000e+02,9.698457717895507812e-01
-2.127272796630859375e+01,9.716024398803710938e-01,9.686250686645507812e-01,2.840588073730468750e+02,9.686453342437744141e-01
-2.084871673583984375e+01,9.704020619392395020e-01,9.673675298690795898e-01,2.839536132812500000e+02,9.673888683319091797e-01
-2.042467498779296875e+01,9.691154956817626953e-01,9.660325646400451660e-01,2.838419799804687500e+02,9.660554528236389160e-01
-2.000056838989257812e+01,9.677417874336242676e-01,9.646178483963012695e-01,2.837234191894531250e+02,9.646416306495666504e-01
-1.957635879516601562e+01,9.662725925445556641e-01,9.631141424179077148e-01,2.835973815917968750e+02,9.631397128105163574e-01
-1.915201950073242188e+01,9.647034406661987305e-01,9.615164995193481445e-01,2.834632568359375000e+02,9.615435004234313965e-01
-1.872751617431640625e+01,9.630266427993774414e-01,9.598181247711181641e-01,2.833204956054687500e+02,9.598467946052551270e-01
-1.830281448364257812e+01,9.612341523170471191e-01,9.580098986625671387e-01,2.831683349609375000e+02,9.580397605895996094e-01
-1.787788581848144531e+01,9.593182802200317383e-01,9.560840725898742676e-01,2.830060424804687500e+02,9.561157822608947754e-01
-1.745269584655761719e+01,9.572678208351135254e-01,9.540311098098754883e-01,2.828327636718750000e+02,9.540657401084899902e-01
-1.702721405029296875e+01,9.550755023956298828e-01,9.518418908119201660e-01,2.826477050781250000e+02,9.518781304359436035e-01
-1.660140800476074219e+01,9.527273178100585938e-01,9.495052695274353027e-01,2.824498291015625000e+02,9.495433568954467773e-01
-1.617524909973144531e+01,9.502117633819580078e-01,9.470090866088867188e-01,2.822380676269531250e+02,9.470492005348205566e-01
-1.574870777130126953e+01,9.475157260894775391e-01,9.443410038948059082e-01,2.820112915039062500e+02,9.443846344947814941e-01
-1.532175254821777344e+01,9.446231126785278320e-01,9.414874315261840820e-01,2.817682495117187500e+02,9.415342807769775391e-01
-1.489435768127441406e+01,9.415181875228881836e-01,9.384335875511169434e-01,2.815075378417968750e+02,9.384833574295043945e-01
-1.446649360656738281e+01,9.381839036941528320e-01,9.351637959480285645e-01,2.812277221679687500e+02,9.352163076400756836e-01
-1.403813457489013672e+01,9.346013665199279785e-01,9.316601157188415527e-01,2.809271240234375000e+02,9.317177534103393555e-01
-1.360925388336181641e+01,9.307509064674377441e-01,9.279039502143859863e-01,2.806039733886718750e+02,9.279658794403076172e-01
-1.317982769012451172e+01,9.266102910041809082e-01,9.238759875297546387e-01,2.802564086914062500e+02,9.239416122436523438e-01
-1.274983215332031250e+01,9.221556782722473145e-01,9.195538163185119629e-01,2.798822631835937500e+02,9.196239113807678223e-01
-1.231924343109130859e+01,9.173626303672790527e-01,9.149148464202880859e-01,2.794792785644531250e+02,9.149910807609558105e-01
-1.188804340362548828e+01,9.122017025947570801e-01,9.099335670471191406e-01,2.790449218750000000e+02,9.100168943405151367e-01
-1.145620918273925781e+01,9.066450595855712891e-01,9.045842289924621582e-01,2.785765686035156250e+02,9.046736955642700195e-01
-1.102372550964355469e+01,9.006600975990295410e-01,8.988380432128906250e-01,2.780713195800781250e+02,8.989337086677551270e-01
-1.059057426452636719e+01,8.942157030105590820e-01,8.926658630371093750e-01,2.775260009765625000e+02,8.927689194679260254e-01
-1.015674304962158203e+01,8.872759938240051270e-01,8.860356807708740234e-01,2.769372253417968750e+02,8.861495852470397949e-01
-9.722218513488769531e+00,8.798039555549621582e-01,8.789159059524536133e-01,2.763014526367187500e+02,8.790404200553894043e-01
-9.286991119384765625e+00,8.717619180679321289e-01,8.712716102600097656e-01,2.756147766113281250e+02,8.714060187339782715e-01
-8.851052284240722656e+00,8.631097078323364258e-01,8.630677461624145508e-01,2.748730468750000000e+02,8.632134199142456055e-01
-8.414398193359375000e+00,8.538144826889038086e-01,8.542690873146057129e-01,2.740719299316406250e+02,8.544272780418395996e-01
-7.977025508880615234e+00,8.438205718994140625e-01,8.448391556739807129e-01,2.732067565917968750e+02,8.450134396553039551e-01
-7.538935184478759766e+00,8.330918550491333008e-01,8.347435593605041504e-01,2.722728881835937500e+02,8.349363803863525391e-01
-7.100130081176757812e+00,8.215969204902648926e-01,8.239473700523376465e-01,2.712652893066406250e+02,8.241614699363708496e-01
-6.660617351531982422e+00,8.092936873435974121e-01,8.124186992645263672e-01,2.701788024902343750e+02,8.126560449600219727e-01
-6.220407962799072266e+00,7.961472868919372559e-01,8.001285791397094727e-01,2.690084228515625000e+02,8.003913760185241699e-01
-5.779515743255615234e+00,7.821287512779235840e-01,7.870522141456604004e-01,2.677490234375000000e+02,7.873456478118896484e-01
-5.337957382202148438e+00,7.672149538993835449e-01,7.731716036796569824e-01,2.663956604003906250e+02,7.735009789466857910e-01
-4.895755767822265625e+00,7.513905167579650879e-01,7.584753632545471191e-01,2.649438476562500000e+02,7.588489055633544922e-01
-4.452937126159667969e+00,7.346506118774414062e-01,7.429631352424621582e-01,2.633894348144531250e+02,7.433912754058837891e-01
-4.009532928466796875e+00,7.170031070709228516e-01,7.266467213630676270e-01,2.617291870117187500e+02,7.271437644958496094e-01
-3.565576553344726562e+00,6.984785199165344238e-01,7.095541357994079590e-01,2.599611511230468750e+02,7.101420760154724121e-01
-3.121109724044799805e+00,6.791324615478515625e-01,6.917347908020019531e-01,2.580852050781250000e+02,6.924455761909484863e-01
-2.676176786422729492e+00,6.590583324432373047e-01,6.732703447341918945e-01,2.561043701171875000e+02,6.741510629653930664e-01
-2.230829000473022461e+00,6.383962035179138184e-01,6.542868614196777344e-01,2.540267333984375000e+02,6.554173231124877930e-01
-1.785122156143188477e+00,6.174485683441162109e-01,6.350441575050354004e-01,2.518762359619140625e+02,6.364773511886596680e-01
-1.339116334915161133e+00,5.966721177101135254e-01,6.158053278923034668e-01,2.496725463867187500e+02,6.175940036773681641e-01
-8.928785920143127441e-01,5.769381523132324219e-01,5.969946384429931641e-01,2.474741363525390625e+02,5.991756916046142578e-01
-4.464806914329528809e-01,5.600461959838867188e-01,5.791641473770141602e-01,2.453458404541015625e+02,5.817151665687561035e-01
0.000000000000000000e+00,5.479982495307922363e-01,5.629543662071228027e-01,2.433709411621093750e+02,5.656656026840209961e-01
4.259844720363616943e-01,5.401326417922973633e-01,5.495456457138061523e-01,2.417062072753906250e+02,5.520982146263122559e-01
8.519678711891174316e-01,5.330820083618164062e-01,5.383476614952087402e-01,2.402931060791015625e+02,5.403358936309814453e-01
1.277949333190917969e+00,5.257167220115661621e-01,5.290682911872863770e-01,2.391054687500000000e+02,5.302340388298034668e-01
1.703928112983703613e+00,5.182550549507141113e-01,5.210559368133544922e-01,2.380677337646484375e+02,5.213887095451354980e-01
2.129903554916381836e+00,5.108880400657653809e-01,5.136566758155822754e-01,2.370993041992187500e+02,5.133950710296630859e-01
2.555875301361083984e+00,5.037152767181396484e-01,5.064785480499267578e-01,2.361503753662109375e+02,5.059236288070678711e-01
2.981842994689941406e+00,4.967421591281890869e-01,4.993854165077209473e-01,2.352032470703125000e+02,4.987748265266418457e-01
3.407806634902954102e+00,4.899548590183258057e-01,4.923907518386840820e-01,2.342598114013671875e+02,4.918664991855621338e-01
3.833765745162963867e+00,4.833470880985260010e-01,4.855485558509826660e-01,2.333276062011718750e+02,4.851725697517395020e-01
4.259720802307128906e+00,4.769248664379119873e-01,4.789007008075714111e-01,2.324128265380859375e+02,4.786864817142486572e-01
4.685671806335449219e+00,4.707087576389312744e-01,4.724702537059783936e-01,2.315193176269531250e+02,4.724061191082000732e-01
5.111619472503662109e+00,4.647050201892852783e-01,4.662684500217437744e-01,2.306492614746093750e+02,4.663318097591400146e-01
5.537562847137451172e+00,4.589279890060424805e-01,4.602990746498107910e-01,2.298039855957031250e+02,4.604628384113311768e-01
5.963503360748291016e+00,4.533858895301818848e-01,4.545627832412719727e-01,2.289843139648437500e+02,4.548040926456451416e-01
6.389441490173339844e+00,4.480811655521392822e-01,4.490592181682586670e-01,2.281908416748046875e+02,4.493602812290191650e-01
6.815377235412597656e+00,4.430182576179504395e-01,4.437883198261260986e-01,2.274243469238281250e+02,4.441330134868621826e-01
7.241311073303222656e+00,4.381834864616394043e-01,4.387520551681518555e-01,2.266859283447265625e+02,4.391224980354309082e-01
7.667243480682373047e+00,4.335651099681854248e-01,4.339519739151000977e-01,2.259764404296875000e+02,4.343268573284149170e-01
8.093175888061523438e+00,4.291440248489379883e-01,4.293867647647857666e-01,2.252964477539062500e+02,4.297412931919097900e-01
8.519189834594726562e+00,4.248957931995391846e-01,4.250483810901641846e-01,2.246454162597656250e+02,4.253592491149902344e-01
8.945203781127929688e+00,4.208018779754638672e-01,4.209240376949310303e-01,2.240221252441406250e+02,4.211718738079071045e-01
9.371217727661132812e+00,4.168604314327239990e-01,4.169923663139343262e-01,2.234238128662109375e+02,4.171635508537292480e-01
9.797231674194335938e+00,4.130605161190032959e-01,4.132269918918609619e-01,2.228470611572265625e+02,4.133153855800628662e-01
1.022324562072753906e+01,4.093961715698242188e-01,4.096013307571411133e-01,2.222881469726562500e+02,4.096111059188842773e-01
1.064925956726074219e+01,4.058573842048645020e-01,4.060918092727661133e-01,2.217437133789062500e+02,4.060345888137817383e-01
1.107527351379394531e+01,4.024347662925720215e-01,4.026822447776794434e-01,2.212115936279296875e+02,4.025743901729583740e-01
1.150128746032714844e+01,3.991155624389648438e-01,3.993611633777618408e-01,2.206901702880859375e+02,3.992204368114471436e-01
1.192730045318603516e+01,3.958869278430938721e-01,3.961216509342193604e-01,2.201785583496093750e+02,3.959648609161376953e-01
1.235331439971923828e+01,3.927413523197174072e-01,3.929594159126281738e-01,2.196762390136718750e+02,3.928000926971435547e-01
1.277932834625244141e+01,3.896697759628295898e-01,3.898711800575256348e-01,2.191829071044921875e+02,3.897189497947692871e-01
1.320534229278564453e+01,3.866661190986633301e-01,3.868545889854431152e-01,2.186983032226562500e+02,3.867156803607940674e-01
1.363135623931884766e+01,3.837277293205261230e-01,3.839067816734313965e-01,2.182220916748046875e+02,3.837862610816955566e-01
1.405737018585205078e+01,3.808529078960418701e-01,3.810256123542785645e-01,2.177541809082031250e+02,3.809245228767395020e-01
1.448338413238525391e+01,3.780398964881896973e-01,3.782082796096801758e-01,2.172941284179687500e+02,3.781270682811737061e-01
1.490939807891845703e+01,3.752879202365875244e-01,3.754522800445556641e-01,2.168417053222656250e+02,3.753898441791534424e-01
1.533541107177734375e+01,3.725948929786682129e-01,3.727550208568572998e-01,2.163966522216796875e+02,3.727096915245056152e-01
1.576142597198486328e+01,3.699582517147064209e-01,3.701140582561492920e-01,2.159586791992187500e+02,3.700826764106750488e-01
1.618743896484375000e+01,3.673750460147857666e-01,3.675270378589630127e-01,2.155274353027343750e+02,3.675059080123901367e-01
1.661345291137695312e+01,3.648439049720764160e-01,3.649912178516387939e-01,2.151026153564453125e+02,3.649771213531494141e-01
1.703946685791015625e+01,3.623612523078918457e-01,3.625046908855438232e-01,2.146840209960937500e+02,3.624936938285827637e-01
1.746547889709472656e+01,3.599245846271514893e-01,3.600658476352691650e-01,2.142714385986328125e+02,3.600544631481170654e-01
1.789149475097656250e+01,3.575322031974792480e-01,3.576725721359252930e-01,2.138646392822265625e+02,3.576578497886657715e-01
1.831750679016113281e+01,3.551827073097229004e-01,3.553230762481689453e-01,2.134633331298828125e+02,3.553028702735900879e-01
1.874352264404296875e+01,3.528741300106048584e-01,3.530148565769195557e-01,2.130672760009765625e+02,3.529884815216064453e-01
1.916953468322753906e+01,3.506049513816833496e-01,3.507454395294189453e-01,2.126760559082031250e+02,3.507136702537536621e-01
1.959555053710937500e+01,3.483739495277404785e-01,3.485134840011596680e-01,2.122895202636718750e+02,3.484772443771362305e-01
2.002156257629394531e+01,3.461798727512359619e-01,3.463171422481536865e-01,2.119074096679687500e+02,3.462783098220825195e-01
2.044757843017578125e+01,3.440213203430175781e-01,3.441553413867950439e-01,2.115296020507812500e+02,3.441150784492492676e-01
2.087359046936035156e+01,3.418966829776763916e-01,3.420270681381225586e-01,2.111560363769531250e+02,3.419863581657409668e-01
2.129960441589355469e+01,3.398041129112243652e-01,3.399311304092407227e-01,2.107864379882812500e+02,3.398910462856292725e-01
2.172561836242675781e+01,3.377429544925689697e-01,3.378667533397674561e-01,2.104208831787109375e+02,3.378277122974395752e-01
2.215163230895996094e+01,3.357123434543609619e-01,3.358327448368072510e-01,2.100591278076171875e+02,3.357959389686584473e-01
2.257764625549316406e+01,3.337113559246063232e-01,3.338288366794586182e-01,2.097011718750000000e+02,3.337944447994232178e-01
2.300366020202636719e+01,3.317387700080871582e-01,3.318535983562469482e-01,2.093468170166015625e+02,3.318222165107727051e-01
2.342967414855957031e+01,3.297939002513885498e-01,3.299067616462707520e-01,2.089961395263671875e+02,3.298784792423248291e-01
2.385568809509277344e+01,3.278768062591552734e-01,3.279881477355957031e-01,2.086490478515625000e+02,3.279620110988616943e-01
2.428170013427734375e+01,3.259864449501037598e-01,3.260970711708068848e-01,2.083055725097656250e+02,3.260726928710937500e-01
2.470771598815917969e+01,3.241221010684967041e-01,3.242324292659759521e-01,2.079654235839843750e+02,3.242092132568359375e-01
2.513372802734375000e+01,3.222831785678863525e-01,3.223936855792999268e-01,2.076286468505859375e+02,3.223709464073181152e-01
2.555974388122558594e+01,3.204693496227264404e-01,3.205795288085937500e-01,2.072950286865234375e+02,3.205572068691253662e-01
2.598575782775878906e+01,3.186797499656677246e-01,3.187891542911529541e-01,2.069644622802734375e+02,3.187670707702636719e-01
2.641177177429199219e+01,3.169136643409729004e-01,3.170214593410491943e-01,2.066367492675781250e+02,3.170000910758972168e-01
2.683778572082519531e+01,3.151701688766479492e-01,3.152757287025451660e-01,2.063118438720703125e+02,3.152552247047424316e-01
2.726379966735839844e+01,3.134492039680480957e-01,3.135523200035095215e-01,2.059898376464843750e+02,3.135326802730560303e-01
2.768981361389160156e+01,3.117499053478240967e-01,3.118506968021392822e-01,2.056706848144531250e+02,3.118315339088439941e-01
2.811582565307617188e+01,3.100715279579162598e-01,3.101705610752105713e-01,2.053542938232421875e+02,3.101513087749481201e-01
2.854184150695800781e+01,3.084137439727783203e-01,3.085112869739532471e-01,2.050406646728515625e+02,3.084917366504669189e-01
2.896785354614257812e+01,3.067763149738311768e-01,3.068717420101165771e-01,2.047295837402343750e+02,3.068524897098541260e-01
2.939386940002441406e+01,3.051583170890808105e-01,3.052518367767333984e-01,2.044210205078125000e+02,3.052332401275634766e-01
2.981988143920898438e+01,3.035595417022705078e-01,3.036515116691589355e-01,2.041150817871093750e+02,3.036333322525024414e-01
3.024589729309082031e+01,3.019794225692749023e-01,3.020699322223663330e-01,2.038115997314453125e+02,3.020523786544799805e-01
3.067190933227539062e+01,3.004181385040283203e-01,3.005075454711914062e-01,2.035106506347656250e+02,3.004898726940155029e-01
3.109792518615722656e+01,2.988743782043457031e-01,2.989638149738311768e-01,2.032122039794921875e+02,2.989457249641418457e-01
3.152393531799316406e+01,2.973485291004180908e-01,2.974379956722259521e-01,2.029161071777343750e+02,2.974193990230560303e-01
3.194995307922363281e+01,2.958394289016723633e-01,2.959293425083160400e-01,2.026222991943359375e+02,2.959104180335998535e-01
3.237596511840820312e+01,2.943469583988189697e-01,2.944370210170745850e-01,2.023305969238281250e+02,2.944182753562927246e-01
3.280197906494140625e+01,2.928712964057922363e-01,2.929606735706329346e-01,2.020410003662109375e+02,2.929423749446868896e-01
3.322799301147460938e+01,2.914121747016906738e-01,2.914999425411224365e-01,2.017534332275390625e+02,2.914826869964599609e-01
3.365400695800781250e+01,2.899692654609680176e-01,2.900549471378326416e-01,2.014679107666015625e+02,2.900388836860656738e-01
3.408002090454101562e+01,2.885421514511108398e-01,2.886256873607635498e-01,2.011845092773437500e+02,2.886103391647338867e-01
3.450603485107421875e+01,2.871299982070922852e-01,2.872116565704345703e-01,2.009031677246093750e+02,2.871972024440765381e-01
3.493204879760742188e+01,2.857334017753601074e-01,2.858132123947143555e-01,2.006239624023437500e+02,2.857991158962249756e-01
3.535805892944335938e+01,2.843508720397949219e-01,2.844294905662536621e-01,2.003466644287109375e+02,2.844157218933105469e-01
3.578407669067382812e+01,2.829824090003967285e-01,2.830604612827301025e-01,2.000714721679687500e+02,2.830468416213989258e-01
3.621009063720703125e+01,2.816284596920013428e-01,2.817060053348541260e-01,1.997982482910156250e+02,2.816923260688781738e-01
3.663610458374023438e+01,2.802881598472595215e-01,2.803657352924346924e-01,1.995269165039062500e+02,2.803517580032348633e-01
3.706211471557617188e+01,2.789612710475921631e-01,2.790390849113464355e-01,1.992574157714843750e+02,2.790249586105346680e-01
3.748813247680664062e+01,2.776487469673156738e-01,2.777258157730102539e-01,1.989897308349609375e+02,2.777115702629089355e-01
3.791414642333984375e+01,2.763490378856658936e-01,2.764258086681365967e-01,1.987239379882812500e+02,2.764112651348114014e-01
3.834016036987304688e+01,2.750623524188995361e-01,2.751384973526000977e-01,1.984597625732421875e+02,2.751239538192749023e-01
3.876617050170898438e+01,2.737881541252136230e-01,2.738636434078216553e-01,1.981973266601562500e+02,2.738493978977203369e-01
3.919218444824218750e+01,2.725267708301544189e-01,2.726014256477355957e-01,1.979366149902343750e+02,2.725872993469238281e-01
3.961820220947265625e+01,2.712777853012084961e-01,2.713517248630523682e-01,1.976776123046875000e+02,2.713373303413391113e-01
4.004421615600585938e+01,2.700400948524475098e-01,2.701137363910675049e-01,1.974201965332031250e+02,2.700994014739990234e-01
4.047022628784179688e+01,2.688147723674774170e-01,2.688881456851959229e-01,1.971645355224609375e+02,2.688731551170349121e-01
4.089624023437500000e+01,2.676008343696594238e-01,2.676741182804107666e-01,1.969104614257812500e+02,2.676587104797363281e-01
4.132225799560546875e+01,2.663980424404144287e-01,2.664714157581329346e-01,1.966579895019531250e+02,2.664557099342346191e-01
4.174827194213867188e+01,2.652064263820648193e-01,2.652798593044281006e-01,1.964070129394531250e+02,2.652642428874969482e-01
4.217428207397460938e+01,2.640261352062225342e-01,2.640999257564544678e-01,1.961576843261718750e+02,2.640838325023651123e-01
4.260029602050781250e+01,2.628569304943084717e-01,2.629311084747314453e-01,1.959099273681640625e+02,2.629145383834838867e-01
4.302630996704101562e+01,2.616981565952301025e-01,2.617727220058441162e-01,1.956635589599609375e+02,2.617560625076293945e-01
4.345232772827148438e+01,2.605504989624023438e-01,2.606248855590820312e-01,1.954186706542968750e+02,2.606082260608673096e-01
4.387833786010742188e+01,2.594132125377655029e-01,2.594871520996093750e-01,1.951751708984375000e+02,2.594708800315856934e-01
4.430435180664062500e+01,2.582862973213195801e-01,2.583591043949127197e-01,1.949330291748046875e+02,2.583436667919158936e-01
4.473036575317382812e+01,2.571699023246765137e-01,2.572409510612487793e-01,1.946922760009765625e+02,2.572264969348907471e-01
4.515638351440429688e+01,2.560635805130004883e-01,2.561331391334533691e-01,1.944529876708984375e+02,2.561193406581878662e-01
4.558239364624023438e+01,2.549665868282318115e-01,2.550352215766906738e-01,1.942151031494140625e+02,2.550218105316162109e-01
4.600840759277343750e+01,2.538798749446868896e-01,2.539473772048950195e-01,1.939787292480468750e+02,2.539339363574981689e-01
4.643442153930664062e+01,2.528016269207000732e-01,2.528691589832305908e-01,1.937436828613281250e+02,2.528555095195770264e-01
4.686043548583984375e+01,2.517327070236206055e-01,2.518003880977630615e-01,1.935100250244140625e+02,2.517866194248199463e-01
4.728644943237304688e+01,2.506723105907440186e-01,2.507403790950775146e-01,1.932775726318359375e+02,2.507269680500030518e-01
4.771246337890625000e+01,2.496212124824523926e-01,2.496890872716903687e-01,1.930463256835937500e+02,2.496765255928039551e-01
4.813847732543945312e+01,2.485790848731994629e-01,2.486467212438583374e-01,1.928163299560546875e+02,2.486350089311599731e-01
4.856449127197265625e+01,2.475460767745971680e-01,2.476130574941635132e-01,1.925875854492187500e+02,2.476021945476531982e-01
4.899050521850585938e+01,2.465225309133529663e-01,2.465885728597640991e-01,1.923602142333984375e+02,2.465781122446060181e-01
4.941651916503906250e+01,2.455080002546310425e-01,2.455730140209197998e-01,1.921341400146484375e+02,2.455626130104064941e-01
4.984253311157226562e+01,2.445023804903030396e-01,2.445657700300216675e-01,1.919092712402343750e+02,2.445556074380874634e-01
5.026854705810546875e+01,2.435053735971450806e-01,2.435669004917144775e-01,1.916855773925781250e+02,2.435568571090698242e-01
5.069455718994140625e+01,2.425166368484497070e-01,2.425764054059982300e-01,1.914631500244140625e+02,2.425662279129028320e-01
5.112057495117187500e+01,2.415352314710617065e-01,2.415939271450042725e-01,1.912418365478515625e+02,2.415838539600372314e-01
5.154658889770507812e+01,2.405612319707870483e-01,2.406194359064102173e-01,1.910216979980468750e+02,2.406095117330551147e-01
5.197260284423828125e+01,2.395947575569152832e-01,2.396533489227294922e-01,1.908028564453125000e+02,2.396431416273117065e-01
5.239861297607421875e+01,2.386345118284225464e-01,2.386947721242904663e-01,1.905850524902343750e+02,2.386845648288726807e-01
5.282463073730468750e+01,2.376821339130401611e-01,2.377440631389617920e-01,1.903684692382812500e+02,2.377338707447052002e-01
5.325064468383789062e+01,2.367376983165740967e-01,2.368011325597763062e-01,1.901530609130859375e+02,2.367906123399734497e-01
5.367665863037109375e+01,2.358011454343795776e-01,2.358657270669937134e-01,1.899387054443359375e+02,2.358549237251281738e-01
5.410266876220703125e+01,2.348727434873580933e-01,2.349371016025543213e-01,1.897252960205078125e+02,2.349266707897186279e-01
5.452868270874023438e+01,2.339534759521484375e-01,2.340152859687805176e-01,1.895128479003906250e+02,2.340055704116821289e-01
5.495470046997070312e+01,2.330424785614013672e-01,2.331005185842514038e-01,1.893015136718750000e+02,2.330915331840515137e-01
5.538071441650390625e+01,2.321386337280273438e-01,2.321922630071640015e-01,1.890910644531250000e+02,2.321845442056655884e-01
5.580672454833984375e+01,2.312418222427368164e-01,2.312912046909332275e-01,1.888816680908203125e+02,2.312845587730407715e-01
5.623273849487304688e+01,2.303499877452850342e-01,2.303973585367202759e-01,1.886734008789062500e+02,2.303913831710815430e-01
5.665875244140625000e+01,2.294630259275436401e-01,2.295110523700714111e-01,1.884662933349609375e+02,2.295053154230117798e-01
5.708477020263671875e+01,2.285806089639663696e-01,2.286318689584732056e-01,1.882603302001953125e+02,2.286259829998016357e-01
5.751078033447265625e+01,2.277038991451263428e-01,2.277595847845077515e-01,1.880553741455078125e+02,2.277533113956451416e-01
5.793679428100585938e+01,2.268340885639190674e-01,2.268940210342407227e-01,1.878514251708984375e+02,2.268873006105422974e-01
5.836280822753906250e+01,2.259724736213684082e-01,2.260348647832870483e-01,1.876484222412109375e+02,2.260276526212692261e-01
5.878882598876953125e+01,2.251203209161758423e-01,2.251821309328079224e-01,1.874464721679687500e+02,2.251745313405990601e-01
5.921483612060546875e+01,2.242771685123443604e-01,2.243357300758361816e-01,1.872454376220703125e+02,2.243278324604034424e-01
5.964085006713867188e+01,2.234420031309127808e-01,2.234953194856643677e-01,1.870452423095703125e+02,2.234872430562973022e-01
6.006686401367187500e+01,2.226133942604064941e-01,2.226609140634536743e-01,1.868460083007812500e+02,2.226531207561492920e-01
6.049287796020507812e+01,2.217894643545150757e-01,2.218328416347503662e-01,1.866477203369140625e+02,2.218250036239624023e-01
6.091889190673828125e+01,2.209685742855072021e-01,2.210109084844589233e-01,1.864504241943359375e+02,2.210028767585754395e-01
6.134490585327148438e+01,2.201505601406097412e-01,2.201949506998062134e-01,1.862539978027343750e+02,2.201867848634719849e-01
6.177091979980468750e+01,2.193360328674316406e-01,2.193853259086608887e-01,1.860586242675781250e+02,2.193766683340072632e-01
6.219693374633789062e+01,2.185254693031311035e-01,2.185811847448348999e-01,1.858640594482421875e+02,2.185724079608917236e-01
6.262294769287109375e+01,2.177220433950424194e-01,2.177830636501312256e-01,1.856704254150390625e+02,2.177739888429641724e-01
6.304895782470703125e+01,2.169265747070312500e-01,2.169907391071319580e-01,1.854777374267578125e+02,2.169813364744186401e-01
6.347497558593750000e+01,2.161410152912139893e-01,2.162040323019027710e-01,1.852858886718750000e+02,2.161943018436431885e-01
6.390099334716796875e+01,2.153652906417846680e-01,2.154233008623123169e-01,1.850950622558593750e+02,2.154130041599273682e-01
6.432700347900390625e+01,2.145976871252059937e-01,2.146476954221725464e-01,1.849049377441406250e+02,2.146371901035308838e-01
6.475302124023437500e+01,2.138371020555496216e-01,2.138774096965789795e-01,1.847155609130859375e+02,2.138668447732925415e-01
6.517903137207031250e+01,2.130809724330902100e-01,2.131127417087554932e-01,1.845271759033203125e+02,2.131018936634063721e-01
6.560504150390625000e+01,2.123261690139770508e-01,2.123525589704513550e-01,1.843393707275390625e+02,2.123421281576156616e-01
6.603105926513671875e+01,2.115727216005325317e-01,2.115974873304367065e-01,1.841523284912109375e+02,2.115876376628875732e-01
6.645706939697265625e+01,2.108195722103118896e-01,2.108480334281921387e-01,1.839662475585937500e+02,2.108383327722549438e-01
6.688308715820312500e+01,2.100668102502822876e-01,2.101038545370101929e-01,1.837809906005859375e+02,2.100940942764282227e-01
6.730909729003906250e+01,2.093167901039123535e-01,2.093649059534072876e-01,1.835965576171875000e+02,2.093552500009536743e-01
6.773511505126953125e+01,2.085726261138916016e-01,2.086318135261535645e-01,1.834131469726562500e+02,2.086214572191238403e-01
6.816113281250000000e+01,2.078349888324737549e-01,2.079041004180908203e-01,1.832306518554687500e+02,2.078930288553237915e-01
6.858714294433593750e+01,2.071067988872528076e-01,2.071809768676757812e-01,1.830488281250000000e+02,2.071696370840072632e-01
6.901315307617187500e+01,2.063897848129272461e-01,2.064630836248397827e-01,1.828678741455078125e+02,2.064512521028518677e-01
6.943917083740234375e+01,2.056823372840881348e-01,2.057493925094604492e-01,1.826875000000000000e+02,2.057375758886337280e-01
6.986518096923828125e+01,2.049838900566101074e-01,2.050395905971527100e-01,1.825076751708984375e+02,2.050286084413528442e-01
7.029119873046875000e+01,2.042927443981170654e-01,2.043341398239135742e-01,1.823285675048828125e+02,2.043242305517196655e-01
7.071720886230468750e+01,2.036053240299224854e-01,2.036330103874206543e-01,1.821500701904296875e+02,2.036244124174118042e-01
7.114322662353515625e+01,2.029198557138442993e-01,2.029363363981246948e-01,1.819722442626953125e+02,2.029289305210113525e-01
7.156924438476562500e+01,2.022343724966049194e-01,2.022449821233749390e-01,1.817953948974609375e+02,2.022380083799362183e-01
7.199525451660156250e+01,2.015469819307327271e-01,2.015585601329803467e-01,1.816194152832031250e+02,2.015515714883804321e-01
7.242126464843750000e+01,2.008589655160903931e-01,2.008772194385528564e-01,1.814442596435546875e+02,2.008699029684066772e-01
7.284727478027343750e+01,2.001704573631286621e-01,2.002006620168685913e-01,1.812698669433593750e+02,2.001926898956298828e-01
7.327329254150390625e+01,1.994842141866683960e-01,1.995287984609603882e-01,1.810962982177734375e+02,1.995200961828231812e-01
7.369931030273437500e+01,1.988027095794677734e-01,1.988614201545715332e-01,1.809235229492187500e+02,1.988521516323089600e-01
7.412532043457031250e+01,1.981279999017715454e-01,1.981979757547378540e-01,1.807513275146484375e+02,1.981884837150573730e-01
7.455133819580078125e+01,1.974628418684005737e-01,1.975387036800384521e-01,1.805797576904296875e+02,1.975290179252624512e-01
7.497734832763671875e+01,1.968072801828384399e-01,1.968839168548583984e-01,1.804090270996093750e+02,1.968738585710525513e-01
7.540336608886718750e+01,1.961607038974761963e-01,1.962327212095260620e-01,1.802388305664062500e+02,1.962227374315261841e-01
7.582937622070312500e+01,1.955232918262481689e-01,1.955854743719100952e-01,1.800692291259765625e+02,1.955756992101669312e-01
7.625538635253906250e+01,1.948930621147155762e-01,1.949427127838134766e-01,1.799003601074218750e+02,1.949327141046524048e-01
7.668140411376953125e+01,1.942667663097381592e-01,1.943037062883377075e-01,1.797321777343750000e+02,1.942937523126602173e-01
7.710742187500000000e+01,1.936434656381607056e-01,1.936685591936111450e-01,1.795645446777343750e+02,1.936586797237396240e-01
7.753343200683593750e+01,1.930204927921295166e-01,1.930375546216964722e-01,1.793975982666015625e+02,1.930275708436965942e-01
7.795944976806640625e+01,1.923958361148834229e-01,1.924103349447250366e-01,1.792313537597656250e+02,1.924002766609191895e-01
7.838545989990234375e+01,1.917699277400970459e-01,1.917864084243774414e-01,1.790655822753906250e+02,1.917768269777297974e-01
7.881147766113281250e+01,1.911443769931793213e-01,1.911664605140686035e-01,1.789004516601562500e+02,1.911571770906448364e-01
7.923748779296875000e+01,1.905200630426406860e-01,1.905504912137985229e-01,1.787359924316406250e+02,1.905413120985031128e-01
7.966349792480468750e+01,1.899000704288482666e-01,1.899382770061492920e-01,1.785721588134765625e+02,1.899293065071105957e-01
8.008951568603515625e+01,1.892859190702438354e-01,1.893305927515029907e-01,1.784091644287109375e+02,1.893212199211120605e-01
8.051552581787109375e+01,1.886776387691497803e-01,1.887272596359252930e-01,1.782469787597656250e+02,1.887171566486358643e-01
8.094154357910156250e+01,1.880759745836257935e-01,1.881281584501266479e-01,1.780855865478515625e+02,1.881171762943267822e-01
8.136756134033203125e+01,1.874803900718688965e-01,1.875332444906234741e-01,1.779248809814453125e+02,1.875211596488952637e-01
8.179357147216796875e+01,1.868904531002044678e-01,1.869418323040008545e-01,1.777648468017578125e+02,1.869290918111801147e-01
8.221958923339843750e+01,1.863065063953399658e-01,1.863536238670349121e-01,1.776052856445312500e+02,1.863407939672470093e-01
8.264559173583984375e+01,1.857268512248992920e-01,1.857679188251495361e-01,1.774460754394531250e+02,1.857562214136123657e-01
8.307160949707031250e+01,1.851509362459182739e-01,1.851845383644104004e-01,1.772871246337890625e+02,1.851749122142791748e-01
8.349762725830078125e+01,1.845767199993133545e-01,1.846034228801727295e-01,1.771284179687500000e+02,1.845968663692474365e-01
8.392363739013671875e+01,1.840034276247024536e-01,1.840253472328186035e-01,1.769702148437500000e+02,1.840218752622604370e-01
8.434965515136718750e+01,1.834300458431243896e-01,1.834507882595062256e-01,1.768126220703125000e+02,1.834500581026077271e-01
8.477567291259765625e+01,1.828572601079940796e-01,1.828800737857818604e-01,1.766557006835937500e+02,1.828814297914505005e-01
8.520168304443359375e+01,1.822868585586547852e-01,1.823139041662216187e-01,1.764996643066406250e+02,1.823162734508514404e-01
8.562770080566406250e+01,1.817193478345870972e-01,1.817527115345001221e-01,1.763447113037109375e+02,1.817547827959060669e-01
8.605370330810546875e+01,1.811557561159133911e-01,1.811964511871337891e-01,1.761907653808593750e+02,1.811971515417098999e-01
8.647972106933593750e+01,1.805959790945053101e-01,1.806441843509674072e-01,1.760375213623046875e+02,1.806437075138092041e-01
8.690573883056640625e+01,1.800420284271240234e-01,1.800956279039382935e-01,1.758850555419921875e+02,1.800946593284606934e-01
8.733174896240234375e+01,1.794943809509277344e-01,1.795502603054046631e-01,1.757331237792968750e+02,1.795503348112106323e-01
8.775776672363281250e+01,1.789530962705612183e-01,1.790073961019515991e-01,1.755815582275390625e+02,1.790106743574142456e-01
8.818377685546875000e+01,1.784196645021438599e-01,1.784663647413253784e-01,1.754301757812500000e+02,1.784759014844894409e-01
8.860979461669921875e+01,1.778950244188308716e-01,1.779273301362991333e-01,1.752789764404296875e+02,1.779463887214660645e-01
8.903581237792968750e+01,1.773780584335327148e-01,1.773902624845504761e-01,1.751280517578125000e+02,1.774224936962127686e-01
8.946181488037109375e+01,1.768695414066314697e-01,1.768552511930465698e-01,1.749773712158203125e+02,1.769048571586608887e-01
8.988783264160156250e+01,1.763694137334823608e-01,1.763229817152023315e-01,1.748271789550781250e+02,1.763942986726760864e-01
9.031384277343750000e+01,1.758764088153839111e-01,1.757940649986267090e-01,1.746776275634765625e+02,1.758921295404434204e-01
9.073986053466796875e+01,1.753915399312973022e-01,1.752692312002182007e-01,1.745288848876953125e+02,1.754002571105957031e-01
9.116587829589843750e+01,1.749159544706344604e-01,1.747492998838424683e-01,1.743811950683593750e+02,1.749208420515060425e-01
9.159188842773437500e+01,1.744506955146789551e-01,1.742343455553054810e-01,1.742346649169921875e+02,1.744567304849624634e-01
9.201790618896484375e+01,1.740008741617202759e-01,1.737249344587326050e-01,1.740893707275390625e+02,1.740118861198425293e-01
9.244391632080078125e+01,1.735694110393524170e-01,1.732209920883178711e-01,1.739452819824218750e+02,1.735910028219223022e-01
9.286992645263671875e+01,1.731630861759185791e-01,1.727220118045806885e-01,1.738023834228515625e+02,1.731995046138763428e-01
9.329594421386718750e+01,1.727949827909469604e-01,1.722289025783538818e-01,1.736608734130859375e+02,1.728467643260955811e-01
9.372195434570312500e+01,1.724640429019927979e-01,1.717418432235717773e-01,1.735207519531250000e+02,1.725316494703292847e-01
9.414797210693359375e+01,1.722254306077957153e-01,1.712610870599746704e-01,1.733822326660156250e+02,1.723080128431320190e-01
9.457398986816406250e+01,1.719579547643661499e-01,1.707892715930938721e-01,1.732459564208984375e+02,1.720403283834457397e-01
9.500000000000000000e+01,1.719898134469985962e-01,1.703263223171234131e-01,1.731121063232421875e+02,1.720781624317169189e-01
