x_mm,contour_wall,contour_g
-5.999999865889549255e+01,9.908494423988488675e-01,0.000000000000000000e+00
-5.937143042683601379e+01,9.908448133570340044e-01,0.000000000000000000e+00
-5.874285846948623657e+01,9.908541375698324272e-01,0.000000000000000000e+00
-5.811428651213645935e+01,9.908452762612155462e-01,0.000000000000000000e+00
-5.748571455478668213e+01,9.908572456407651607e-01,0.000000000000000000e+00
-5.685714259743690491e+01,9.908489794946673257e-01,0.000000000000000000e+00
-5.622857064008712769e+01,9.908620069409175279e-01,0.000000000000000000e+00
-5.559999868273735046e+01,9.908562537032334916e-01,0.000000000000000000e+00
-5.497142672538757324e+01,9.908673634035889410e-01,0.000000000000000000e+00
-5.434285849332809448e+01,9.908729182537666658e-01,0.000000000000000000e+00
-5.371428653597831726e+01,9.908704714745217856e-01,0.000000000000000000e+00
-5.308571457862854004e+01,9.908895166751312544e-01,0.000000000000000000e+00
-5.245714262127876282e+01,9.908874666708988865e-01,0.000000000000000000e+00
-5.182857066392898560e+01,9.909086280049094198e-01,0.000000000000000000e+00
-5.119999870657920837e+01,9.909108102674792917e-01,0.000000000000000000e+00
-5.057142674922943115e+01,9.909323022473336406e-01,0.000000000000000000e+00
-4.994285851716995239e+01,9.909494297020484677e-01,0.000000000000000000e+00
-4.931428655982017517e+01,9.909619281149483205e-01,0.000000000000000000e+00
-4.868571460247039795e+01,9.909957862493651293e-01,0.000000000000000000e+00
-4.805714264512062073e+01,9.910137072541053138e-01,0.000000000000000000e+00
-4.742857068777084351e+01,9.910571541179955535e-01,0.000000000000000000e+00
-4.679999873042106628e+01,9.910864493397664177e-01,0.000000000000000000e+00
-4.617142677307128906e+01,9.911402123539867492e-01,0.000000000000000000e+00
-4.554285854101181030e+01,9.911960915016082563e-01,0.000000000000000000e+00
-4.491428658366203308e+01,9.912542190409683318e-01,0.000000000000000000e+00
-4.428571462631225586e+01,9.913436256771627209e-01,0.000000000000000000e+00
-4.365714266896247864e+01,9.914289323048924851e-01,0.000000000000000000e+00
-4.302857071161270142e+01,9.915552390172676089e-01,0.000000000000000000e+00
-4.239999875426292419e+01,9.916869683214829534e-01,0.000000000000000000e+00
-4.177142679691314697e+01,9.918708074106992179e-01,0.000000000000000000e+00
-4.114285856485366821e+01,9.920916788344337212e-01,0.000000000000000000e+00
-4.051428660750389099e+01,9.923767616810563741e-01,0.000000000000000000e+00
-3.988571465015411377e+01,9.927653366768240950e-01,0.000000000000000000e+00
-3.925714269280433655e+01,9.933386104410022455e-01,0.000000000000000000e+00
-3.862857073545455933e+01,9.939244487472490563e-01,0.000000000000000000e+00
-3.799999877810478210e+01,9.954740535593363804e-01,0.000000000000000000e+00
-3.757109493017196655e+01,9.955989054299982932e-01,0.000000000000000000e+00
-3.714219108223915100e+01,9.933296830032165570e-01,0.000000000000000000e+00
-3.671328723430633545e+01,9.928520981462671813e-01,0.000000000000000000e+00
-3.628438338637351990e+01,9.921956338877603310e-01,0.000000000000000000e+00
-3.585547953844070435e+01,9.917203635517183313e-01,0.000000000000000000e+00
-3.542657196521759033e+01,9.912483996741154879e-01,0.000000000000000000e+00
-3.499766811728477478e+01,9.908310584899272522e-01,0.000000000000000000e+00
-3.456876426935195923e+01,9.904046576096157128e-01,0.000000000000000000e+00
-3.413986042141914368e+01,9.900181326180802488e-01,0.000000000000000000e+00
-3.371095657348632812e+01,9.896113059717284166e-01,0.000000000000000000e+00
-3.328205272555351257e+01,9.892312616387337609e-01,0.000000000000000000e+00
-3.285314515233039856e+01,9.888397769595395070e-01,0.000000000000000000e+00
-3.242424130439758301e+01,9.884408196842728866e-01,0.000000000000000000e+00
-3.199533745646476746e+01,9.880571382469950370e-01,0.000000000000000000e+00
-3.156643360853195190e+01,9.876454180421533335e-01,0.000000000000000000e+00
-3.113752976059913635e+01,9.872454027001862364e-01,0.000000000000000000e+00
-3.070862405002117157e+01,9.868213163407820732e-01,0.000000000000000000e+00
-3.027972020208835602e+01,9.863926009395632688e-01,0.000000000000000000e+00
-2.985081635415554047e+01,9.859506597045877285e-01,0.000000000000000000e+00
-2.942191064357757568e+01,9.854978732859319690e-01,0.000000000000000000e+00
-2.899300679564476013e+01,9.850262400541730523e-01,0.000000000000000000e+00
-2.856410294771194458e+01,9.845380745302183545e-01,0.000000000000000000e+00
-2.813519723713397980e+01,9.840287476722532345e-01,0.000000000000000000e+00
-2.770629338920116425e+01,9.835018304553918567e-01,0.000000000000000000e+00
-2.727738954126834869e+01,9.829541486795327909e-01,0.000000000000000000e+00
-2.684848569333553314e+01,9.823801474944980905e-01,0.000000000000000000e+00
-2.641957998275756836e+01,9.817855140088030952e-01,0.000000000000000000e+00
-2.599067613482475281e+01,9.811563610970035487e-01,0.000000000000000000e+00
-2.556177228689193726e+01,9.805005581301845519e-01,0.000000000000000000e+00
-2.513286657631397247e+01,9.798071937954968558e-01,0.000000000000000000e+00
-2.470396272838115692e+01,9.790851294015574524e-01,0.000000000000000000e+00
-2.427505888044834137e+01,9.783210068562722128e-01,0.000000000000000000e+00
-2.384615316987037659e+01,9.775203810098188617e-01,0.000000000000000000e+00
-2.341724932193756104e+01,9.766678437658710132e-01,0.000000000000000000e+00
-2.298834547400474548e+01,9.757708677205011449e-01,0.000000000000000000e+00
-2.255943976342678070e+01,9.748144415523954942e-01,0.000000000000000000e+00
-2.213053591549396515e+01,9.738046491450821351e-01,0.000000000000000000e+00
-2.170163206756114960e+01,9.727287275689859847e-01,0.000000000000000000e+00
-2.127272821962833405e+01,9.715760961571017207e-01,0.000000000000000000e+00
-2.084871754050254822e+01,9.703572033180971612e-01,0.000000000000000000e+00
-2.042467519640922546e+01,9.690477796470289285e-01,0.000000000000000000e+00
-2.000056765973567963e+01,9.676469654647028573e-01,0.000000000000000000e+00
-1.957635954022407532e+01,9.661504623751481224e-01,0.000000000000000000e+00
-1.915201917290687561e+01,9.645584687658710354e-01,0.000000000000000000e+00
-1.872751675546169281e+01,9.628494926570171364e-01,0.000000000000000000e+00
-1.830281503498554230e+01,9.610285598654139116e-01,0.000000000000000000e+00
-1.787788607180118561e+01,9.590800639072286637e-01,0.000000000000000000e+00
-1.745269633829593658e+01,9.569962015405450995e-01,0.000000000000000000e+00
-1.702721416950225830e+01,9.547634824149314747e-01,0.000000000000000000e+00
-1.660140790045261383e+01,9.523727145759268709e-01,0.000000000000000000e+00
-1.617524959146976471e+01,9.498147060690705912e-01,0.000000000000000000e+00
-1.574870757758617401e+01,9.470697504020653135e-01,0.000000000000000000e+00
-1.532175298780202866e+01,9.441245556119858273e-01,0.000000000000000000e+00
-1.489435788244009018e+01,9.409640442483494516e-01,0.000000000000000000e+00
-1.446649339050054550e+01,9.375689065938717093e-01,0.000000000000000000e+00
-1.403813436627388000e+01,9.339245942314203797e-01,0.000000000000000000e+00
-1.360925380140542984e+01,9.300024732309124520e-01,0.000000000000000000e+00
-1.317982748150825500e+01,9.257838290375824952e-01,0.000000000000000000e+00
-1.274983212351799011e+01,9.212462438632131878e-01,0.000000000000000000e+00
-1.231924351304769516e+01,9.163637950736414073e-01,0.000000000000000000e+00
-1.188804302364587784e+01,9.111035503428136506e-01,0.000000000000000000e+00
-1.145620923489332199e+01,9.054405789740985755e-01,0.000000000000000000e+00
-1.102372538298368454e+01,8.993393034746910430e-01,0.000000000000000000e+00
-1.059057470411062241e+01,8.927669899060436398e-01,0.000000000000000000e+00
-1.015674322843551636e+01,8.856937478838665667e-01,0.000000000000000000e+00
-9.722218848764896393e+00,8.780705095649229408e-01,0.000000000000000000e+00
-9.286991320550441742e+00,8.698665248857287979e-01,0.000000000000000000e+00
-8.851052261888980865e+00,8.610378179490435491e-01,0.000000000000000000e+00
-8.414397947490215302e+00,8.515436531868969539e-01,0.000000000000000000e+00
-7.977025583386421204e+00,8.413384014728289007e-01,0.000000000000000000e+00
-7.538935169577598572e+00,8.303829143389199752e-01,0.000000000000000000e+00
-7.100129965692758560e+00,8.186349352463179185e-01,0.000000000000000000e+00
-6.660617422312498093e+00,8.060589528313865104e-01,0.000000000000000000e+00
-6.220407783985137939e+00,7.926335412434399874e-01,0.000000000000000000e+00
-5.779515951871871948e+00,7.782732615964110812e-01,0.000000000000000000e+00
-5.337957292795181274e+00,7.629814203487388369e-01,0.000000000000000000e+00
-4.895755555480718613e+00,7.467363932622312905e-01,0.000000000000000000e+00
-4.452937282621860504e+00,7.295254835364821666e-01,0.000000000000000000e+00
-4.009532742202281952e+00,7.113447234213644554e-01,0.000000000000000000e+00
-3.565576625987887383e+00,6.922009242212628921e-01,3.842578319115820204e-36
-3.121109679341316223e+00,6.721172972744201557e-01,6.930615395317986319e-35
-2.676176838576793671e+00,6.511286265236160276e-01,2.167984581379746286e-29
-2.230829093605279922e+00,6.292940314457423634e-01,5.725343401954220116e-25
-1.785122207365930080e+00,6.067300316361943224e-01,2.111298340030083718e-21
-1.339116366580128670e+00,5.838285085491788928e-01,1.534813981052594716e-18
-8.928785682655870914e-01,5.613715718638903063e-01,2.815627778621736113e-16
-4.464806988835334778e-01,5.413738797718807838e-01,1.297848191628625178e-14
0.000000000000000000e+00,5.275998021415270189e-01,1.484108517503524016e-13
4.259844718035310507e-01,5.201683053474690510e-01,7.584012627973035769e-13
8.519678958691656590e-01,5.137062952323514509e-01,2.820698102173890831e-12
1.277949311770498753e+00,5.058645992043337980e-01,9.040518333947034080e-12
1.703928108327090740e+00,4.974958206365329150e-01,2.696599193940940609e-11
2.129903528839349747e+00,4.894064708714237488e-01,7.619933850566695810e-11
2.555875340476632118e+00,4.819221699360927702e-01,2.027039924801243842e-10
2.981842961162328720e+00,4.749632321821567471e-01,5.046134066155616438e-10
3.407806623727083206e+00,4.683308402636702228e-01,1.176551300829942193e-09
3.833765862509608269e+00,4.618608946482986033e-01,2.583925962085231731e-09
4.259720910340547562e+00,4.554866710047401623e-01,5.383413714810103556e-09
4.685672000050544739e+00,4.492309838962248447e-01,1.071172750499727044e-08
5.111619364470243454e+00,4.431497455349585057e-01,2.046628289065210993e-08
5.537563003599643707e+00,4.372982729706280658e-01,3.770405143654897984e-08
5.963503383100032806e+00,4.316902549411714696e-01,6.718108380709963967e-08
6.389441434293985367e+00,4.263121349669883320e-01,1.160666371902152605e-07
6.815377157181501389e+00,4.211424210682241376e-01,1.948563834730521194e-07
7.241311017423868179e+00,4.161655398256305927e-01,3.185259345173108159e-07
7.667243480682373047e+00,4.113802678495852572e-01,5.079354536974278744e-07
8.093175478279590607e+00,4.067795954481970289e-01,7.915796800261887256e-07
8.519189432263374329e+00,4.023254322202471367e-01,1.207500417876872234e-06
8.945203386247158051e+00,3.979999894193330112e-01,1.805601186788408086e-06
9.371217340230941772e+00,3.938050525330116791e-01,2.650392389114131220e-06
9.797231294214725494e+00,3.897562280451159489e-01,3.824122813966823742e-06
1.022324524819850922e+01,3.858518627264262979e-01,5.430061719380319118e-06
1.064925920218229294e+01,3.820980073958862300e-01,7.596339855808764696e-06
1.107527315616607666e+01,3.784856354219570118e-01,1.047957175615010783e-05
1.150128711014986038e+01,3.750121016378872296e-01,1.426923427061410621e-05
1.192730013281106949e+01,3.716600802014559113e-01,1.919120404636487365e-05
1.235331408679485321e+01,3.684170726997629819e-01,2.551197030697949231e-05
1.277932804077863693e+01,3.652748791158794694e-01,3.354220461915247142e-05
1.320534199476242065e+01,3.622203066806331528e-01,4.363954576547257602e-05
1.363135594874620438e+01,3.592583150816827664e-01,5.621261516353115439e-05
1.405736990272998810e+01,3.563881768981716491e-01,7.172163896029815078e-05
1.448338385671377182e+01,3.536226881242593434e-01,9.068150393432006240e-05
1.490939781069755554e+01,3.509639318287625098e-01,1.136593418777920306e-04
1.533541083335876465e+01,3.484208685140511297e-01,1.412747951690107584e-04
1.576142571866512299e+01,3.459956143135263229e-01,1.741936284815892577e-04
1.618743874132633209e+01,3.436889627772135025e-01,2.131217770511284471e-04
1.661345362663269043e+01,3.415027324572540990e-01,2.587969647720456123e-04
1.703946664929389954e+01,3.394315338263924064e-01,3.119711764156818390e-04
1.746547967195510864e+01,3.374787394722363332e-01,3.734058118425309658e-04
1.789149455726146698e+01,3.356429276176570164e-01,4.438446776475757360e-04
1.831750757992267609e+01,3.339289587565600348e-01,5.240036989562213421e-04
1.874352246522903442e+01,3.323429829016421033e-01,6.145521183498203754e-04
1.916953548789024353e+01,3.308875129613170762e-01,7.160881650634109974e-04
1.959555037319660187e+01,3.295668142669713752e-01,8.291268022730946541e-04
2.002156339585781097e+01,3.283877642521584317e-01,9.540796163491904736e-04
2.044757828116416931e+01,3.273523798565261544e-01,1.091245212592184544e-03
2.087359130382537842e+01,3.264565941361943224e-01,1.240782672539353371e-03
2.129960432648658752e+01,3.256998119286440008e-01,1.402716501615941525e-03
2.172561921179294586e+01,3.250729074085830228e-01,1.576912822201848030e-03
2.215163223445415497e+01,3.245722765363128759e-01,1.763092470355331898e-03
2.257764711976051331e+01,3.241900499407482372e-01,1.960824476554989815e-03
2.300366014242172241e+01,3.239064880650076028e-01,2.169509418308734894e-03
2.342967502772808075e+01,3.237232110737260915e-01,2.388425171375274658e-03
2.385568805038928986e+01,3.236357552480108590e-01,2.616737270727753639e-03
2.428170107305049896e+01,3.236527173798036117e-01,2.853477606549859047e-03
2.470771595835685730e+01,3.237207642944811004e-01,3.097574226558208466e-03
2.513372898101806641e+01,3.238449548734552152e-01,3.347870428115129471e-03
2.555974386632442474e+01,3.240190729748603227e-01,3.603163175284862518e-03
2.598575688898563385e+01,3.242354806797020372e-01,3.862196579575538635e-03
2.641177177429199219e+01,3.244814811875740834e-01,4.123700316995382309e-03
2.683778479695320129e+01,3.247410051104621664e-01,4.386391025036573410e-03
2.726379968225955963e+01,3.250002314520907265e-01,4.648994654417037964e-03
2.768981270492076874e+01,3.252459013141188460e-01,4.910275805741548538e-03
2.811582572758197784e+01,3.254612509522600283e-01,5.169060546904802322e-03
2.854184061288833618e+01,3.256419819705434482e-01,5.424241069704294205e-03
2.896785363554954529e+01,3.257673628745555994e-01,5.674789194017648697e-03
2.939386852085590363e+01,3.258244654117995465e-01,5.919765215367078781e-03
2.981988154351711273e+01,3.258046927903335277e-01,6.158367265015840530e-03
3.024589642882347107e+01,3.257337692568139653e-01,6.389896851032972336e-03
3.067190945148468018e+01,3.255923520293719231e-01,6.613766774535179138e-03
3.109792433679103851e+01,3.253735967390384287e-01,6.829502992331981659e-03
3.152393549680709839e+01,3.250749574128152797e-01,7.036755792796611786e-03
3.194995224475860596e+01,3.246951114673268801e-01,7.235266268253326416e-03
3.237596526741981506e+01,3.242374976193499458e-01,7.424910087138414383e-03
3.280197829008102417e+01,3.236880634205180352e-01,7.605607621371746063e-03
3.322799131274223328e+01,3.230651927797528189e-01,7.777411490678787231e-03
3.365400806069374084e+01,3.223581727717115264e-01,7.940417155623435974e-03
3.408002108335494995e+01,3.215677638818351114e-01,8.094792254269123077e-03
3.450603410601615906e+01,3.207111266294226937e-01,8.240774273872375488e-03
3.493204712867736816e+01,3.197744730827831172e-01,8.378611877560615540e-03
3.535806015133857727e+01,3.187818742593533372e-01,8.508625440299510956e-03
3.578407689929008484e+01,3.177273785339427836e-01,8.631120435893535614e-03
3.621008992195129395e+01,3.166154165608600080e-01,8.746443316340446472e-03
3.663610294461250305e+01,3.154653641865582947e-01,8.854961022734642029e-03
3.706211596727371216e+01,3.142644254168782680e-01,8.957018144428730011e-03
3.748813271522521973e+01,3.130272809272896528e-01,9.052967652678489685e-03
3.791414573788642883e+01,3.117593202450482659e-01,9.143173694610595703e-03
3.834015876054763794e+01,3.104506239948366386e-01,9.227962233126163483e-03
3.876617178320884705e+01,3.091223865752497080e-01,9.307680651545524597e-03
3.919218480587005615e+01,3.077600265045708494e-01,9.382634423673152924e-03
3.961820155382156372e+01,3.063775631665820454e-01,9.453135542571544647e-03
4.004421457648277283e+01,3.049798239906043595e-01,9.519474580883979797e-03
4.047022759914398193e+01,3.035569557304892419e-01,9.581923484802246094e-03
4.089624062180519104e+01,3.021289293952090782e-01,9.640750475227832794e-03
4.132225736975669861e+01,3.006881401303538315e-01,9.696195833384990692e-03
4.174827039241790771e+01,2.992362742297274281e-01,9.748474694788455963e-03
4.217428341507911682e+01,2.977889381771626764e-01,9.797813370823860168e-03
4.260029643774032593e+01,2.963302940367360527e-01,9.844405576586723328e-03
4.302630946040153503e+01,2.948793870090570257e-01,9.888429194688796997e-03
4.345232620835304260e+01,2.934267936875740723e-01,9.930072352290153503e-03
4.387833923101425171e+01,2.919715882639241644e-01,9.969483129680156708e-03
4.430435225367546082e+01,2.905271288302014310e-01,1.000681146979331970e-02
4.473036527633666992e+01,2.890782718067547163e-01,1.004219800233840942e-02
4.515638202428817749e+01,2.876357631835110840e-01,1.007578894495964050e-02
4.558239504694938660e+01,2.862004957042492137e-01,1.010766997933387756e-02
4.600840806961059570e+01,2.847623846707296180e-01,1.013797149062156677e-02
4.643442109227180481e+01,2.833387228605891428e-01,1.016679219901561737e-02
4.686043411493301392e+01,2.819142344358388508e-01,1.019422896206378937e-02
4.728645086288452148e+01,2.804993678051464490e-01,1.022036187350749969e-02
4.771246388554573059e+01,2.790970657165227631e-01,1.024527288973331451e-02
4.813847690820693970e+01,2.776962184696123437e-01,1.026904396712779999e-02
4.856448993086814880e+01,2.763125813388775942e-01,1.029173564165830612e-02
4.899050667881965637e+01,2.749366813208904414e-01,1.031341403722763062e-02
4.941651970148086548e+01,2.735673611551971973e-01,1.033413875848054886e-02
4.984253272414207458e+01,2.722169208671914586e-01,1.035396847873926163e-02
5.026854574680328369e+01,2.708686463094633345e-01,1.037295907735824585e-02
5.069455876946449280e+01,2.695374826741577801e-01,1.039115153253078461e-02
5.112057551741600037e+01,2.682139569578466110e-01,1.040859241038560867e-02
5.154658854007720947e+01,2.668967465771542313e-01,1.042531989514827728e-02
5.197260156273841858e+01,2.655958701011511547e-01,1.044138334691524506e-02
5.239861458539962769e+01,2.642981347606653264e-01,1.045680884271860123e-02
5.282463133335113525e+01,2.630122365413915531e-01,1.047163177281618118e-02
5.325064435601234436e+01,2.617398286725495238e-01,1.048588659614324570e-02
5.367665737867355347e+01,2.604696030662773110e-01,1.049959845840930939e-02
5.410267040133476257e+01,2.592177117720501078e-01,1.051280088722705841e-02
5.452868342399597168e+01,2.579699039539952721e-01,1.052551530301570892e-02
5.495470017194747925e+01,2.567346772103013541e-01,1.053776778280735016e-02
5.538071319460868835e+01,2.555137343670644823e-01,1.054957043379545212e-02
5.580672621726989746e+01,2.542966104833248586e-01,1.056095864623785019e-02
5.623273923993110657e+01,2.530984326064414924e-01,1.057193987071514130e-02
5.665875226259231567e+01,2.519044208671914475e-01,1.058254111558198929e-02
5.708476901054382324e+01,2.507229240731335684e-01,1.059278845787048340e-02
5.751078203320503235e+01,2.495556450503639834e-01,1.060267537832260132e-02
5.793679505586624146e+01,2.483914410339427836e-01,1.061222981661558151e-02
5.836280807852745056e+01,2.472433560024124011e-01,1.062146481126546860e-02
5.878882482647895813e+01,2.461023467919417618e-01,1.063039246946573257e-02
5.921483784914016724e+01,2.449668593670644989e-01,1.063902582973241806e-02
5.964085087180137634e+01,2.438474082656170716e-01,1.064738817512989044e-02
6.006686389446258545e+01,2.427291640214999102e-01,1.065547764301300049e-02
6.049287691712379456e+01,2.416260137601574376e-01,1.066330913454294205e-02
6.091889366507530212e+01,2.405297574646605707e-01,1.067089289426803589e-02
6.134490668773651123e+01,2.394385765828677959e-01,1.067824475467205048e-02
6.177091971039772034e+01,2.383630187171999204e-01,1.068536657840013504e-02
6.219693273305892944e+01,2.372904531964195041e-01,1.069226954132318497e-02
6.262294948101043701e+01,2.362299727812341155e-01,1.069896388798952103e-02
6.304895877838134766e+01,2.351801887590993789e-01,1.070545334368944168e-02
6.347497552633285522e+01,2.341314462713729450e-01,1.071174908429384232e-02
6.390099227428436279e+01,2.331026747926189246e-01,1.071786042302846909e-02
6.432700157165527344e+01,2.320788960661080147e-01,1.072378363460302353e-02
6.475301831960678101e+01,2.310587875084645360e-01,1.072953268885612488e-02
6.517902761697769165e+01,2.300506648626629291e-01,1.073512155562639236e-02
6.560504436492919922e+01,2.290576361996360388e-01,1.074054464697837830e-02
6.603106111288070679e+01,2.280615986594294875e-01,1.074581220746040344e-02
6.645707041025161743e+01,2.270775800956492396e-01,1.075092423707246780e-02
6.688308715820312500e+01,2.261061426062299096e-01,1.075589004904031754e-02
6.730909645557403564e+01,2.251391523034111941e-01,1.076071709394454956e-02
6.773511320352554321e+01,2.241728894214491397e-01,1.076540257781744003e-02
6.816112995147705078e+01,2.232242830275520673e-01,1.076995860785245895e-02
6.858713924884796143e+01,2.222791649473082887e-01,1.077439449727535248e-02
6.901315599679946899e+01,2.213346585618757301e-01,1.077870372682809830e-02
6.943917274475097656e+01,2.204075937447096678e-01,1.078289560973644257e-02
6.986518204212188721e+01,2.194836535307685688e-01,1.078696921467781067e-02
7.029119879007339478e+01,2.185621270314880571e-01,1.079093199223279953e-02
7.071720808744430542e+01,2.176514457158879312e-01,1.079478487372398376e-02
7.114322483539581299e+01,2.167539075725833653e-01,1.079853717237710953e-02
7.156924158334732056e+01,2.158530299062552948e-01,1.080218981951475143e-02
7.199525088071823120e+01,2.149632454079905275e-01,1.080574374645948410e-02
7.242126762866973877e+01,2.140856617413661733e-01,1.080919802188873291e-02
7.284727692604064941e+01,2.132110869519214524e-01,1.081255823373794556e-02
7.327329367399215698e+01,2.123379174073133646e-01,1.081583555787801743e-02
7.369931042194366455e+01,2.114818918497121947e-01,1.081902254372835159e-02
7.412531971931457520e+01,2.106286271849077407e-01,1.082212943583726883e-02
7.455133646726608276e+01,2.097771645399525986e-01,1.082515716552734375e-02
7.497734576463699341e+01,2.089352740921787688e-01,1.082810293883085251e-02
7.540336251258850098e+01,2.081058324604282972e-01,1.083096861839294434e-02
7.582937926054000854e+01,2.072723073525055137e-01,1.083375699818134308e-02
7.625538855791091919e+01,2.064481725865498496e-01,1.083647646009922028e-02
7.668140530586242676e+01,2.056363213136956081e-01,1.083912607282400131e-02
7.710742205381393433e+01,2.048206014844675682e-01,1.084171328693628311e-02
7.753343135118484497e+01,2.040138090930252168e-01,1.084422692656517029e-02
7.795944809913635254e+01,2.032167872862705171e-01,1.084667537361383438e-02
7.838545739650726318e+01,2.024227082275266709e-01,1.084906328469514847e-02
7.881147414445877075e+01,2.016288936854579439e-01,1.085139252245426178e-02
7.923749089241027832e+01,2.008492473178009052e-01,1.085366122424602509e-02
7.966350018978118896e+01,2.000723122460640047e-01,1.085587404668331146e-02
8.008951693773269653e+01,1.992966501608261498e-01,1.085803005844354630e-02
8.051552623510360718e+01,1.985294526091924971e-01,1.086013484746217728e-02
8.094154298305511475e+01,1.977733978224987255e-01,1.086218282580375671e-02
8.136755973100662231e+01,1.970135902054765409e-01,1.086418144404888153e-02
8.179356902837753296e+01,1.962629249460385861e-01,1.086612790822982788e-02
8.221958577632904053e+01,1.955219145452429252e-01,1.086803060024976730e-02
8.264559507369995117e+01,1.947833343914000259e-01,1.086988300085067749e-02
8.307161182165145874e+01,1.940446881083883468e-01,1.087168790400028229e-02
8.349762856960296631e+01,1.933205241133401087e-01,1.087345089763402939e-02
8.392363786697387695e+01,1.925981786704333842e-01,1.087516825646162033e-02
8.434965461492538452e+01,1.918749239514558891e-01,1.087684649974107742e-02
8.477567136287689209e+01,1.911656720839681745e-01,1.087848562747240067e-02
8.520168066024780273e+01,1.904583214300829552e-01,1.088008843362331390e-02
8.562769740819931030e+01,1.897513840835026167e-01,1.088164187967777252e-02
8.605370670557022095e+01,1.890518201392415720e-01,1.088316459208726883e-02
8.647972345352172852e+01,1.883623739578043077e-01,1.088464818894863129e-02
8.690574020147323608e+01,1.876684640574741714e-01,1.088609360158443451e-02
8.733174949884414673e+01,1.869819110271711549e-01,1.088750641793012619e-02
8.775776624679565430e+01,1.863040209179786799e-01,1.088888943195343018e-02
8.818377554416656494e+01,1.856280816192652783e-01,1.089022960513830185e-02
8.860979229211807251e+01,1.849510511892669684e-01,1.089154090732336044e-02
8.903580904006958008e+01,1.842868332857203195e-01,1.089282147586345673e-02
8.946181833744049072e+01,1.836240536915947075e-01,1.089407689869403839e-02
8.988783508539199829e+01,1.829617039370662057e-01,1.089529786258935928e-02
9.031384438276290894e+01,1.823062150837988782e-01,1.089649368077516556e-02
9.073986113071441650e+01,1.816602488308362850e-01,1.089765597134828568e-02
9.116587787866592407e+01,1.810101660371169763e-01,1.089879311621189117e-02
9.159188717603683472e+01,1.803674401134247596e-01,1.089990232139825821e-02
9.201790392398834229e+01,1.797328150129084146e-01,1.090098638087511063e-02
9.244391322135925293e+01,1.790998596739038495e-01,1.090204156935214996e-02
9.286992996931076050e+01,1.784661934463348532e-01,1.090307440608739853e-02
9.329594671726226807e+01,1.778453397452175455e-01,1.090408395975828171e-02
9.372195601463317871e+01,1.772250812066192560e-01,1.090507116168737411e-02
9.414797276258468628e+01,1.766034670200609391e-01,1.090603135526180267e-02
9.457398951053619385e+01,1.759942685849416044e-01,1.090697292238473892e-02
9.499999880790710449e+01,1.753895999978838660e-01,1.090744137763977051e-02
