x_mm,contour_wall
-5.999999865889549255e+01,9.908501036905366099e-01
-5.937143042683601379e+01,9.908460698112409037e-01
-5.874285846948623657e+01,9.908542698281699312e-01
-5.811428651213645935e+01,9.908450778737091236e-01
-5.748571455478668213e+01,9.908571795115964642e-01
-5.685714259743690491e+01,9.908491778821736373e-01
-5.622857064008712769e+01,9.908624037159302622e-01
-5.559999868273735046e+01,9.908557907990519498e-01
-5.497142672538757324e+01,9.908678263077704829e-01
-5.434285849332809448e+01,9.908735795454545192e-01
-5.371428653597831726e+01,9.908706037328592897e-01
-5.308571457862854004e+01,9.908893182876248318e-01
-5.245714262127876282e+01,9.908874666708988865e-01
-5.182857066392898560e+01,9.909084957465719157e-01
-5.119999870657920837e+01,9.909107441383104842e-01
-5.057142674922943115e+01,9.909324345056712557e-01
-4.994285851716995239e+01,9.909497603478922834e-01
-4.931428655982017517e+01,9.909622587607922473e-01
-4.868571460247039795e+01,9.909958523785339368e-01
-4.805714264512062073e+01,9.910137733832741214e-01
-4.742857068777084351e+01,9.910571541179955535e-01
-4.679999873042106628e+01,9.910863170814288026e-01
-4.617142677307128906e+01,9.911402123539867492e-01
-4.554285854101181030e+01,9.911959592432706412e-01
-4.491428658366203308e+01,9.912544835576434510e-01
-4.428571462631225586e+01,9.913439563230066476e-01
-4.365714266896247864e+01,9.914292629507364119e-01
-4.302857071161270142e+01,9.915556357922803432e-01
-4.239999875426292419e+01,9.916871005798205685e-01
-4.177142679691314697e+01,9.918709396690367219e-01
-4.114285856485366821e+01,9.920915465760961061e-01
-4.051428660750389099e+01,9.923769600685626857e-01
-3.988571465015411377e+01,9.927654689351617101e-01
-3.925714269280433655e+01,9.933386104410022455e-01
-3.862857073545455933e+01,9.939244487472490563e-01
-3.799999877810478210e+01,9.954740535593363804e-01
-3.757109493017196655e+01,9.955991038175046048e-01
-3.714219108223915100e+01,9.933298152615540610e-01
-3.671328723430633545e+01,9.928522965337734929e-01
-3.628438338637351990e+01,9.921958984044354501e-01
-3.585547953844070435e+01,9.917206280683934505e-01
-3.542657196521759033e+01,9.912483996741154879e-01
-3.499766811728477478e+01,9.908311246190959487e-01
-3.456876426935195923e+01,9.904046576096157128e-01
-3.413986042141914368e+01,9.900182648764178639e-01
-3.371095657348632812e+01,9.896115043592348393e-01
-3.328205272555351257e+01,9.892312616387337609e-01
-3.285314515233039856e+01,9.888400414762146262e-01
-3.242424130439758301e+01,9.884410842009480058e-01
-3.199533745646476746e+01,9.880574688928389637e-01
-3.156643360853195190e+01,9.876458148171660678e-01
-3.113752976059913635e+01,9.872459317335364748e-01
-3.070862405002117157e+01,9.868217131157948074e-01
-3.027972020208835602e+01,9.863927331979007729e-01
-2.985081635415554047e+01,9.859505935754190320e-01
-2.942191064357757568e+01,9.854981378026070882e-01
-2.899300679564476013e+01,9.850265045708481715e-01
-2.856410294771194458e+01,9.845382729177247771e-01
-2.813519723713397980e+01,9.840288799305908496e-01
-2.770629338920116425e+01,9.835021611012357834e-01
-2.727738954126834869e+01,9.829542148087014874e-01
-2.684848569333553314e+01,9.823804120111732097e-01
-2.641957998275756836e+01,9.817855140088030952e-01
-2.599067613482475281e+01,9.811565594845098603e-01
-2.556177228689193726e+01,9.805008226468596710e-01
-2.513286657631397247e+01,9.798074583121719749e-01
-2.470396272838115692e+01,9.790854600474013791e-01
-2.427505888044834137e+01,9.783211391146098279e-01
-2.384615316987037659e+01,9.775207116556627884e-01
-2.341724932193756104e+01,9.766683066700524440e-01
-2.298834547400474548e+01,9.757713306246825757e-01
-2.255943976342678070e+01,9.748151689732520442e-01
-2.213053591549396515e+01,9.738051120492635659e-01
-2.170163206756114960e+01,9.727292566023362230e-01
-2.127272821962833405e+01,9.715766913196207666e-01
-2.084871754050254822e+01,9.703578646097850147e-01
-2.042467519640922546e+01,9.690483748095479744e-01
-2.000056765973567963e+01,9.676475606272219032e-01
-1.957635954022407532e+01,9.661509914084983608e-01
-1.915201917290687561e+01,9.645588655408836587e-01
-1.872751675546169281e+01,9.628498894320297596e-01
-1.830281503498554230e+01,9.610289566404266459e-01
-1.787788607180118561e+01,9.590807913280853247e-01
-1.745269633829593658e+01,9.569967305738953378e-01
-1.702721416950225830e+01,9.547638130607754015e-01
-1.660140790045261383e+01,9.523729790926019900e-01
-1.617524959146976471e+01,9.498152351024208295e-01
-1.574870757758617401e+01,9.470701471770780477e-01
-1.532175298780202866e+01,9.441248862578296430e-01
-1.489435788244009018e+01,9.409647716692060015e-01
-1.446649339050054550e+01,9.375695017563907552e-01
-1.403813436627388000e+01,9.339249910064330029e-01
-1.360925380140542984e+01,9.300029361350939938e-01
-1.317982748150825500e+01,9.257842258125952295e-01
-1.274983212351799011e+01,9.212464422507194994e-01
-1.231924351304769516e+01,9.163637950736414073e-01
-1.188804302364587784e+01,9.111038809886575773e-01
-1.145620923489332199e+01,9.054407773616048871e-01
-1.102372538298368454e+01,8.993396341205349698e-01
-1.059057470411062241e+01,8.927673205518875665e-01
-1.015674322843551636e+01,8.856941446588793010e-01
-9.722218848764896393e+00,8.780711708566107943e-01
-9.286991320550441742e+00,8.698667894024039171e-01
-8.851052261888980865e+00,8.610380824657186682e-01
-8.414397947490215302e+00,8.515439177035720730e-01
-7.977025583386421204e+00,8.413387321186727164e-01
-7.538935169577598572e+00,8.303834433722702135e-01
-7.100129965692758560e+00,8.186352658921618453e-01
-6.660617422312498093e+00,8.060594818647367488e-01
-6.220407783985137939e+00,7.926340702767902258e-01
-5.779515951871871948e+00,7.782735261130862003e-01
-5.337957292795181274e+00,7.629814864779075334e-01
-4.895755555480718613e+00,7.467363271330624830e-01
-4.452937282621860504e+00,7.295257480531572858e-01
-4.009532742202281952e+00,7.113447234213644554e-01
-3.565576625987887383e+00,6.922008580920940846e-01
-3.121109679341316223e+00,6.721173634035889632e-01
-2.676176838576793671e+00,6.511286265236160276e-01
-2.230829093605279922e+00,6.292942959624174826e-01
-1.785122207365930080e+00,6.067302300237007451e-01
-1.339116366580128670e+00,5.838288391950228196e-01
-8.928785682655870914e-01,5.613717702513966179e-01
-4.464806988835334778e-01,5.413739459010495914e-01
0.000000000000000000e+00,5.275997690769426152e-01
4.259844718035310507e-01,5.201685037349754737e-01
8.519678958691656590e-01,5.137062621677670471e-01
1.277949311770498753e+00,5.058646983980870093e-01
1.703928108327090740e+00,4.974959198302861263e-01
2.129903528839349747e+00,4.894063716776705375e-01
2.555875340476632118e+00,4.819220376777552106e-01
2.981842961162328720e+00,4.749630337946504355e-01
3.407806623727083206e+00,4.683306418761638557e-01
3.833765862509608269e+00,4.618607954545454475e-01
4.259720910340547562e+00,4.554866379401557586e-01
4.685672000050544739e+00,4.492307524441340738e-01
5.111619364470243454e+00,4.431493487599458270e-01
5.537563003599643707e+00,4.372975455497714603e-01
5.963503383100032806e+00,4.316890976807177815e-01
6.389441434293985367e+00,4.263102833502623867e-01
6.815377157181501389e+00,4.211395775139664677e-01
7.241311017423868179e+00,4.161614067525816751e-01
7.667243480682373047e+00,4.113737541264601560e-01
8.093175478279590607e+00,4.067696760728796157e-01
8.519189432263374329e+00,4.023103878343490813e-01
8.945203386247158051e+00,3.979777038894531938e-01
9.371217340230941772e+00,3.937730460153208156e-01
9.797231294214725494e+00,3.897106319832402410e-01
1.022324524819850922e+01,3.857878166264601116e-01
1.064925920218229294e+01,3.820099233430675478e-01
1.107527315616607666e+01,3.783656440452006220e-01
1.150128711014986038e+01,3.748510109827323245e-01
1.192730013281106949e+01,3.714460200821059765e-01
1.235331408679485321e+01,3.681359906678516869e-01
1.277932804077863693e+01,3.649097138458608502e-01
1.320534199476242065e+01,3.617514178093786947e-01
1.363135594874620438e+01,3.586620283667682485e-01
1.405736990272998810e+01,3.556366519595395292e-01
1.448338385671377182e+01,3.526833563462840604e-01
1.490939781069755554e+01,3.497994302310817871e-01
1.533541083335876465e+01,3.469891720099034793e-01
1.576142571866512299e+01,3.442485808680379455e-01
1.618743874132633209e+01,3.415728955053326521e-01
1.661345362663269043e+01,3.389580489779075445e-01
1.703946664929389954e+01,3.363933283604198521e-01
1.746547967195510864e+01,3.338764191319620878e-01
1.789149455726146698e+01,3.314001793423057562e-01
1.831750757992267609e+01,3.289641791518537195e-01
1.874352246522903442e+01,3.265695427564753728e-01
1.916953548789024353e+01,3.242142532165227520e-01
1.959555037319660187e+01,3.218990710174369219e-01
2.002156339585781097e+01,3.196281953614356075e-01
2.044757828116416931e+01,3.174020891527001842e-01
2.087359130382537842e+01,3.152165531890130379e-01
2.129960432648658752e+01,3.130726455370746453e-01
2.172561921179294586e+01,3.109642161841882357e-01
2.215163223445415497e+01,3.088914635178601764e-01
2.257764711976051331e+01,3.068513455963263747e-01
2.300366014242172241e+01,3.048385059569155286e-01
2.342967502772808075e+01,3.028510268537328853e-01
2.385568805038928986e+01,3.008912889368545729e-01
2.428170107305049896e+01,2.989564486520230324e-01
2.470771595835685730e+01,2.970496801993397495e-01
2.513372898101806641e+01,2.951688013162349633e-01
2.555974386632442474e+01,2.933147378110715908e-01
2.598575688898563385e+01,2.914900356568478346e-01
2.641177177429199219e+01,2.896946617889791797e-01
2.683778479695320129e+01,2.879260041052987829e-01
2.726379968225955963e+01,2.861824755057558733e-01
2.768981270492076874e+01,2.844652663153885430e-01
2.811582572758197784e+01,2.827697805569663325e-01
2.854184061288833618e+01,2.810974730722024528e-01
2.896785363554954529e+01,2.794442107880480974e-01
2.939386852085590363e+01,2.778081090231928063e-01
2.981988154351711273e+01,2.761910359266548376e-01
3.024589642882347107e+01,2.745931237567716399e-01
3.067190945148468018e+01,2.730124712999407732e-01
3.109792433679103851e+01,2.714494422665905127e-01
3.152393549680709839e+01,2.699049294004994271e-01
3.194995224475860596e+01,2.683799577037836448e-01
3.237596526741981506e+01,2.668785775880311295e-01
3.280197829008102417e+01,2.653889684643219726e-01
3.322799131274223328e+01,2.639258275404181564e-01
3.365400806069374084e+01,2.624791031826646526e-01
3.408002108335494995e+01,2.610460344982647451e-01
3.450603410601615906e+01,2.596372352188082155e-01
3.493204712867736816e+01,2.582363218427289886e-01
3.535806015133857727e+01,2.568569665756729181e-01
3.578407689929008484e+01,2.554891012516928850e-01
3.621008992195129395e+01,2.541307254634332380e-01
3.663610294461250305e+01,2.527928827820805635e-01
3.706211596727371216e+01,2.514614215655154861e-01
3.748813271522521973e+01,2.501451865900626292e-01
3.791414573788642883e+01,2.488453020515913328e-01
3.834015876054763794e+01,2.475519147039529355e-01
3.876617178320884705e+01,2.462797548194938235e-01
3.919218480587005615e+01,2.450153485800744824e-01
3.961820155382156372e+01,2.437668960026239950e-01
4.004421457648277283e+01,2.425362817684526828e-01
4.047022759914398193e+01,2.413124788386659947e-01
4.089624062180519104e+01,2.401082501428390137e-01
4.132225736975669861e+01,2.389148996952767945e-01
4.174827039241790771e+01,2.377304270886236581e-01
4.217428341507911682e+01,2.365644210523531465e-01
4.260029643774032593e+01,2.354021678464110479e-01
4.302630946040153503e+01,2.342565130618334268e-01
4.345232620835304260e+01,2.331191244233536408e-01
4.387833923101425171e+01,2.319877535392331214e-01
4.430435225367546082e+01,2.308724851077111895e-01
4.473036527633666992e+01,2.297610687002708540e-01
4.515638202428817749e+01,2.286615059463348587e-01
4.558239504694938660e+01,2.275740448302860930e-01
4.600840806961059570e+01,2.264905349320721073e-01
4.643442109227180481e+01,2.254238714396055443e-01
4.686043411493301392e+01,2.243617377952006053e-01
4.728645086288452148e+01,2.233113255459624191e-01
4.771246388554573059e+01,2.222747838898764261e-01
4.813847690820693970e+01,2.212425075651769102e-01
4.856448993086814880e+01,2.202257881274335416e-01
4.899050667881965637e+01,2.192167396732689899e-01
4.941651970148086548e+01,2.182140892161841816e-01
4.984253272414207458e+01,2.172270287106399245e-01
5.026854574680328369e+01,2.162420182093279242e-01
5.069455876946449280e+01,2.152706137844929701e-01
5.112057551741600037e+01,2.143055577598611816e-01
5.154658854007720947e+01,2.133453622291349161e-01
5.197260156273841858e+01,2.123979792248603393e-01
5.239861458539962769e+01,2.114528611446165607e-01
5.282463133335113525e+01,2.105166209052818649e-01
5.325064435601234436e+01,2.095906637516929127e-01
5.367665737867355347e+01,2.086657316002200890e-01
5.410267040133476257e+01,2.077545377835618712e-01
5.452868342399597168e+01,2.068456750201032590e-01
5.495470017194747925e+01,2.059456239683849776e-01
5.538071319460868835e+01,2.050562197128406872e-01
5.580672621726989746e+01,2.041687828000677274e-01
5.623273923993110657e+01,2.032952991419079147e-01
5.665875226259231567e+01,2.024245433119603865e-01
5.708476901054382324e+01,2.015625165322922074e-01
5.751078203320503235e+01,2.007112522748434047e-01
5.793679505586624146e+01,1.998619057632893270e-01
5.836280807852745056e+01,1.990245451635771212e-01
5.878882482647895813e+01,1.981923922359065393e-01
5.921483784914016724e+01,1.973638433479346643e-01
5.964085087180137634e+01,1.965473795655578171e-01
6.006686389446258545e+01,1.957310315092263553e-01
6.049287691712379456e+01,1.949254459751142698e-01
6.091889366507530212e+01,1.941243902890638362e-01
6.134490668773651123e+01,1.933255995270441729e-01
6.177091971039772034e+01,1.925377696747503087e-01
6.219693273305892944e+01,1.917506507110208203e-01
6.262294948101043701e+01,1.909713349892077083e-01
6.304895877838134766e+01,1.901989297655324318e-01
6.347497552633285522e+01,1.894254168782800174e-01
6.390099227428436279e+01,1.886661382946080989e-01
6.432700157165527344e+01,1.879094883453952813e-01
6.475301831960678101e+01,1.871544585608176658e-01
6.517902761697769165e+01,1.864076453254613075e-01
6.560504436492919922e+01,1.856722228394278029e-01
6.603106111288070679e+01,1.849335434918317200e-01
6.645707041025161743e+01,1.842037419851447477e-01
6.688308715820312500e+01,1.834837937246064088e-01
6.730909645557403564e+01,1.827671023256306204e-01
6.773511320352554321e+01,1.820505927818689695e-01
6.816112995147705078e+01,1.813477554437531725e-01
6.858713924884796143e+01,1.806473318202979628e-01
6.901315599679946899e+01,1.799466436801676061e-01
6.943917274475097656e+01,1.792591483092094151e-01
6.986518204212188721e+01,1.785733557643473801e-01
7.029119879007339478e+01,1.778881749142965929e-01
7.071720808744430542e+01,1.772102517405197142e-01
7.114322483539581299e+01,1.765418181024631661e-01
7.156924158334732056e+01,1.758691852621889207e-01
7.199525088071823120e+01,1.752036447752666204e-01
7.242126762866973877e+01,1.745466845479939078e-01
7.284727692604064941e+01,1.738905674676231583e-01
7.327329367399215698e+01,1.732340536122397023e-01
7.369931042194366455e+01,1.725899389760030544e-01
7.412531971931457520e+01,1.719471965200186081e-01
7.455133646726608276e+01,1.713046359192483548e-01
7.497734576463699341e+01,1.706690519457846611e-01
7.540336251258850098e+01,1.700429740403334999e-01
7.582937926054000854e+01,1.694131763691383019e-01
7.625538855791091919e+01,1.687901238731589759e-01
7.668140530586242676e+01,1.681771064785424208e-01
7.710742205381393433e+01,1.675606338348569480e-01
7.753343135118484497e+01,1.669509394309717232e-01
7.795944809913635254e+01,1.663492301242170401e-01
7.838545739650726318e+01,1.657495873539867881e-01
7.881147414445877075e+01,1.651497461962502245e-01
7.923749089241027832e+01,1.645606840930252113e-01
7.966350018978118896e+01,1.639732917513120058e-01
8.008951693773269653e+01,1.633865111044100205e-01
8.051552623510360718e+01,1.628054671628999528e-01
8.094154298305511475e+01,1.622326563029033442e-01
8.136755973100662231e+01,1.616559438219485334e-01
8.179356902837753296e+01,1.610853482891061450e-01
8.221958577632904053e+01,1.605215805929405826e-01
8.264559507369995117e+01,1.599586725759691852e-01
8.307161182165145874e+01,1.593946568954206777e-01
8.349762856960296631e+01,1.588413045433384185e-01
8.392363786697387695e+01,1.582886961444049390e-01
8.434965461492538452e+01,1.577343353224987255e-01
8.477567136287689209e+01,1.571904229092601912e-01
8.520168066024780273e+01,1.566474859012612075e-01
8.562769740819931030e+01,1.561042347797105267e-01
8.605370670557022095e+01,1.555661417333248642e-01
8.647972345352172852e+01,1.550362652361604865e-01
8.690574020147323608e+01,1.545024375211613288e-01
8.733174949884414673e+01,1.539741977209243273e-01
8.775776624679565430e+01,1.534528518865329316e-01
8.818377554416656494e+01,1.529329112969781690e-01
8.860979229211807251e+01,1.524117803823853146e-01
8.903580904006958008e+01,1.519007837629084146e-01
8.946181833744049072e+01,1.513910435976383861e-01
8.988783508539199829e+01,1.508812869000761836e-01
9.031384438276290894e+01,1.503767378745556049e-01
9.073986113071441650e+01,1.498795457190621183e-01
9.116587787866592407e+01,1.493787164592856043e-01
9.159188717603683472e+01,1.488831775330116680e-01
9.201790392398834229e+01,1.483938051517267598e-01
9.244391322135925293e+01,1.479052759173438425e-01
9.286992996931076050e+01,1.474154406318774202e-01
9.329594671726226807e+01,1.469353263342220994e-01
9.372195601463317871e+01,1.464551459073979989e-01
9.414797276258468628e+01,1.459733122513543202e-01
9.457398951053619385e+01,1.455013318414592749e-01
9.499999880790710449e+01,1.450278469929744407e-01
