x_mm,contour_wall,center,center_T,center_g,contour_g
-5.999999865889549255e+01,9.922671195192145355e-01,9.909924136617572765e-01,2.859125366210937500e+02,0.000000000000000000e+00,0.000000000000000000e+00
-5.937143042683601379e+01,9.913595628068393451e-01,9.909928765659387073e-01,2.859123535156250000e+02,0.000000000000000000e+00,0.000000000000000000e+00
-5.874285846948623657e+01,9.911669946673438147e-01,9.909909588200440655e-01,2.859121093750000000e+02,0.000000000000000000e+00,0.000000000000000000e+00
-5.811428651213645935e+01,9.911209687658709688e-01,9.909881813949551477e-01,2.859118652343750000e+02,0.000000000000000000e+00,0.000000000000000000e+00
-5.748571455478668213e+01,9.910802331979008395e-01,9.909841475156594415e-01,2.859115600585937500e+02,0.000000000000000000e+00,0.000000000000000000e+00
-5.685714259743690491e+01,9.910603283180972056e-01,9.909791216988318441e-01,2.859110717773437500e+02,0.000000000000000000e+00,0.000000000000000000e+00
-5.622857064008712769e+01,9.910447879634332047e-01,9.909727071694599543e-01,2.859105529785156250e+02,0.000000000000000000e+00,0.000000000000000000e+00
-5.559999868273735046e+01,9.910346040714406168e-01,9.909651684442186692e-01,2.859099426269531250e+02,0.000000000000000000e+00,0.000000000000000000e+00
-5.497142672538757324e+01,9.910269992170306352e-01,9.909567700397833301e-01,2.859092407226562500e+02,0.000000000000000000e+00,0.000000000000000000e+00
-5.434285849332809448e+01,9.910225024335533872e-01,9.909468506644658614e-01,2.859084472656250000e+02,0.000000000000000000e+00,0.000000000000000000e+00
-5.371428653597831726e+01,9.910194604917893502e-01,9.909355425766039893e-01,2.859075317382812500e+02,0.000000000000000000e+00,0.000000000000000000e+00
-5.308571457862854004e+01,9.910192621042830385e-01,9.909229780345353289e-01,2.859064941406250000e+02,0.000000000000000000e+00,0.000000000000000000e+00
-5.245714262127876282e+01,9.910209153335026722e-01,9.909090247799221540e-01,2.859053344726562500e+02,0.000000000000000000e+00,0.000000000000000000e+00
-5.182857066392898560e+01,9.910256105044862318e-01,9.908932199085830339e-01,2.859040527343750000e+02,0.000000000000000000e+00,0.000000000000000000e+00
-5.119999870657920837e+01,9.910323556797020483e-01,9.908755634205180796e-01,2.859025573730468750e+02,0.000000000000000000e+00,0.000000000000000000e+00
-5.057142674922943115e+01,9.910426718300321403e-01,9.908558569282207573e-01,2.859009399414062500e+02,0.000000000000000000e+00,0.000000000000000000e+00
-4.994285851716995239e+01,9.910558976637887652e-01,9.908339020441848666e-01,2.858991394042968750e+02,0.000000000000000000e+00,0.000000000000000000e+00
-4.931428655982017517e+01,9.910732896351786003e-01,9.908092358642288655e-01,2.858971557617187500e+02,0.000000000000000000e+00,0.000000000000000000e+00
-4.868571460247039795e+01,9.910943848400203260e-01,9.907813954841713233e-01,2.858948364257812500e+02,0.000000000000000000e+00,0.000000000000000000e+00
-4.805714264512062073e+01,9.911209687658709688e-01,9.907500502581683133e-01,2.858922424316406250e+02,0.000000000000000000e+00,0.000000000000000000e+00
-4.742857068777084351e+01,9.911534381877433741e-01,9.907149356695446052e-01,2.858893127441406250e+02,0.000000000000000000e+00,0.000000000000000000e+00
-4.679999873042106628e+01,9.911928511723379076e-01,9.906750597807685299e-01,2.858860778808593750e+02,0.000000000000000000e+00,0.000000000000000000e+00
-4.617142677307128906e+01,9.912400673988488453e-01,9.906300258168274642e-01,2.858823242187500000e+02,0.000000000000000000e+00,0.000000000000000000e+00
-4.554285854101181030e+01,9.912967400964957099e-01,9.905789079693584354e-01,2.858781127929687500e+02,0.000000000000000000e+00,0.000000000000000000e+00
-4.491428658366203308e+01,9.913645886236668314e-01,9.905212433341797906e-01,2.858734130859375000e+02,0.000000000000000000e+00,0.000000000000000000e+00
-4.428571462631225586e+01,9.914441420137125593e-01,9.904561061029287794e-01,2.858680114746093750e+02,0.000000000000000000e+00,0.000000000000000000e+00
-4.365714266896247864e+01,9.915377147875401587e-01,9.903827027255798221e-01,2.858619384765625000e+02,0.000000000000000000e+00,0.000000000000000000e+00
-4.302857071161270142e+01,9.916466295285254473e-01,9.903000412646013606e-01,2.858552246093750000e+02,0.000000000000000000e+00,0.000000000000000000e+00
-4.239999875426292419e+01,9.917729362409005711e-01,9.902068652657863845e-01,2.858475341796875000e+02,0.000000000000000000e+00,0.000000000000000000e+00
-4.177142679691314697e+01,9.919165026663281370e-01,9.901022489207719213e-01,2.858389282226562500e+02,0.000000000000000000e+00,0.000000000000000000e+00
-4.114285856485366821e+01,9.920797094548839956e-01,9.899848035170136784e-01,2.858292846679687500e+02,0.000000000000000000e+00,0.000000000000000000e+00
-4.051428660750389099e+01,9.922504549686812503e-01,9.898534048586422607e-01,2.858183898925781250e+02,0.000000000000000000e+00,0.000000000000000000e+00
-3.988571465015411377e+01,9.924389230997121558e-01,9.897063335872693379e-01,2.858063659667968750e+02,0.000000000000000000e+00,0.000000000000000000e+00
-3.925714269280433655e+01,9.926201831513458140e-01,9.895431267987133683e-01,2.857927551269531250e+02,0.000000000000000000e+00,0.000000000000000000e+00
-3.862857073545455933e+01,9.927907302776367571e-01,9.893603457761976916e-01,2.857779541015625000e+02,0.000000000000000000e+00,0.000000000000000000e+00
-3.799999877810478210e+01,9.929186240900625959e-01,9.891615614948365831e-01,2.857611389160156250e+02,0.000000000000000000e+00,0.000000000000000000e+00
-3.757109493017196655e+01,9.931016035000846953e-01,9.890055627856779719e-01,2.857491149902343750e+02,0.000000000000000000e+00,0.000000000000000000e+00
-3.714219108223915100e+01,9.930819631369561806e-01,9.888491011723379298e-01,2.857357482910156250e+02,0.000000000000000000e+00,0.000000000000000000e+00
-3.671328723430633545e+01,9.928366900499407954e-01,9.886757766209581799e-01,2.857218627929687500e+02,0.000000000000000000e+00,0.000000000000000000e+00
-3.628438338637351990e+01,9.924970506390723424e-01,9.884954423776874943e-01,2.857068176269531250e+02,0.000000000000000000e+00,0.000000000000000000e+00
-3.585547953844070435e+01,9.920801062298967299e-01,9.883003613297782763e-01,2.856909179687500000e+02,0.000000000000000000e+00,0.000000000000000000e+00
-3.542657196521759033e+01,9.916532424454037598e-01,9.880950963898764705e-01,2.856738281250000000e+02,0.000000000000000000e+00,0.000000000000000000e+00
-3.499766811728477478e+01,9.912168560606060552e-01,9.878756798078550672e-01,2.856558837890625000e+02,0.000000000000000000e+00,0.000000000000000000e+00
-3.456876426935195923e+01,9.907919100220078379e-01,9.876440293296089301e-01,2.856367797851562500e+02,0.000000000000000000e+00,0.000000000000000000e+00
-3.413986042141914368e+01,9.903723865752497302e-01,9.873979626925681874e-01,2.856164550781250000e+02,0.000000000000000000e+00,0.000000000000000000e+00
-3.371095657348632812e+01,9.899611292745894575e-01,9.871378105425766547e-01,2.855950317382812500e+02,0.000000000000000000e+00,0.000000000000000000e+00
-3.328205272555351257e+01,9.895536413365498829e-01,9.868628454587776710e-01,2.855724487304687500e+02,0.000000000000000000e+00,0.000000000000000000e+00
-3.285314515233039856e+01,9.891493937277805459e-01,9.865725384078212201e-01,2.855485229492187500e+02,0.000000000000000000e+00,0.000000000000000000e+00
-3.242424130439758301e+01,9.887443525689859625e-01,9.862660297105129148e-01,2.855232543945312500e+02,0.000000000000000000e+00,0.000000000000000000e+00
-3.199533745646476746e+01,9.883373936642966262e-01,9.859427242043338202e-01,2.854965515136718750e+02,0.000000000000000000e+00,0.000000000000000000e+00
-3.156643360853195190e+01,9.879268637844930145e-01,9.856020928559335870e-01,2.854684753417968750e+02,0.000000000000000000e+00,0.000000000000000000e+00
-3.113752976059913635e+01,9.875093242127983562e-01,9.852433421152869686e-01,2.854388732910156250e+02,0.000000000000000000e+00,0.000000000000000000e+00
-3.070862405002117157e+01,9.870856346284069271e-01,9.848657445615371930e-01,2.854077148437500000e+02,0.000000000000000000e+00,0.000000000000000000e+00
-3.027972020208835602e+01,9.866511659895039754e-01,9.844683743863212877e-01,2.853748779296875000e+02,0.000000000000000000e+00,0.000000000000000000e+00
-2.985081635415554047e+01,9.862061166835957016e-01,9.840504380396140061e-01,2.853403625488281250e+02,0.000000000000000000e+00,0.000000000000000000e+00
-2.942191064357757568e+01,9.857477754147621063e-01,9.836109435838835680e-01,2.853041076660156250e+02,0.000000000000000000e+00,0.000000000000000000e+00
-2.899300679564476013e+01,9.852756131496529513e-01,9.831487668232605781e-01,2.852659301757812500e+02,0.000000000000000000e+00,0.000000000000000000e+00
-2.856410294771194458e+01,9.847872492381919418e-01,9.826627835618757523e-01,2.852257690429687500e+02,0.000000000000000000e+00,0.000000000000000000e+00
-2.813519723713397980e+01,9.842815594845099048e-01,9.821519357330286137e-01,2.851835021972656250e+02,0.000000000000000000e+00,0.000000000000000000e+00
-2.770629338920116425e+01,9.837566261427120873e-01,9.816145039783308324e-01,2.851390075683593750e+02,0.000000000000000000e+00,0.000000000000000000e+00
-2.727738954126834869e+01,9.832101346918910023e-01,9.810495624894193245e-01,2.850922851562500000e+02,0.000000000000000000e+00,0.000000000000000000e+00
-2.684848569333553314e+01,9.826411593236837883e-01,9.804550612620619443e-01,2.850430297851562500e+02,0.000000000000000000e+00,0.000000000000000000e+00
-2.641957998275756836e+01,9.820467903546639121e-01,9.798295454545454808e-01,2.849912414550781250e+02,0.000000000000000000e+00,0.000000000000000000e+00
-2.599067613482475281e+01,9.814255068139495775e-01,9.791710973209750701e-01,2.849367065429687500e+02,0.000000000000000000e+00,0.000000000000000000e+00
-2.556177228689193726e+01,9.807747296639580670e-01,9.784777329862874851e-01,2.848792114257812500e+02,0.000000000000000000e+00,0.000000000000000000e+00
-2.513286657631397247e+01,9.800923427712883162e-01,9.777470056712375124e-01,2.848186035156250000e+02,0.000000000000000000e+00,0.000000000000000000e+00
-2.470396272838115692e+01,9.793747751608261609e-01,9.769769315007618138e-01,2.847546691894531250e+02,0.000000000000000000e+00,0.000000000000000000e+00
-2.427505888044834137e+01,9.786207042491958941e-01,9.761645346622651598e-01,2.846872558593750000e+02,0.000000000000000000e+00,0.000000000000000000e+00
-2.384615316987037659e+01,9.778255009945826526e-01,9.753074345056712557e-01,2.846159973144531250e+02,0.000000000000000000e+00,0.000000000000000000e+00
-2.341724932193756104e+01,9.769862557135602366e-01,9.744022584433722489e-01,2.845408020019531250e+02,0.000000000000000000e+00,0.000000000000000000e+00
-2.298834547400474548e+01,9.760986038809886800e-01,9.734456338877602866e-01,2.844611816406250000e+02,0.000000000000000000e+00,0.000000000000000000e+00
-2.255943976342678070e+01,9.751587761342475069e-01,9.724343866387337165e-01,2.843769531250000000e+02,0.000000000000000000e+00,0.000000000000000000e+00
-2.213053591549396515e+01,9.741608208481462583e-01,9.713642844294904100e-01,2.842877807617187500e+02,0.000000000000000000e+00,0.000000000000000000e+00
-2.170163206756114960e+01,9.730989847850008978e-01,9.702312933807347717e-01,2.841932678222656250e+02,0.000000000000000000e+00,0.000000000000000000e+00
-2.127272821962833405e+01,9.719649356695445608e-01,9.690306521923142125e-01,2.840929870605468750e+02,0.000000000000000000e+00,0.000000000000000000e+00
-2.084871754050254822e+01,9.707656831936685160e-01,9.677727431437277428e-01,2.839879760742187500e+02,0.000000000000000000e+00,0.000000000000000000e+00
-2.042467519640922546e+01,9.694821160275943761e-01,9.664387194218723165e-01,2.838764038085937500e+02,0.000000000000000000e+00,0.000000000000000000e+00
-2.000056765973567963e+01,9.681094728711697739e-01,9.650228277890637862e-01,2.837578735351562500e+02,0.000000000000000000e+00,0.000000000000000000e+00
-1.957635954022407532e+01,9.666424633908922148e-01,9.635189843617741889e-01,2.836318969726562500e+02,0.000000000000000000e+00,0.000000000000000000e+00
-1.915201917290687561e+01,9.650747391865582836e-01,9.619208407398002203e-01,2.834977722167968750e+02,0.000000000000000000e+00,0.000000000000000000e+00
-1.872751675546169281e+01,9.633993566954460741e-01,9.602207259395632022e-01,2.833549804687500000e+02,0.000000000000000000e+00,0.000000000000000000e+00
-1.830281503498554230e+01,9.616080497714576403e-01,9.584111673649906571e-01,2.832026977539062500e+02,0.000000000000000000e+00,0.000000000000000000e+00
-1.787788607180118561e+01,9.596928167851701552e-01,9.564833037074657041e-01,2.830403137207031250e+02,0.000000000000000000e+00,0.000000000000000000e+00
-1.745269633829593658e+01,9.576434077154223345e-01,9.544280752708650395e-01,2.828669433593750000e+02,0.000000000000000000e+00,0.000000000000000000e+00
-1.702721416950225830e+01,9.554501015744032433e-01,9.522354965507026092e-01,2.826816711425781250e+02,0.000000000000000000e+00,0.000000000000000000e+00
-1.660140790045261383e+01,9.530999370450312647e-01,9.498947223632977499e-01,2.824835510253906250e+02,0.000000000000000000e+00,0.000000000000000000e+00
-1.617524959146976471e+01,9.505818044269510603e-01,9.473941801041138033e-01,2.822715454101562500e+02,0.000000000000000000e+00,0.000000000000000000e+00
-1.574870757758617401e+01,9.478847924073133813e-01,9.447209084560690417e-01,2.820444030761718750e+02,0.000000000000000000e+00,0.000000000000000000e+00
-1.532175298780202866e+01,9.449885332021330520e-01,9.418614170687320541e-01,2.818009338378906250e+02,0.000000000000000000e+00,0.000000000000000000e+00
-1.489435788244009018e+01,9.418801316234975962e-01,9.388005623624513518e-01,2.815396728515625000e+02,0.000000000000000000e+00,0.000000000000000000e+00
-1.446649339050054550e+01,9.385416005374979109e-01,9.355223410783816140e-01,2.812593078613281250e+02,0.000000000000000000e+00,0.000000000000000000e+00
-1.403813436627388000e+01,9.349535640976807116e-01,9.320094935034705097e-01,2.809579772949218750e+02,0.000000000000000000e+00,0.000000000000000000e+00
-1.360925380140542984e+01,9.310967125867615213e-01,9.282430405662772666e-01,2.806340332031250000e+02,0.000000000000000000e+00,0.000000000000000000e+00
-1.317982748150825500e+01,9.269479007956661354e-01,9.242026806119857385e-01,2.802854614257812500e+02,0.000000000000000000e+00,0.000000000000000000e+00
-1.274983212351799011e+01,9.224833222236329400e-01,9.198670539190790807e-01,2.799102783203125000e+02,0.000000000000000000e+00,0.000000000000000000e+00
-1.231924351304769516e+01,9.176777155281868881e-01,9.152124862451328502e-01,2.795060729980468750e+02,0.000000000000000000e+00,0.000000000000000000e+00
-1.188804302364587784e+01,9.125035048459454456e-01,9.102138485060098372e-01,2.790702514648437500e+02,0.000000000000000000e+00,0.000000000000000000e+00
-1.145620923489332199e+01,9.069304691467749979e-01,9.048448212925342959e-01,2.786003112792968750e+02,0.000000000000000000e+00,0.000000000000000000e+00
-1.102372538298368454e+01,9.009273954630100389e-01,8.990766384162857117e-01,2.780932312011718750e+02,0.000000000000000000e+00,0.000000000000000000e+00
-1.059057470411062241e+01,8.944617482436092448e-01,8.928798723971559381e-01,2.775458679199218750e+02,0.000000000000000000e+00,0.000000000000000000e+00
-1.015674322843551636e+01,8.874966935415609104e-01,8.862223183299474671e-01,2.769547729492187500e+02,0.000000000000000000e+00,0.000000000000000000e+00
-9.722218848764896393e+00,8.799976458015913439e-01,8.790709116302691806e-01,2.763162841796875000e+02,0.000000000000000000e+00,0.000000000000000000e+00
-9.286991320550441742e+00,8.719218855806669666e-01,8.713913973886914244e-01,2.756264953613281250e+02,0.000000000000000000e+00,0.000000000000000000e+00
-8.851052261888980865e+00,8.632352902276959616e-01,8.631486610165904905e-01,2.748812561035156250e+02,0.000000000000000000e+00,0.000000000000000000e+00
-8.414397947490215302e+00,8.539004967623159414e-01,8.543062653419671859e-01,2.740762939453125000e+02,0.000000000000000000e+00,0.000000000000000000e+00
-7.977025583386421204e+00,8.438603695826984996e-01,8.448277731928220957e-01,2.732066040039062500e+02,0.000000000000000000e+00,0.000000000000000000e+00
-7.538935169577598572e+00,8.330784053876756357e-01,8.346770780429998426e-01,2.722675781250000000e+02,0.000000000000000000e+00,0.000000000000000000e+00
-7.100129965692758560e+00,8.215244492762824313e-01,8.238194620788894529e-01,2.712541809082031250e+02,0.000000000000000000e+00,0.000000000000000000e+00
-6.660617422312498093e+00,8.091535995429152139e-01,8.122215961994244671e-01,2.701610107421875000e+02,0.000000000000000000e+00,0.000000000000000000e+00
-6.220407783985137939e+00,7.959306754697815789e-01,7.998535238911460565e-01,2.689830017089843750e+02,0.000000000000000000e+00,0.000000000000000000e+00
-5.779515951871871948e+00,7.818251915100727922e-01,7.866895209073979656e-01,2.677147827148437500e+02,0.000000000000000000e+00,0.000000000000000000e+00
-5.337957292795181274e+00,7.668117540629760809e-01,7.727092194641950185e-01,2.663512268066406250e+02,0.000000000000000000e+00,0.000000000000000000e+00
-4.895755555480718613e+00,7.508742276113086200e-01,7.579000550194684438e-01,2.648875122070312500e+02,0.000000000000000000e+00,0.000000000000000000e+00
-4.452937282621860504e+00,7.340030895547655643e-01,7.422586549856102778e-01,2.633192443847656250e+02,0.000000000000000000e+00,0.000000000000000000e+00
-4.009532742202281952e+00,7.162044899060436842e-01,7.257930871212121549e-01,2.616425476074218750e+02,0.000000000000000000e+00,0.000000000000000000e+00
-3.565576625987887383e+00,6.975045496868123029e-01,7.085272901853733041e-01,2.598548583984375000e+02,0.000000000000000000e+00,0.000000000000000000e+00
-3.121109679341316223e+00,6.779505512527509437e-01,6.905045787836465720e-01,2.579554443359375000e+02,1.828319396370955811e-37,0.000000000000000000e+00
-2.676176838576793671e+00,6.576195350854917576e-01,6.717967030641611714e-01,2.559456176757812500e+02,9.527449872571945011e-36,0.000000000000000000e+00
-2.230829093605279922e+00,6.366385353182664186e-01,6.525183310055865382e-01,2.538319549560546875e+02,1.031039730840697912e-30,0.000000000000000000e+00
-1.785122207365930080e+00,6.152727299178940568e-01,6.328949630734721499e-01,2.516346130371093750e+02,1.199592814066800150e-26,0.000000000000000000e+00
-1.339116366580128670e+00,5.939490487980362277e-01,6.132098304977146030e-01,2.493734741210937500e+02,2.337720503951533213e-23,0.000000000000000000e+00
-8.928785682655870914e-01,5.735506470077873509e-01,5.938749841289995279e-01,2.471061248779296875e+02,9.946489013400000572e-21,0.000000000000000000e+00
-4.464806988835334778e-01,5.559555268114101390e-01,5.754570848146267625e-01,2.448984222412109375e+02,1.212202065025914750e-18,0.000000000000000000e+00
0.000000000000000000e+00,5.433972008845437962e-01,5.586462565600135433e-01,2.428399353027343750e+02,5.395843065109983750e-17,0.000000000000000000e+00
4.259844718035310507e-01,5.354323723442525607e-01,5.447399536566784883e-01,2.411031341552734375e+02,8.605159647691350885e-16,0.000000000000000000e+00
8.519678958691656590e-01,5.284295248222448116e-01,5.332232613318943493e-01,2.396401977539062500e+02,8.692710349548094656e-15,0.000000000000000000e+00
1.277949311770498753e+00,5.210691168846284249e-01,5.238588750634840530e-01,2.384331054687500000e+02,5.925018505339996189e-14,0.000000000000000000e+00
1.703928108327090740e+00,5.136117635855764751e-01,5.159584893981716824e-01,2.374026184082031250e+02,2.996603887337606631e-13,0.000000000000000000e+00
2.129903528839349747e+00,5.062971170327577042e-01,5.087827140997968067e-01,2.364569702148437500e+02,1.214040261550419775e-12,0.000000000000000000e+00
2.555875340476632118e+00,4.992581960491789261e-01,5.018721828974098687e-01,2.355371551513671875e+02,4.170875884251801224e-12,0.000000000000000000e+00
2.981842961162328720e+00,4.924806836697985246e-01,4.950507276853732819e-01,2.346205139160156250e+02,1.266339724054210691e-11,0.000000000000000000e+00
3.407806623727083206e+00,4.859201080286101315e-01,4.883174887844929923e-01,2.337068176269531250e+02,3.497605677305060112e-11,0.000000000000000000e+00
3.833765862509608269e+00,4.795576223125105897e-01,4.817251050131200474e-01,2.328033294677734375e+02,8.960385211587151844e-11,0.000000000000000000e+00
4.259720910340547562e+00,4.733659151747925953e-01,4.753133861308617147e-01,2.319162445068359375e+02,2.156265027641879328e-10,0.000000000000000000e+00
4.685672000050544739e+00,4.673421430611985894e-01,4.690962523277467655e-01,2.310477600097656250e+02,4.914642581788086773e-10,0.000000000000000000e+00
5.111619364470243454e+00,4.615024414889114523e-01,4.630767786101235850e-01,2.301990661621093750e+02,1.067015920064307011e-09,0.000000000000000000e+00
5.537563003599643707e+00,4.558766016484679384e-01,4.572554609467580633e-01,2.293706970214843750e+02,2.216152372724877750e-09,0.000000000000000000e+00
5.963503383100032806e+00,4.504549356166412943e-01,4.516347461168951916e-01,2.285637359619140625e+02,4.418790222615598395e-09,0.000000000000000000e+00
6.389441434293985367e+00,4.452387659768071715e-01,4.462191970331809698e-01,2.277793731689453125e+02,8.484184910173553362e-09,0.000000000000000000e+00
6.815377157181501389e+00,4.402400290439309472e-01,4.410135419311833616e-01,2.270190277099609375e+02,1.572918861825201020e-08,0.000000000000000000e+00
7.241311017423868179e+00,4.354701320996275382e-01,4.360225751756390822e-01,2.262840576171875000e+02,2.822685019054915756e-08,0.000000000000000000e+00
7.667243480682373047e+00,4.309047065452006331e-01,4.312526451667513250e-01,2.255757598876953125e+02,4.914290840929425030e-08,0.000000000000000000e+00
8.093175478279590607e+00,4.265208055590824499e-01,4.267097365942948972e-01,2.248961791992187500e+02,8.317503841226425720e-08,0.000000000000000000e+00
8.519189432263374329e+00,4.222965403864059608e-01,4.223912042915185516e-01,2.242453308105468750e+02,1.371294757745999959e-07,0.000000000000000000e+00
8.945203386247158051e+00,4.182246037540206518e-01,4.182866990435076815e-01,2.236224060058593750e+02,2.205828621981709148e-07,0.000000000000000000e+00
9.371217340230941772e+00,4.142997383930083211e-01,4.143756546787709660e-01,2.230249328613281250e+02,3.467385454314353410e-07,0.000000000000000000e+00
9.797231294214725494e+00,4.105154305802437564e-01,4.106323800152361647e-01,2.224492645263671875e+02,5.334101729204121511e-07,0.000000000000000000e+00
1.022324524819850922e+01,4.068689028906382066e-01,4.070309524187404882e-01,2.218921813964843750e+02,8.041543537729012314e-07,0.000000000000000000e+00
1.064925920218229294e+01,4.033605851637886985e-01,4.035482928093787058e-01,2.213503875732421875e+02,1.189589966088533401e-06,0.000000000000000000e+00
1.107527315616607666e+01,3.999848564203487555e-01,4.001697205116810374e-01,2.208218231201171875e+02,1.728879283291462343e-06,0.000000000000000000e+00
1.150128711014986038e+01,3.967252174327069447e-01,3.968897137400541619e-01,2.203061676025390625e+02,2.471447714924579486e-06,0.000000000000000000e+00
1.192730013281106949e+01,3.935636149377856885e-01,3.937076773319790335e-01,2.198036956787109375e+02,3.478876351437065750e-06,0.000000000000000000e+00
1.235331408679485321e+01,3.904879142331132424e-01,3.906245701604029175e-01,2.193147735595703125e+02,4.827036264032358304e-06,0.000000000000000000e+00
1.277932804077863693e+01,3.874971233811579374e-01,3.876361599585237960e-01,2.188393096923828125e+02,6.608409421460237354e-06,0.000000000000000000e+00
1.320534199476242065e+01,3.845889278610123418e-01,3.847343459031657420e-01,2.183765106201171875e+02,8.934499419410713017e-06,0.000000000000000000e+00
1.363135594874620438e+01,3.817664026790248966e-01,3.819104320086338378e-01,2.179252319335937500e+02,1.193851130665279925e-05,0.000000000000000000e+00
1.405736990272998810e+01,3.790237284683426466e-01,3.791608472998138080e-01,2.174857788085937500e+02,1.577799412189051509e-05,0.000000000000000000e+00
1.448338385671377182e+01,3.763553834433722711e-01,3.764860546808870834e-01,2.170585327148437500e+02,2.063784086203668267e-05,0.000000000000000000e+00
1.490939781069755554e+01,3.737588216311156231e-01,3.738887323831894260e-01,2.166446990966796875e+02,2.673311246326193213e-05,0.000000000000000000e+00
1.533541083335876465e+01,3.712351341628576384e-01,3.713684175025393497e-01,2.162449798583984375e+02,3.431203731452114880e-05,0.000000000000000000e+00
1.576142571866512299e+01,3.687877597553749776e-01,3.689229277763670378e-01,2.158598480224609375e+02,4.365869608591310680e-05,0.000000000000000000e+00
1.618743874132633209e+01,3.664144830815134757e-01,3.665488906170645267e-01,2.154895629882812500e+02,5.509511902346275747e-05,0.000000000000000000e+00
1.661345362663269043e+01,3.641220162519045456e-01,3.642461076371254491e-01,2.151352081298828125e+02,6.898387073306366801e-05,0.000000000000000000e+00
1.703946664929389954e+01,3.619049036101235628e-01,3.620178191658202094e-01,2.147983093261718750e+02,8.572886872570961714e-05,0.000000000000000000e+00
1.746547967195510864e+01,3.597620209603013541e-01,3.598701752158456335e-01,2.144812622070312500e+02,1.057773042703047395e-04,0.000000000000000000e+00
1.789149455726146698e+01,3.576962449212798267e-01,3.578077717644320144e-01,2.141862487792968750e+02,1.296192203881219029e-04,0.000000000000000000e+00
1.831750757992267609e+01,3.557129319557305047e-01,3.558326588158117754e-01,2.139148864746093750e+02,1.577861403347924352e-04,0.000000000000000000e+00
1.874352246522903442e+01,3.538191248201286720e-01,3.539442081428813003e-01,2.136688385009765625e+02,1.908493868540972471e-04,0.000000000000000000e+00
1.916953548789024353e+01,3.520175017458100353e-01,3.521422544227187923e-01,2.134494628906250000e+02,2.294141013408079743e-04,0.000000000000000000e+00
1.959555037319660187e+01,3.503145103267309990e-01,3.504301702429321042e-01,2.132591857910156250e+02,2.741148055065423250e-04,0.000000000000000000e+00
2.002156339585781097e+01,3.487102166920602597e-01,3.488148330370746675e-01,2.131011505126953125e+02,3.256070776842534542e-04,0.000000000000000000e+00
2.044757828116416931e+01,3.472055466501608456e-01,3.473042444345691426e-01,2.129783020019531250e+02,3.845615719910711050e-04,0.000000000000000000e+00
2.087359130382537842e+01,3.458045010157440591e-01,3.459060092898256222e-01,2.128939971923828125e+02,4.516494227573275566e-04,0.000000000000000000e+00
2.129960432648658752e+01,3.445148169015574968e-01,3.446227397050110053e-01,2.128504333496093750e+02,5.275333533063530922e-04,0.000000000000000000e+00
2.172561921179294586e+01,3.433407596389876359e-01,3.434549316488911264e-01,2.128495483398437500e+02,6.128494860604405403e-04,0.000000000000000000e+00
2.215163223445415497e+01,3.422889421449127889e-01,3.424023206047909218e-01,2.128929443359375000e+02,7.081927033141255379e-04,0.000000000000000000e+00
2.257764711976051331e+01,3.413600918401896167e-01,3.414671880290333639e-01,2.129825744628906250e+02,8.141026482917368412e-04,0.000000000000000000e+00
2.300366014242172241e+01,3.405551345331809809e-01,3.406554194176401040e-01,2.131209411621093750e+02,9.310450404882431030e-04,0.000000000000000000e+00
2.342967502772808075e+01,3.398764839385474690e-01,3.399739913979177297e-01,2.133100128173828125e+02,1.059401547536253929e-03,0.000000000000000000e+00
2.385568805038928986e+01,3.393287029689351364e-01,3.394247555865921862e-01,2.135521697998046875e+02,1.199453603476285934e-03,0.000000000000000000e+00
2.428170107305049896e+01,3.389082206492297078e-01,3.389961063145420783e-01,2.138431549072265625e+02,1.351370243355631828e-03,0.000000000000000000e+00
2.470771595835685730e+01,3.386355039571694592e-01,3.386770000105806533e-01,2.141894531250000000e+02,1.515169278718531132e-03,0.000000000000000000e+00
2.513372898101806641e+01,3.384358269320297818e-01,3.385070811113932709e-01,2.145686645507812500e+02,1.690794830210506916e-03,0.000000000000000000e+00
2.555974386632442474e+01,3.384328511194345523e-01,3.385148843533096197e-01,2.150469512939453125e+02,1.878025941550731659e-03,0.000000000000000000e+00
2.598575688898563385e+01,3.385167029054511612e-01,3.385931812891484483e-01,2.155505218505859375e+02,2.076484961435198784e-03,0.000000000000000000e+00
2.641177177429199219e+01,3.387038153885220670e-01,3.387772187658710243e-01,2.160960693359375000e+02,2.285664901137351990e-03,0.000000000000000000e+00
2.683778479695320129e+01,3.389937587290502985e-01,3.390657403292703376e-01,2.166850891113281250e+02,2.504921052604913712e-03,0.000000000000000000e+00
2.726379968225955963e+01,3.393805151726764779e-01,3.394469088581344440e-01,2.173146820068359375e+02,2.733477158471941948e-03,0.000000000000000000e+00
2.768981270492076874e+01,3.398545621190959820e-01,3.399111686875740390e-01,2.179810943603515625e+02,2.970434026792645454e-03,0.000000000000000000e+00
2.811582572758197784e+01,3.404040955116810485e-01,3.404511464152700229e-01,2.186800689697265625e+02,3.214783500880002975e-03,0.000000000000000000e+00
2.854184061288833618e+01,3.410165508083629615e-01,3.410601629951752201e-01,2.194077758789062500e+02,3.465431742370128632e-03,0.000000000000000000e+00
2.896785363554954529e+01,3.416792642733197938e-01,3.417267780810902544e-01,2.201588592529296875e+02,3.721199929714202881e-03,0.000000000000000000e+00
2.939386852085590363e+01,3.423781834581852146e-01,3.424366747079735651e-01,2.209280853271484375e+02,3.980846144258975983e-03,0.000000000000000000e+00
2.981988154351711273e+01,3.430990575270865262e-01,3.431725931627729875e-01,2.217090911865234375e+02,4.243082366883754730e-03,0.000000000000000000e+00
3.024589642882347107e+01,3.438279001608261498e-01,3.439197866408498228e-01,2.224957580566406250e+02,4.506575874984264374e-03,0.000000000000000000e+00
3.067190945148468018e+01,3.445513532673099566e-01,3.446641365646690436e-01,2.232837829589843750e+02,4.770150873810052872e-03,0.000000000000000000e+00
3.109792433679103851e+01,3.452547692356526254e-01,3.453882178982563000e-01,2.240655670166015625e+02,5.032406188547611237e-03,0.000000000000000000e+00
3.152393549680709839e+01,3.459235996487218801e-01,3.460765233515321060e-01,2.248350372314453125e+02,5.292042158544063568e-03,0.000000000000000000e+00
3.194995224475860596e+01,3.465427339914508020e-01,3.467122891802099094e-01,2.255861206054687500e+02,5.547846667468547821e-03,0.000000000000000000e+00
3.237596526741981506e+01,3.470974915883697220e-01,3.472790492212629032e-01,2.263127593994140625e+02,5.798692815005779266e-03,0.000000000000000000e+00
3.280197829008102417e+01,3.475725304723209508e-01,3.477659582910106462e-01,2.270101470947265625e+02,6.043544039130210876e-03,0.000000000000000000e+00
3.322799131274223328e+01,3.479596175617911125e-01,3.481728510665312304e-01,2.276751403808593750e+02,6.281492765992879868e-03,0.000000000000000000e+00
3.365400806069374084e+01,3.482406995937024075e-01,3.485049186875740501e-01,2.283121643066406250e+02,6.511788815259933472e-03,0.000000000000000000e+00
3.408002108335494995e+01,3.484301927268494969e-01,3.486798634035889743e-01,2.289104003906250000e+02,6.733644288033246994e-03,0.000000000000000000e+00
3.450603410601615906e+01,3.484861380036397560e-01,3.486872368059082405e-01,2.294225769042968750e+02,6.946662440896034241e-03,0.000000000000000000e+00
3.493204712867736816e+01,3.484207362557135701e-01,3.486200826350093207e-01,2.299144134521484375e+02,7.150426041334867477e-03,0.000000000000000000e+00
3.535806015133857727e+01,3.482490979981378021e-01,3.484431871085152954e-01,2.303666839599609375e+02,7.344676181674003601e-03,0.000000000000000000e+00
3.578407689929008484e+01,3.479649078952937180e-01,3.481495735991196883e-01,2.307738037109375000e+02,7.529280614107847214e-03,0.000000000000000000e+00
3.621008992195129395e+01,3.475673062679871528e-01,3.477419534027424985e-01,2.311358184814453125e+02,7.704218849539756775e-03,0.000000000000000000e+00
3.663610294461250305e+01,3.470588060246317941e-01,3.472227402340443692e-01,2.314532775878906250e+02,7.869587279856204987e-03,0.000000000000000000e+00
3.706211596727371216e+01,3.464432757216014958e-01,3.465939840972575015e-01,2.317268066406250000e+02,8.025557734072208405e-03,0.000000000000000000e+00
3.748813271522521973e+01,3.457258734340613038e-01,3.458601487112747397e-01,2.319579925537109375e+02,8.172383531928062439e-03,0.000000000000000000e+00
3.791414573788642883e+01,3.449132451434738234e-01,3.450276816700524884e-01,2.321482849121093750e+02,8.310384117066860199e-03,0.000000000000000000e+00
3.834015876054763794e+01,3.440119376375486704e-01,3.441060394447266191e-01,2.323005065917968750e+02,8.439908735454082489e-03,0.000000000000000000e+00
3.876617178320884705e+01,3.430293573831894594e-01,3.431042486668359759e-01,2.324170532226562500e+02,8.561355993151664734e-03,0.000000000000000000e+00
3.919218480587005615e+01,3.419716213285085571e-01,3.420313690325038070e-01,2.325007476806640625e+02,8.675140328705310822e-03,0.000000000000000000e+00
3.961820155382156372e+01,3.408458383591501661e-01,3.408947739440494340e-01,2.325536041259765625e+02,8.781683631241321564e-03,0.000000000000000000e+00
4.004421457648277283e+01,3.396593818774335527e-01,3.397017045454545636e-01,2.325780639648437500e+02,8.881421759724617004e-03,0.000000000000000000e+00
4.047022759914398193e+01,3.384194930273404234e-01,3.384584431077535260e-01,2.325763092041015625e+02,8.974774740636348724e-03,0.000000000000000000e+00
4.089624062180519104e+01,3.371335782757745037e-01,3.371706767394616611e-01,2.325504608154296875e+02,9.062167257070541382e-03,0.000000000000000000e+00
4.132225736975669861e+01,3.358084158625359583e-01,3.358437949678347856e-01,2.325023498535156250e+02,9.143998846411705017e-03,0.000000000000000000e+00
4.174827039241790771e+01,3.344507178982563111e-01,3.344831542555442572e-01,2.324338531494140625e+02,9.220652282238006592e-03,0.000000000000000000e+00
4.217428341507911682e+01,3.330652787476722776e-01,3.330941441298459482e-01,2.323470764160156250e+02,9.292505681514739990e-03,0.000000000000000000e+00
4.260029643774032593e+01,3.316564629359234906e-01,3.316820218596580605e-01,2.322437286376953125e+02,9.359897114336490631e-03,0.000000000000000000e+00
4.302630946040153503e+01,3.302290317631623728e-01,3.302511850347045752e-01,2.321255187988281250e+02,9.423156268894672394e-03,0.000000000000000000e+00
4.345232620835304260e+01,3.287864900753343367e-01,3.288058659217877322e-01,2.319938507080078125e+02,9.482597000896930695e-03,0.000000000000000000e+00
4.387833923101425171e+01,3.273322435246318052e-01,3.273499661418655671e-01,2.318504333496093750e+02,9.538490325212478638e-03,0.000000000000000000e+00
4.430435225367546082e+01,3.258691356653123372e-01,3.258860977971051454e-01,2.316960906982421875e+02,9.591104462742805481e-03,0.000000000000000000e+00
4.473036527633666992e+01,3.243995802120365757e-01,3.244173689584391451e-01,2.315321655273437500e+02,9.640693664550781250e-03,0.000000000000000000e+00
4.515638202428817749e+01,3.229273134628407038e-01,3.229459949530218421e-01,2.313595886230468750e+02,9.687474928796291351e-03,0.000000000000000000e+00
4.558239504694938660e+01,3.214549475198916761e-01,3.214739596559166857e-01,2.311792755126953125e+02,9.731657803058624268e-03,0.000000000000000000e+00
4.600840806961059570e+01,3.199839372249026481e-01,3.200025525859150344e-01,2.309919738769531250e+02,9.773434139788150787e-03,0.000000000000000000e+00
4.643442109227180481e+01,3.185145801591332537e-01,3.185340551993397495e-01,2.307987365722656250e+02,9.812986478209495544e-03,0.000000000000000000e+00
4.686043411493301392e+01,3.170476698726087950e-01,3.170703852420856395e-01,2.306000518798828125e+02,9.850467555224895477e-03,0.000000000000000000e+00
4.728645086288452148e+01,3.155853224987303363e-01,3.156135265892162090e-01,2.303970031738281250e+02,9.886031970381736755e-03,0.000000000000000000e+00
4.771246388554573059e+01,3.141288936854579328e-01,3.141632147240562278e-01,2.301897277832031250e+02,9.919813834130764008e-03,0.000000000000000000e+00
4.813847690820693970e+01,3.126792761765701534e-01,3.127193173882681365e-01,2.299785461425781250e+02,9.951940737664699554e-03,0.000000000000000000e+00
4.856448993086814880e+01,3.112380570721178241e-01,3.112814708714237155e-01,2.297636260986328125e+02,9.982524439692497253e-03,0.000000000000000000e+00
4.899050667881965637e+01,3.098066250846453484e-01,3.098505679173015337e-01,2.295457000732421875e+02,1.001167297363281250e-02,0.000000000000000000e+00
4.941651970148086548e+01,3.083855423120873684e-01,3.084267407842390396e-01,2.293247070312500000e+02,1.003948692232370377e-02,0.000000000000000000e+00
4.984253272414207458e+01,3.069748418190282879e-01,3.070118741535466378e-01,2.291014404296875000e+02,1.006605848670005798e-02,0.000000000000000000e+00
5.026854574680328369e+01,3.055740937658710243e-01,3.056073236731843834e-01,2.288763885498046875e+02,1.009146217256784439e-02,0.000000000000000000e+00
5.069455876946449280e+01,3.041835296047062931e-01,3.042142796681902572e-01,2.286499328613281250e+02,1.011577062308788300e-02,0.000000000000000000e+00
5.112057551741600037e+01,3.028026864313526079e-01,3.028333703656678755e-01,2.284225311279296875e+02,1.013905834406614304e-02,0.000000000000000000e+00
5.154658854007720947e+01,3.014317295687319875e-01,3.014641659260199891e-01,2.281940917968750000e+02,1.016139052808284760e-02,0.000000000000000000e+00
5.197260156273841858e+01,3.000714525668697896e-01,3.001069639305061765e-01,2.279650421142578125e+02,1.018282491713762283e-02,0.000000000000000000e+00
5.239861458539962769e+01,2.987224505882850600e-01,2.987609046999322726e-01,2.277351989746093750e+02,1.020340900868177414e-02,0.000000000000000000e+00
5.282463133335113525e+01,2.973850873434061293e-01,2.974257898467919659e-01,2.275047607421875000e+02,1.022319868206977844e-02,0.000000000000000000e+00
5.325064435601234436e+01,2.960607515447774007e-01,2.961014871127475856e-01,2.272736511230468750e+02,1.024223770946264267e-02,0.000000000000000000e+00
5.367665737867355347e+01,2.947481206090231676e-01,2.947882940790587658e-01,2.270422515869140625e+02,1.026056800037622452e-02,0.000000000000000000e+00
5.410267040133476257e+01,2.934466655027933024e-01,2.934865083269849184e-01,2.268106842041015625e+02,1.027823425829410553e-02,0.000000000000000000e+00
5.452868342399597168e+01,2.921556918698154925e-01,2.921971548586422829e-01,2.265792541503906250e+02,1.029527001082897186e-02,0.000000000000000000e+00
5.495470017194747925e+01,2.908754642267648571e-01,2.909201014156932441e-01,2.263480987548828125e+02,1.031170040369033813e-02,0.000000000000000000e+00
5.538071319460868835e+01,2.896058833798882959e-01,2.896546867064499486e-01,2.261170654296875000e+02,1.032756641507148743e-02,0.000000000000000000e+00
5.580672621726989746e+01,2.883472799750296245e-01,2.883998526642119753e-01,2.258861236572265625e+02,1.034289412200450897e-02,0.000000000000000000e+00
5.623273923993110657e+01,2.870999185288640732e-01,2.871548718681225520e-01,2.256551513671875000e+02,1.035770960152149200e-02,0.000000000000000000e+00
5.665875226259231567e+01,2.858639974288978980e-01,2.859197443181818454e-01,2.254242401123046875e+02,1.037203893065452576e-02,0.000000000000000000e+00
5.708476901054382324e+01,2.846399134501438888e-01,2.846942385622989735e-01,2.251933441162109375e+02,1.038590911775827408e-02,0.000000000000000000e+00
5.751078203320503235e+01,2.834270383654985404e-01,2.834790489567462490e-01,2.249627990722656250e+02,1.039933692663908005e-02,0.000000000000000000e+00
5.793679505586624146e+01,2.822250745937023853e-01,2.822746714702895066e-01,2.247328033447265625e+02,1.041234750300645828e-02,0.000000000000000000e+00
5.836280807852745056e+01,2.810338568118334046e-01,2.810812714258507095e-01,2.245032806396484375e+02,1.042496040463447571e-02,0.000000000000000000e+00
5.878882482647895813e+01,2.798527898573726080e-01,2.798988818880142060e-01,2.242744140625000000e+02,1.043719239532947540e-02,0.000000000000000000e+00
5.921483784914016724e+01,2.786814438907228575e-01,2.787276681797020705e-01,2.240463714599609375e+02,1.044905278831720352e-02,0.000000000000000000e+00
5.964085087180137634e+01,2.775200834285593277e-01,2.775670351383951462e-01,2.238189544677734375e+02,1.046056672930717468e-02,0.000000000000000000e+00
6.006686389446258545e+01,2.763681794375317247e-01,2.764169992963856348e-01,2.235921630859375000e+02,1.047174260020256042e-02,0.000000000000000000e+00
6.049287691712379456e+01,2.752264262739123057e-01,2.752771969432453170e-01,2.233661804199218750e+02,1.048259995877742767e-02,0.000000000000000000e+00
6.091889366507530212e+01,2.740948404699932173e-01,2.741470494487472376e-01,2.231407165527343750e+02,1.049314998090267181e-02,0.000000000000000000e+00
6.134490668773651123e+01,2.729737526716184415e-01,2.730263749576773424e-01,2.229160003662109375e+02,1.050340104848146439e-02,0.000000000000000000e+00
6.177091971039772034e+01,2.718632124756644730e-01,2.719146775012696859e-01,2.226915893554687500e+02,1.051336899399757385e-02,0.000000000000000000e+00
6.219693273305892944e+01,2.707623271383527985e-01,2.708127010326730755e-01,2.224681091308593750e+02,1.052306313067674637e-02,0.000000000000000000e+00
6.262294948101043701e+01,2.696700220606906839e-01,2.697206108748095299e-01,2.222454071044921875e+02,1.053249184042215347e-02,0.000000000000000000e+00
6.304895877838134766e+01,2.685870081312425883e-01,2.686388533995683336e-01,2.220237426757812500e+02,1.054166536778211594e-02,0.000000000000000000e+00
6.347497552633285522e+01,2.675127397843660160e-01,2.675668169121381279e-01,2.218028869628906250e+02,1.055059861391782761e-02,0.000000000000000000e+00
6.390099227428436279e+01,2.664472500846453151e-01,2.665037243947858681e-01,2.215827789306640625e+02,1.055929902940988541e-02,0.000000000000000000e+00
6.432700157165527344e+01,2.653904398383273855e-01,2.654487988297782319e-01,2.213631744384765625e+02,1.056776661425828934e-02,0.000000000000000000e+00
6.475301831960678101e+01,2.643421271901980618e-01,2.644020898139918807e-01,2.211443328857421875e+02,1.057601254433393478e-02,0.000000000000000000e+00
6.517902761697769165e+01,2.633028907704841881e-01,2.633631840401218782e-01,2.209260406494140625e+02,1.058405172079801559e-02,0.000000000000000000e+00
6.560504436492919922e+01,2.622728628375232685e-01,2.623319161852463166e-01,2.207082061767578125e+02,1.059188507497310638e-02,0.000000000000000000e+00
6.603106111288070679e+01,2.612515639548417257e-01,2.613089144764685900e-01,2.204911804199218750e+02,1.059952005743980408e-02,0.000000000000000000e+00
6.645707041025161743e+01,2.602391594453614121e-01,2.602943773012950657e-01,2.202750854492187500e+02,1.060696598142385483e-02,0.000000000000000000e+00
6.688308715820312500e+01,2.592351533403165487e-01,2.592878748201286609e-01,2.200595092773437500e+02,1.061422843486070633e-02,0.000000000000000000e+00
6.730909645557403564e+01,2.582390827355256491e-01,2.582900352600727700e-01,2.198449401855468750e+02,1.062130928039550781e-02,0.000000000000000000e+00
6.773511320352554321e+01,2.572505177913915753e-01,2.573007428950820907e-01,2.196312561035156250e+02,1.062821783125400543e-02,0.000000000000000000e+00
6.816112995147705078e+01,2.562698222183426577e-01,2.563196505470204944e-01,2.194184112548828125e+02,1.063496246933937073e-02,0.000000000000000000e+00
6.858713924884796143e+01,2.552963512569832449e-01,2.553467912804723294e-01,2.192065124511718750e+02,1.064153853803873062e-02,0.000000000000000000e+00
6.901315599679946899e+01,2.543302041010665482e-01,2.543816856589639630e-01,2.189952850341796875e+02,1.064796000719070435e-02,0.000000000000000000e+00
6.943917274475097656e+01,2.533717444610208425e-01,2.534243667470797434e-01,2.187849273681640625e+02,1.065422594547271729e-02,0.000000000000000000e+00
6.986518204212188721e+01,2.524209062076773202e-01,2.524747022864821666e-01,2.185754852294921875e+02,1.066034287214279175e-02,0.000000000000000000e+00
7.029119879007339478e+01,2.514775901472828812e-01,2.515323285667428466e-01,2.183667144775390625e+02,1.066631544381380081e-02,0.000000000000000000e+00
7.071720808744430542e+01,2.505419616027594332e-01,2.505971463941086830e-01,2.181586303710937500e+02,1.067215017974376678e-02,0.000000000000000000e+00
7.114322483539581299e+01,2.496144669459962884e-01,2.496689243164889049e-01,2.179512481689453125e+02,1.067784428596496582e-02,0.000000000000000000e+00
7.156924158334732056e+01,2.486944283530133637e-01,2.487478111245133017e-01,2.177447967529296875e+02,1.068340800702571869e-02,0.000000000000000000e+00
7.199525088071823120e+01,2.477818127592263386e-01,2.478337572213052398e-01,2.175390472412109375e+02,1.068884786218404770e-02,0.000000000000000000e+00
7.242126762866973877e+01,2.468758100823175983e-01,2.469270105912476643e-01,2.173341217041015625e+02,1.069416105747222900e-02,0.000000000000000000e+00
7.284727692604064941e+01,2.459762219347807755e-01,2.460277200249703644e-01,2.171300354003906250e+02,1.069934759289026260e-02,0.000000000000000000e+00
7.327329367399215698e+01,2.450829656551548885e-01,2.451358855224733402e-01,2.169270324707031250e+02,1.070441678166389465e-02,0.000000000000000000e+00
7.369931042194366455e+01,2.441965206799136534e-01,2.442505647431014171e-01,2.167245788574218750e+02,1.070937421172857285e-02,0.000000000000000000e+00
7.412531971931457520e+01,2.433164406371677579e-01,2.433718899451921547e-01,2.165230255126953125e+02,1.071421988308429718e-02,0.000000000000000000e+00
7.455133646726608276e+01,2.424425932685796425e-01,2.424992329016421311e-01,2.163220672607421875e+02,1.071894913911819458e-02,0.000000000000000000e+00
7.497734576463699341e+01,2.415750612356102889e-01,2.416329077260030433e-01,2.161219177246093750e+02,1.072357688099145889e-02,0.000000000000000000e+00
7.540336251258850098e+01,2.407142578455645776e-01,2.407724349818012588e-01,2.159222259521484375e+02,1.072810590267181396e-02,0.000000000000000000e+00
7.582937926054000854e+01,2.398600508401049491e-01,2.399180957180040707e-01,2.157233581542968750e+02,1.073253061622381210e-02,0.000000000000000000e+00
7.625538855791091919e+01,2.390125228806923852e-01,2.390694600950143967e-01,2.155250549316406250e+02,1.073685288429260254e-02,0.000000000000000000e+00
7.668140530586242676e+01,2.381715251766971519e-01,2.382268587586761355e-01,2.153275299072265625e+02,1.074108481407165527e-02,0.000000000000000000e+00
7.710742205381393433e+01,2.373366444208142856e-01,2.373903578381581225e-01,2.151306304931640625e+02,1.074522547423839569e-02,0.000000000000000000e+00
7.753343135118484497e+01,2.365078144838750618e-01,2.365601226563822657e-01,2.149345703125000000e+02,1.074927207082509995e-02,0.000000000000000000e+00
7.795944809913635254e+01,2.356849857690028749e-01,2.357359217612578217e-01,2.147392578125000000e+02,1.075322926044464111e-02,0.000000000000000000e+00
7.838545739650726318e+01,2.348677945657694222e-01,2.349177716850770203e-01,2.145448303222656250e+02,1.075709983706474304e-02,0.000000000000000000e+00
7.881147414445877075e+01,2.340559102283308046e-01,2.341055071049178982e-01,2.143509979248046875e+02,1.076088845729827881e-02,0.000000000000000000e+00
7.923749089241027832e+01,2.332499113869138385e-01,2.332993594728711706e-01,2.141579895019531250e+02,1.076459512114524841e-02,0.000000000000000000e+00
7.966350018978118896e+01,2.324492194112916799e-01,2.324990146753851405e-01,2.139658050537109375e+02,1.076822448521852493e-02,0.000000000000000000e+00
8.008951693773269653e+01,2.316539004306331362e-01,2.317045388416285878e-01,2.137743988037109375e+02,1.077177468687295914e-02,0.000000000000000000e+00
8.051552623510360718e+01,2.308642520261977304e-01,2.309156509226341636e-01,2.135836334228515625e+02,1.077524200081825256e-02,0.000000000000000000e+00
8.094154298305511475e+01,2.300803733917386185e-01,2.301322351923565379e-01,2.133936614990234375e+02,1.077863946557044983e-02,0.000000000000000000e+00
8.136755973100662231e+01,2.293017024293211581e-01,2.293542916507956553e-01,2.132043914794921875e+02,1.078196521848440170e-02,0.000000000000000000e+00
8.179356902837753296e+01,2.285287185754189820e-01,2.285817211041984154e-01,2.130158233642578125e+02,1.078522112220525742e-02,0.000000000000000000e+00
8.221958577632904053e+01,2.277612895716945862e-01,2.278143582296427994e-01,2.128278808593750000e+02,1.078840717673301697e-02,0.000000000000000000e+00
8.264559507369995117e+01,2.269992666275182092e-01,2.270520542364990735e-01,2.126406250000000000e+02,1.079152617603540421e-02,0.000000000000000000e+00
8.307161182165145874e+01,2.262428150658117587e-01,2.262947264633062561e-01,2.124540710449218750e+02,1.079457812011241913e-02,0.000000000000000000e+00
8.349762856960296631e+01,2.254918356928220791e-01,2.255421599902657781e-01,2.122678985595703125e+02,1.079756580293178558e-02,0.000000000000000000e+00
8.392363786697387695e+01,2.247459317335364914e-01,2.247950657059420987e-01,2.120826263427734375e+02,1.080049294978380203e-02,0.000000000000000000e+00
8.434965461492538452e+01,2.240049213327408029e-01,2.240533444165820343e-01,2.118981323242187500e+02,1.080335397273302078e-02,0.000000000000000000e+00
8.477567136287689209e+01,2.232687218289740871e-01,2.233169630576011533e-01,2.117144165039062500e+02,1.080615818500518799e-02,0.000000000000000000e+00
8.520168066024780273e+01,2.225370191086846194e-01,2.225858059029541258e-01,2.115314636230468750e+02,1.080890465527772903e-02,0.000000000000000000e+00
8.562769740819931030e+01,2.218099950270865095e-01,2.218593273869984839e-01,2.113490753173828125e+02,1.081158779561519623e-02,0.000000000000000000e+00
8.605370670557022095e+01,2.210877322456407668e-01,2.211376763003639612e-01,2.111673889160156250e+02,1.081422343850135803e-02,0.000000000000000000e+00
8.647972345352172852e+01,2.203701150383020058e-01,2.204204724003301086e-01,2.109862518310546875e+02,1.081680413335561752e-02,0.000000000000000000e+00
8.690574020147323608e+01,2.196567962269341534e-01,2.197080298004486232e-01,2.108058776855468750e+02,1.081932522356510162e-02,0.000000000000000000e+00
8.733174949884414673e+01,2.189483048448874203e-01,2.190001170486287341e-01,2.106260375976562500e+02,1.082179602235555649e-02,0.000000000000000000e+00
8.775776624679565430e+01,2.182445912952852562e-01,2.182965688219485334e-01,2.104468383789062500e+02,1.082421932369470596e-02,0.000000000000000000e+00
8.818377554416656494e+01,2.175455729166666796e-01,2.175974677818689751e-01,2.102682647705078125e+02,1.082659233361482620e-02,0.000000000000000000e+00
8.860979229211807251e+01,2.168512166444472589e-01,2.169026155408836920e-01,2.100901947021484375e+02,1.082891225814819336e-02,0.000000000000000000e+00
8.903580904006958008e+01,2.161617208661333889e-01,2.162121608896224734e-01,2.099127197265625000e+02,1.083118934184312820e-02,0.000000000000000000e+00
8.946181833744049072e+01,2.154766888067123631e-01,2.155261203603775211e-01,2.097358398437500000e+02,1.083341613411903381e-02,0.000000000000000000e+00
8.988783508539199829e+01,2.147959386109700441e-01,2.148445931469019909e-01,2.095596618652343750e+02,1.083559636026620865e-02,0.000000000000000000e+00
9.031384438276290894e+01,2.141194868111985783e-01,2.141675461846114792e-01,2.093842620849609375e+02,1.083773747086524963e-02,0.000000000000000000e+00
9.073986113071441650e+01,2.134474160688589750e-01,2.134946322953699127e-01,2.092094268798828125e+02,1.083983387798070908e-02,0.000000000000000000e+00
9.116587787866592407e+01,2.127796437224902526e-01,2.128258845437616398e-01,2.090350646972656250e+02,1.084188837558031082e-02,0.000000000000000000e+00
9.159188717603683472e+01,2.121177568721432094e-01,2.121616170433384130e-01,2.088614807128906250e+02,1.084389630705118179e-02,0.000000000000000000e+00
9.201790392398834229e+01,2.114643345554003684e-01,2.115015652774250854e-01,2.086885223388671875e+02,1.084586977958679199e-02,0.000000000000000000e+00
9.244391322135925293e+01,2.108276429183595646e-01,2.108457788428982627e-01,2.085161895751953125e+02,1.084780413657426834e-02,0.000000000000000000e+00
9.286992996931076050e+01,2.102233380417301567e-01,2.101941750782969354e-01,2.083444824218750000e+02,1.084969472140073776e-02,0.000000000000000000e+00
9.329594671726226807e+01,2.096896095204841826e-01,2.095465886606991679e-01,2.081734313964843750e+02,1.085154805332422256e-02,0.000000000000000000e+00
9.372195601463317871e+01,2.092718715612832125e-01,2.089032675744879053e-01,2.080028381347656250e+02,1.085336692631244659e-02,0.000000000000000000e+00
9.414797276258468628e+01,2.091087309018960505e-01,2.082631206883781838e-01,2.078333282470703125e+02,1.085514761507511139e-02,0.000000000000000000e+00
9.457398951053619385e+01,2.091839197668020900e-01,2.076260984054934811e-01,2.076619262695312500e+02,1.085689105093479156e-02,0.000000000000000000e+00
9.499999880790710449e+01,2.105017087777213414e-01,2.070043023637209989e-01,2.075014038085937500e+02,1.085859909653663635e-02,0.000000000000000000e+00
