x_mm,contour_wall,center,center_T
-5.999999865889549255e+01,9.922665243566954896e-01,9.909919507575757347e-01,2.859124145507812500e+02
-5.937143042683601379e+01,9.913591660318266108e-01,9.909924797909259730e-01,2.859122924804687500e+02
-5.874285846948623657e+01,9.911665317631623839e-01,9.909904297866937162e-01,2.859121093750000000e+02
-5.811428651213645935e+01,9.911204397325207305e-01,9.909878507491112209e-01,2.859118347167968750e+02
-5.748571455478668213e+01,9.910794396478753709e-01,9.909835523531403956e-01,2.859115295410156250e+02
-5.685714259743690491e+01,9.910597992847468563e-01,9.909785926654816057e-01,2.859110717773437500e+02
-5.622857064008712769e+01,9.910443250592517739e-01,9.909721120069409084e-01,2.859105834960937500e+02
-5.559999868273735046e+01,9.910340750380903785e-01,9.909647716692060460e-01,2.859099731445312500e+02
-5.497142672538757324e+01,9.910264701836803969e-01,9.909561087480954766e-01,2.859092712402343750e+02
-5.434285849332809448e+01,9.910218411418655338e-01,9.909461893727780080e-01,2.859084472656250000e+02
-5.371428653597831726e+01,9.910187992001016077e-01,9.909351458015913661e-01,2.859075317382812500e+02
-5.308571457862854004e+01,9.910186669417639926e-01,9.909225812595225946e-01,2.859064941406250000e+02
-5.245714262127876282e+01,9.910203863001523228e-01,9.909085618757406122e-01,2.859053344726562500e+02
-5.182857066392898560e+01,9.910247508252920667e-01,9.908926247460639880e-01,2.859040527343750000e+02
-5.119999870657920837e+01,9.910317605171830024e-01,9.908751666455053453e-01,2.859025878906250000e+02
-5.057142674922943115e+01,9.910417460216691676e-01,9.908554601532080230e-01,2.859009704589843750e+02
-4.994285851716995239e+01,9.910550379845946001e-01,9.908334391400034358e-01,2.858991394042968750e+02
-4.931428655982017517e+01,9.910724299559844352e-01,9.908087068308786272e-01,2.858971252441406250e+02
-4.868571460247039795e+01,9.910937235483324725e-01,9.907809325799898925e-01,2.858948059082031250e+02
-4.805714264512062073e+01,9.911203736033519229e-01,9.907496534831555790e-01,2.858922119140625000e+02
-4.742857068777084351e+01,9.911529752835618323e-01,9.907144066361943668e-01,2.858893127441406250e+02
-4.679999873042106628e+01,9.911923221389876693e-01,9.906746630057559067e-01,2.858860473632812500e+02
-4.617142677307128906e+01,9.912396044946673035e-01,9.906295629126460334e-01,2.858823242187500000e+02
-4.554285854101181030e+01,9.912964094506517831e-01,9.905785111943457011e-01,2.858781433105468750e+02
-4.491428658366203308e+01,9.913637289444726663e-01,9.905209126883358639e-01,2.858733825683593750e+02
-4.428571462631225586e+01,9.914434807220247059e-01,9.904557754570848527e-01,2.858680419921875000e+02
-4.365714266896247864e+01,9.915370534958524162e-01,9.903823720797358954e-01,2.858619995117187500e+02
-4.302857071161270142e+01,9.916459021076688973e-01,9.902997106187574339e-01,2.858551940917968750e+02
-4.239999875426292419e+01,9.917724072075503328e-01,9.902066007491112654e-01,2.858475341796875000e+02
-4.177142679691314697e+01,9.919161058913154028e-01,9.901019182749281056e-01,2.858388977050781250e+02
-4.114285856485366821e+01,9.920796433257152991e-01,9.899845390003385592e-01,2.858292236328125000e+02
-4.051428660750389099e+01,9.922509178728626811e-01,9.898530742127983340e-01,2.858183898925781250e+02
-3.988571465015411377e+01,9.924397827789064319e-01,9.897060690705942188e-01,2.858063354492187500e+02
-3.925714269280433655e+01,9.926215057347215209e-01,9.895427300237007451e-01,2.857928161621093750e+02
-3.862857073545455933e+01,9.927924496360250872e-01,9.893600151303537649e-01,2.857779846191406250e+02
-3.799999877810478210e+01,9.929203434484510371e-01,9.891611647198239599e-01,2.857611694335937500e+02
-3.757109493017196655e+01,9.931039841501608789e-01,9.890050998814965411e-01,2.857491149902343750e+02
-3.714219108223915100e+01,9.930840131411884375e-01,9.888487705264940031e-01,2.857358093261718750e+02
-3.671328723430633545e+01,9.928373513416285379e-01,9.886751153292703265e-01,2.857218322753906250e+02
-3.628438338637351990e+01,9.924975135432537732e-01,9.884949794735060635e-01,2.857067565917968750e+02
-3.585547953844070435e+01,9.920794449382088764e-01,9.882998322964279270e-01,2.856908874511718750e+02
-3.542657196521759033e+01,9.916523827662095947e-01,9.880945012273574246e-01,2.856738586425781250e+02
-3.499766811728477478e+01,9.912158641230742750e-01,9.878751507745048288e-01,2.856558837890625000e+02
-3.456876426935195923e+01,9.907904551802945159e-01,9.876434341670898842e-01,2.856367492675781250e+02
-3.413986042141914368e+01,9.903710639918740233e-01,9.873973014008803339e-01,2.856164855957031250e+02
-3.371095657348632812e+01,9.899594760453699349e-01,9.871372815092263053e-01,2.855950622558593750e+02
-3.328205272555351257e+01,9.895523848823429836e-01,9.868621180379211211e-01,2.855724182128906250e+02
-3.285314515233039856e+01,9.891478727568986384e-01,9.865716787286270550e-01,2.855484619140625000e+02
-3.242424130439758301e+01,9.887432945022853747e-01,9.862651700313187497e-01,2.855232238769531250e+02
-3.199533745646476746e+01,9.883365339851024611e-01,9.859419306543084627e-01,2.854965515136718750e+02
-3.156643360853195190e+01,9.879258057177924268e-01,9.856012331767394219e-01,2.854684753417968750e+02
-3.113752976059913635e+01,9.875084645336041911e-01,9.852424824360928035e-01,2.854388732910156250e+02
-3.070862405002117157e+01,9.870842459158625237e-01,9.848649510115117245e-01,2.854077148437500000e+02
-3.027972020208835602e+01,9.866499756644658836e-01,9.844675808362959302e-01,2.853749084472656250e+02
-2.985081635415554047e+01,9.862048602293889132e-01,9.840495783604198410e-01,2.853403930664062500e+02
-2.942191064357757568e+01,9.857467173480616296e-01,9.836099516463517878e-01,2.853040771484375000e+02
-2.899300679564476013e+01,9.852742905662772444e-01,9.831476426273911828e-01,2.852658996582031250e+02
-2.856410294771194458e+01,9.847859266548163459e-01,9.826618577535127796e-01,2.852257080078125000e+02
-2.813519723713397980e+01,9.842803691594718130e-01,9.821508776663281370e-01,2.851834411621093750e+02
-2.770629338920116425e+01,9.837554358176739955e-01,9.816134459116302446e-01,2.851390380859375000e+02
-2.727738954126834869e+01,9.832092750126968372e-01,9.810484382935500403e-01,2.850922851562500000e+02
-2.684848569333553314e+01,9.826399028694768889e-01,9.804538709370238525e-01,2.850430603027343750e+02
-2.641957998275756836e+01,9.820456000296258203e-01,9.798283551295073890e-01,2.849912109375000000e+02
-2.599067613482475281e+01,9.814240519722363665e-01,9.791697747375994743e-01,2.849366760253906250e+02
-2.556177228689193726e+01,9.807734070805823601e-01,9.784761458862366590e-01,2.848791503906250000e+02
-2.513286657631397247e+01,9.800908879295751053e-01,9.777456169586931090e-01,2.848185424804687500e+02
-2.470396272838115692e+01,9.793735848357880691e-01,9.769753444007109877e-01,2.847546081542968750e+02
-2.427505888044834137e+01,9.786189848908075639e-01,9.761631459497206453e-01,2.846871643066406250e+02
-2.384615316987037659e+01,9.778240461528694416e-01,9.753059135347892372e-01,2.846159362792968750e+02
-2.341724932193756104e+01,9.769845363551717954e-01,9.744006052141527263e-01,2.845406494140625000e+02
-2.298834547400474548e+01,9.760971490392754690e-01,9.734441129168782680e-01,2.844610595703125000e+02
-2.255943976342678070e+01,9.751570567758591768e-01,9.724326672803453864e-01,2.843768310546875000e+02
-2.213053591549396515e+01,9.741588369730828090e-01,9.713624989419332723e-01,2.842876281738281250e+02
-2.170163206756114960e+01,9.730971331682749526e-01,9.702294417640088264e-01,2.841931457519531250e+02
-2.127272821962833405e+01,9.719626872778059923e-01,9.690289328339258823e-01,2.840929260253906250e+02
-2.084871754050254822e+01,9.707635009310986440e-01,9.677706931394954859e-01,2.839877929687500000e+02
-2.042467519640922546e+01,9.694803305400372384e-01,9.664364710301337480e-01,2.838762512207031250e+02
-2.000056765973567963e+01,9.681074228669375170e-01,9.650205793973252177e-01,2.837577209472656250e+02
-1.957635954022407532e+01,9.666406117741662696e-01,9.635168682283731245e-01,2.836316833496093750e+02
-1.915201917290687561e+01,9.650722924073134035e-01,9.619185923480616518e-01,2.834975891113281250e+02
-1.872751675546169281e+01,9.633971083037075056e-01,9.602184114186558261e-01,2.833547363281250000e+02
-1.830281503498554230e+01,9.616055368630438416e-01,9.584085221982393543e-01,2.832024841308593750e+02
-1.787788607180118561e+01,9.596903038767563565e-01,9.564806585407144013e-01,2.830401000976562500e+02
-1.745269633829593658e+01,9.576408948070086469e-01,9.544252978457762326e-01,2.828666992187500000e+02
-1.702721416950225830e+01,9.554472580201456289e-01,9.522326529964448838e-01,2.826814270019531250e+02
-1.660140790045261383e+01,9.530969612324361462e-01,9.498918126798713280e-01,2.824832458496093750e+02
-1.617524959146976471e+01,9.505788286143558308e-01,9.473910059040121512e-01,2.822712097167968750e+02
-1.574870757758617401e+01,9.478815520780430326e-01,9.447176681267986931e-01,2.820440673828125000e+02
-1.532175298780202866e+01,9.449850944853563917e-01,9.418579783519552828e-01,2.818005981445312500e+02
-1.489435788244009018e+01,9.418765606483833208e-01,9.387969913873370764e-01,2.815393676757812500e+02
-1.446649339050054550e+01,9.385377650457085164e-01,9.355185717157609160e-01,2.812589111328125000e+02
-1.403813436627388000e+01,9.349498608642289321e-01,9.320055257533435000e-01,2.809576416015625000e+02
-1.360925380140542984e+01,9.310927448366345116e-01,9.282388082994752487e-01,2.806336669921875000e+02
-1.317982748150825500e+01,9.269437346580328141e-01,9.241984483451837207e-01,2.802851257324218750e+02
-1.274983212351799011e+01,9.224788254401556920e-01,9.198623587480955210e-01,2.799098510742187500e+02
-1.231924351304769516e+01,9.176730203572033284e-01,9.152074604283053638e-01,2.795056152343750000e+02
-1.188804302364587784e+01,9.124982806416116476e-01,9.102085581725072316e-01,2.790698242187500000e+02
-1.145620923489332199e+01,9.069249142965972732e-01,9.048392003131877637e-01,2.785998535156250000e+02
-1.102372538298368454e+01,9.009217744836633956e-01,8.990706206619265561e-01,2.780927429199218750e+02
-1.059057470411062241e+01,8.944559288767564009e-01,8.928733917386152408e-01,2.775453186035156250e+02
-1.015674322843551636e+01,8.874904773996953322e-01,8.862153747672253390e-01,2.769541625976562500e+02
-9.722218848764896393e+00,8.799904377221939855e-01,8.790635712925343181e-01,2.763156433105468750e+02
-9.286991320550441742e+00,8.719144791137632966e-01,8.713837925342813318e-01,2.756258544921875000e+02
-8.851052261888980865e+00,8.632270902107669341e-01,8.631404609996614630e-01,2.748806152343750000e+02
-8.414397947490215302e+00,8.538913048078551338e-01,8.542973379041814974e-01,2.740754699707031250e+02
-7.977025583386421204e+00,8.438504502073810309e-01,8.448181183341797462e-01,2.732058105468750000e+02
-7.538935169577598572e+00,8.330677585915016170e-01,8.346667618926697507e-01,2.722667236328125000e+02
-7.100129965692758560e+00,8.215126121550702099e-01,8.238080878618587732e-01,2.712531433105468750e+02
-6.660617422312498093e+00,8.091412995175215617e-01,8.122094945615371264e-01,2.701599426269531250e+02
-6.220407783985137939e+00,7.959167883443372116e-01,7.998404303157271578e-01,2.689817810058593750e+02
-5.779515951871871948e+00,7.818101140595903331e-01,7.866751708777721674e-01,2.677134399414062500e+02
-5.337957292795181274e+00,7.667956846749619526e-01,7.726934807220247059e-01,2.663497314453125000e+02
-4.895755555480718613e+00,7.508560420898933163e-01,7.578827953064161127e-01,2.648858337402343750e+02
-4.452937282621860504e+00,7.339833830624682420e-01,7.422396097850008090e-01,2.633173217773437500e+02
-4.009532742202281952e+00,7.161820721178263627e-01,7.257723225622143559e-01,2.616404418945312500e+02
-3.565576625987887383e+00,6.974796851193498792e-01,7.085042111054681291e-01,2.598525085449218750e+02
-3.121109679341316223e+00,6.779229753893685206e-01,6.904787884078211757e-01,2.579526672363281250e+02
-2.676176838576793671e+00,6.575885866345014819e-01,6.717678707465718491e-01,2.559425201416015625e+02
-2.230829093605279922e+00,6.366028255671237757e-01,6.524850680336888864e-01,2.538283233642578125e+02
-1.785122207365930080e+00,6.152306717665481095e-01,6.328557484763839280e-01,2.516302185058593750e+02
-1.339116366580128670e+00,5.938987245005925564e-01,6.131630110462163996e-01,2.493681335449218750e+02
-8.928785682655870914e-01,5.734874936515997890e-01,5.938177162688336175e-01,2.470993499755859375e+02
-4.464806988835334778e-01,5.558753782588454762e-01,5.753867895082106498e-01,2.448899078369140625e+02
0.000000000000000000e+00,5.432920885707634984e-01,5.585597596072456872e-01,2.428291931152343750e+02
4.259844718035310507e-01,5.353116866112239691e-01,5.446374865096496043e-01,2.410902709960937500e+02
8.519678958691656590e-01,5.283077810225156323e-01,5.331080973844590787e-01,2.396254882812500000e+02
1.277949311770498753e+00,5.209572593956323106e-01,5.237386852992212960e-01,2.384176177978515625e+02
1.703928108327090740e+00,5.135159754845946001e-01,5.158431931923987968e-01,2.373875732421875000e+02
2.129903528839349747e+00,5.062136950863382889e-01,5.086800485652615000e-01,2.364434051513671875e+02
2.555875340476632118e+00,4.991841975093109784e-01,5.017855206217199937e-01,2.355256652832031250e+02
2.981842961162328720e+00,4.924171996677670360e-01,4.949798372164381233e-01,2.346109466552734375e+02
3.407806623727083206e+00,4.858651877539360009e-01,4.882600225368207147e-01,2.336989898681640625e+02
3.833765862509608269e+00,4.795074964025732300e-01,4.816774589470120271e-01,2.327968750000000000e+02
4.259720910340547562e+00,4.733234933130184285e-01,4.752722868524631994e-01,2.319105682373046875e+02
4.685672000050544739e+00,4.673067639558997621e-01,4.690604103182664519e-01,2.310428009033203125e+02
5.111619364470243454e+00,4.614699390024546988e-01,4.630445075757576023e-01,2.301945037841796875e+02
5.537563003599643707e+00,4.558445620661926712e-01,4.572258350791433834e-01,2.293665161132812500e+02
5.963503383100032806e+00,4.504257726532080452e-01,4.516070379951752090e-01,2.285597839355468750e+02
6.389441434293985367e+00,4.452131078593194458e-01,4.461928445594210424e-01,2.277756042480468750e+02
6.815377157181501389e+00,4.402128499555612029e-01,4.409877515553580762e-01,2.270152587890625000e+02
7.241311017423868179e+00,4.354407707486879775e-01,4.359968509289825489e-01,2.262801818847656250e+02
7.667243480682373047e+00,4.308754443880142282e-01,4.312263588221601496e-01,2.255718841552734375e+02
8.093175478279590607e+00,4.264920063060775313e-01,4.266817308913153917e-01,2.248919219970703125e+02
8.519189432263374329e+00,4.222663854854409871e-01,4.223611485843067337e-01,2.242406463623046875e+02
8.945203386247158051e+00,4.181865464173861735e-01,4.182538659112070567e-01,2.236170196533203125e+02
9.371217340230941772e+00,4.142593996000507595e-01,4.143393828296935699e-01,2.230186614990234375e+02
9.797231294214725494e+00,4.104731079122228010e-01,4.105906855743186035e-01,2.224418029785156250e+02
1.022324524819850922e+01,4.068211576307770305e-01,4.069822482859319357e-01,2.218829650878906250e+02
1.064925920218229294e+01,4.033050366620111737e-01,4.034923805971728505e-01,2.213390655517578125e+02
1.107527315616607666e+01,3.999139328868291932e-01,4.001059719929744296e-01,2.208081970214843750e+02
1.150128711014986038e+01,3.966429196821567582e-01,3.968143926168105629e-01,2.202889862060546875e+02
1.192730013281106949e+01,3.934680913534789326e-01,3.936161545623836355e-01,2.197815856933593750e+02
1.235331408679485321e+01,3.903757922274420089e-01,3.905111586359404363e-01,2.192861480712890625e+02
1.277932804077863693e+01,3.873592440642458223e-01,3.874965943478076991e-01,2.188024291992187500e+02
1.320534199476242065e+01,3.844194388014220420e-01,3.845646584560690751e-01,2.183293762207031250e+02
1.363135594874620438e+01,3.815526401409344848e-01,3.817048033583037014e-01,2.178654479980468750e+02
1.405736990272998810e+01,3.787616255078720129e-01,3.789092258125952295e-01,2.174095611572265625e+02
1.448338385671377182e+01,3.760366739144235804e-01,3.761748177480108146e-01,2.169613494873046875e+02
1.490939781069755554e+01,3.733709409916201039e-01,3.735017444874724757e-01,2.165208435058593750e+02
1.533541083335876465e+01,3.707598307622312350e-01,3.708907003872524144e-01,2.160884704589843750e+02
1.576142571866512299e+01,3.682030125804130472e-01,3.683390402805992725e-01,2.156638031005859375e+02
1.618743874132633209e+01,3.657003211232436324e-01,3.658405810902319311e-01,2.152458953857421875e+02
1.661345362663269043e+01,3.632482184801930081e-01,3.633895034492974352e-01,2.148339691162109375e+02
1.703946664929389954e+01,3.608487877200778904e-01,3.609819718660064458e-01,2.144274139404296875e+02
1.746547967195510864e+01,3.584963747989673433e-01,3.586179863403589074e-01,2.140263061523437500e+02
1.789149455726146698e+01,3.561852264791772749e-01,3.562991670369899944e-01,2.136310424804687500e+02
1.831750757992267609e+01,3.539128298522938865e-01,3.540263736350939827e-01,2.132418365478515625e+02
1.874352246522903442e+01,3.516788873370577106e-01,3.517979529054511834e-01,2.128585205078125000e+02
1.916953548789024353e+01,3.494825723188589861e-01,3.496097387104283305e-01,2.124803314208984375e+02
1.959555037319660187e+01,3.473254388331640241e-01,3.474569036207042494e-01,2.121066589355468750e+02
2.002156339585781097e+01,3.452063626841035959e-01,3.453362403715930506e-01,2.117369842529296875e+02
2.044757828116416931e+01,3.431251785487557382e-01,3.432466247672253390e-01,2.113710632324218750e+02
2.087359130382537842e+01,3.410803985208227251e-01,3.411890818097172984e-01,2.110092315673828125e+02
2.129960432648658752e+01,3.390665338792957506e-01,3.391652316637041031e-01,2.106518249511718750e+02
2.172561921179294586e+01,3.370803112303199511e-01,3.371761654604706338e-01,2.102990417480468750e+02
2.215163223445415497e+01,3.351212346051294921e-01,3.352213872312510556e-01,2.099508666992187500e+02
2.257764711976051331e+01,3.331892378745556216e-01,3.332985493905535890e-01,2.096069641113281250e+02
2.300366014242172241e+01,3.312860403969866141e-01,3.314039817695107470e-01,2.092667694091796875e+02
2.342967502772808075e+01,3.294117413661757365e-01,3.295341464575927137e-01,2.089296417236328125e+02
2.385568805038928986e+01,3.275671343321482909e-01,3.276871587734890845e-01,2.085952758789062500e+02
2.428170107305049896e+01,3.257505330011004063e-01,3.258629525880311628e-01,2.082637023925781250e+02
2.470771595835685730e+01,3.239625986647198252e-01,3.240626520970881774e-01,2.079351654052734375e+02
2.513372898101806641e+01,3.221994297020484010e-01,3.222877782715422579e-01,2.076100006103515625e+02
2.555974386632442474e+01,3.204570252983748313e-01,3.205392569197562103e-01,2.072884368896484375e+02
2.598575688898563385e+01,3.187340628703233536e-01,3.188174186875740723e-01,2.069705505371093750e+02
2.641177177429199219e+01,3.170309722574911060e-01,3.171213708312172197e-01,2.066561584472656250e+02
2.683778479695320129e+01,3.153484478161503457e-01,3.154491956047908996e-01,2.063450622558593750e+02
2.726379968225955963e+01,3.136880105171829802e-01,3.137974873561029110e-01,2.060366058349609375e+02
2.768981270492076874e+01,3.120501232647706069e-01,3.121638323704926110e-01,2.057303619384765625e+02
2.811582572758197784e+01,3.104351167047570415e-01,3.105469411291688075e-01,2.054261474609375000e+02
2.854184061288833618e+01,3.088425279329609086e-01,3.089469789550533529e-01,2.051239929199218750e+02
2.896785363554954529e+01,3.072715633993566842e-01,3.073654337544438619e-01,2.048242492675781250e+02
2.939386852085590363e+01,3.057209335851532317e-01,3.058033305294565740e-01,2.045270690917968750e+02
2.981988154351711273e+01,3.041881255819366969e-01,3.042611983134416720e-01,2.042326202392578125e+02
3.024589642882347107e+01,3.026700974479430983e-01,3.027394338814118901e-01,2.039410247802734375e+02
3.067190945148468018e+01,3.011665516019129685e-01,3.012383678792110997e-01,2.036523590087890625e+02
3.109792433679103851e+01,2.996777194959370227e-01,2.997573720797359065e-01,2.033665924072265625e+02
3.152393549680709839e+01,2.982047253258845454e-01,2.982947601891823286e-01,2.030833282470703125e+02
3.194995224475860596e+01,2.967488916751311878e-01,2.968483168803961458e-01,2.028022308349609375e+02
3.237596526741981506e+01,2.953109790291180148e-01,2.954155623095480188e-01,2.025227966308593750e+02
3.280197829008102417e+01,2.938907890003386036e-01,2.939955376036905155e-01,2.022449493408203125e+02
3.322799131274223328e+01,2.924883877179617619e-01,2.925880774399018391e-01,2.019685821533203125e+02
3.365400806069374084e+01,2.911029816319620767e-01,2.911942398848823554e-01,2.016939239501953125e+02
3.408002108335494995e+01,2.897333142881327039e-01,2.898153144574234230e-01,2.014213104248046875e+02
3.450603410601615906e+01,2.883793195573048918e-01,2.884519293846283805e-01,2.011508636474609375e+02
3.493204712867736816e+01,2.870391788873370431e-01,2.871042830540037061e-01,2.008825988769531250e+02
3.535806015133857727e+01,2.857109414677501125e-01,2.857722432072117846e-01,2.006165618896484375e+02
3.578407689929008484e+01,2.843932185859996409e-01,2.844559090380057720e-01,2.003528289794921875e+02
3.621008992195129395e+01,2.830866715337734818e-01,2.831553466755544202e-01,2.000913696289062500e+02
3.663610294461250305e+01,2.817921599902658003e-01,2.818697625698324272e-01,1.998321228027343750e+02
3.706211596727371216e+01,2.805106428284239173e-01,2.805977018791264710e-01,1.995747070312500000e+02
3.748813271522521973e+01,2.792430789211952091e-01,2.793374121804638732e-01,1.993188934326171875e+02
3.791414573788642883e+01,2.779896335915015837e-01,2.780872733092094040e-01,1.990643157958984375e+02
3.834015876054763794e+01,2.767500588549602347e-01,2.768466239736753209e-01,1.988108367919921875e+02
3.876617178320884705e+01,2.755244208407398032e-01,2.756157782874132378e-01,1.985585784912109375e+02
3.919218480587005615e+01,2.743118764019383815e-01,2.743955628650330270e-01,1.983076782226562500e+02
3.961820155382156372e+01,2.731120452958354372e-01,2.731869365794819537e-01,1.980584259033203125e+02
4.004421457648277283e+01,2.719237867942694842e-01,2.719905772547401290e-01,1.978108520507812500e+02
4.047022759914398193e+01,2.707463404117995687e-01,2.708068981981124335e-01,1.975651855468750000e+02
4.089624062180519104e+01,2.695794416317504605e-01,2.696355356991704810e-01,1.973213043212890625e+02
4.132225736975669861e+01,2.684219166613763252e-01,2.684763740318689695e-01,1.970792541503906250e+02
4.174827039241790771e+01,2.672728562246063921e-01,2.673291321472405779e-01,1.968388977050781250e+02
4.217428341507911682e+01,2.661327232256221476e-01,2.661937935129930488e-01,1.966003417968750000e+02
4.260029643774032593e+01,2.650021128269426374e-01,2.650700936124513185e-01,1.963634948730468750e+02
4.302630946040153503e+01,2.638816036587946501e-01,2.639573711539275336e-01,1.961282501220703125e+02
4.345232620835304260e+01,2.627715924961909755e-01,2.628543862155070521e-01,1.958943786621093750e+02
4.387833923101425171e+01,2.616725257110208425e-01,2.617600807304892307e-01,1.956616516113281250e+02
4.430435225367546082e+01,2.605849488689266913e-01,2.606735288905112635e-01,1.954299163818359375e+02
4.473036527633666992e+01,2.595080353552988162e-01,2.595943339205603606e-01,1.951990051269531250e+02
4.515638202428817749e+01,2.584419504930590694e-01,2.585230909831555679e-01,1.949691619873046875e+02
4.558239504694938660e+01,2.573857850061367913e-01,2.574602299178940235e-01,1.947403717041015625e+02
4.600840806961059570e+01,2.563391751841035959e-01,2.564067591945996538e-01,1.945129852294921875e+02
4.643442109227180481e+01,2.553016415904858505e-01,2.553627284101489536e-01,1.942869873046875000e+02
4.686043411493301392e+01,2.542727213211020687e-01,2.543285674041391720e-01,1.940624542236328125e+02
4.728645086288452148e+01,2.532514555030049297e-01,2.533044414994921056e-01,1.938394622802734375e+02
4.771246388554573059e+01,2.522378441361943224e-01,2.522899869857795907e-01,1.936178894042968750e+02
4.813847690820693970e+01,2.512322178665142847e-01,2.512850054754951490e-01,1.933978729248046875e+02
4.856448993086814880e+01,2.502343121772896417e-01,2.502889679352886532e-01,1.931791381835937500e+02
4.899050667881965637e+01,2.492435815028779533e-01,2.493015602516082674e-01,1.929616546630859375e+02
4.941651970148086548e+01,2.482603730214152649e-01,2.483227824244540471e-01,1.927454528808593750e+02
4.984253272414207458e+01,2.472851496370831181e-01,2.473524360663196253e-01,1.925305786132812500e+02
5.026854574680328369e+01,2.463182419957254121e-01,2.463900252084391396e-01,1.923168029785156250e+02
5.069455876946449280e+01,2.453598484848484862e-01,2.454351200112155074e-01,1.921041412353515625e+02
5.112057551741600037e+01,2.444097376523615972e-01,2.444868607954545359e-01,1.918923492431640625e+02
5.154658854007720947e+01,2.434679425628491489e-01,2.435448342538513722e-01,1.916813659667968750e+02
5.197260156273841858e+01,2.425347607975706921e-01,2.426088915957761993e-01,1.914711761474609375e+02
5.239861458539962769e+01,2.416096467908837031e-01,2.416794626608261276e-01,1.912618865966796875e+02
5.282463133335113525e+01,2.406921707031911273e-01,2.407568780948451115e-01,1.910535430908203125e+02
5.325064435601234436e+01,2.397822829376163867e-01,2.398417495926443155e-01,1.908463592529296875e+02
5.367665737867355347e+01,2.388791238149652885e-01,2.389341432833925749e-01,1.906402740478515625e+02
5.410267040133476257e+01,2.379827925289910162e-01,2.380343071514728348e-01,1.904354095458984375e+02
5.452868342399597168e+01,2.370927600463433316e-01,2.371421420031318839e-01,1.902317657470703125e+02
5.495470017194747925e+01,2.362087122534704542e-01,2.362574825154477864e-01,1.900293121337890625e+02
5.538071319460868835e+01,2.353307483441256232e-01,2.353801468332063773e-01,1.898279876708984375e+02
5.580672621726989746e+01,2.344586864630946454e-01,2.345100192303622710e-01,1.896277465820312500e+02
5.623273923993110657e+01,2.335933036281107045e-01,2.336469178517013578e-01,1.894286193847656250e+02
5.665875226259231567e+01,2.327345667745894797e-01,2.327905451159641148e-01,1.892305450439453125e+02
5.708476901054382324e+01,2.318827734837904109e-01,2.319404546512612020e-01,1.890333709716796875e+02
5.751078203320503235e+01,2.310373947223632873e-01,2.310964315377941336e-01,1.888371124267578125e+02
5.793679505586624146e+01,2.301980171830032285e-01,2.302584592432707078e-01,1.886417694091796875e+02
5.836280807852745056e+01,2.293652856251058025e-01,2.294265542999830709e-01,1.884472656250000000e+02
5.878882482647895813e+01,2.285386544830285971e-01,2.286007663048078564e-01,1.882537689208984375e+02
5.921483784914016724e+01,2.277182394828169976e-01,2.277807976764855136e-01,1.880611267089843750e+02
5.964085087180137634e+01,2.269040736890553522e-01,2.269663838983409510e-01,1.878692779541015625e+02
6.006686389446258545e+01,2.260959256496529457e-01,2.261575415026663149e-01,1.876782684326171875e+02
6.049287691712379456e+01,2.252940598812849249e-01,2.253540225050787160e-01,1.874880371093750000e+02
6.091889366507530212e+01,2.244979638828931701e-01,2.245559095670391081e-01,1.872985839843750000e+02
6.134490668773651123e+01,2.237076541867699386e-01,2.237633349468850508e-01,1.871099700927734375e+02
6.177091971039772034e+01,2.229229820022854136e-01,2.229762986446165440e-01,1.869222106933593750e+02
6.219693273305892944e+01,2.221438316033942650e-01,2.221950982414931386e-01,1.867353668212890625e+02
6.262294948101043701e+01,2.213698062150837864e-01,2.214198163989757884e-01,1.865494995117187500e+02
6.304895877838134766e+01,2.206014018061198678e-01,2.206502381972659521e-01,1.863645172119140625e+02
6.347497552633285522e+01,2.198378744233536464e-01,2.198864132332402355e-01,1.861804656982421875e+02
6.390099227428436279e+01,2.190794720511680949e-01,2.191281431193922435e-01,1.859972991943359375e+02
6.432700157165527344e+01,2.183259963020568739e-01,2.183752129359234906e-01,1.858149566650390625e+02
6.475301831960678101e+01,2.175776124989419469e-01,2.176276226828339211e-01,1.856334838867187500e+02
6.517902761697769165e+01,2.168342545126544785e-01,2.168852401017860032e-01,1.854528198242187500e+02
6.560504436492919922e+01,2.160960876661164598e-01,2.161479329344421774e-01,1.852729339599609375e+02
6.603106111288070679e+01,2.153630788947435148e-01,2.154157342453868196e-01,1.850939331054687500e+02
6.645707041025161743e+01,2.146356911027171022e-01,2.146882472596072511e-01,1.849156188964843750e+02
6.688308715820312500e+01,2.139135605796089468e-01,2.139653066541814808e-01,1.847379608154296875e+02
6.730909645557403564e+01,2.131960095014389656e-01,2.132473092041222151e-01,1.845611114501953125e+02
6.773511320352554321e+01,2.124831370619603976e-01,2.125342053125529040e-01,1.843850402832031250e+02
6.816112995147705078e+01,2.117751581809717287e-01,2.118260941732266756e-01,1.842097930908203125e+02
6.858713924884796143e+01,2.110716264865837022e-01,2.111228765923903739e-01,1.840353546142578125e+02
6.901315599679946899e+01,2.103726742371339054e-01,2.104242549887845037e-01,1.838616180419921875e+02
6.943917274475097656e+01,2.096783344972067142e-01,2.097300144426104684e-01,1.836885375976562500e+02
6.986518204212188721e+01,2.089883592824191560e-01,2.090401549538682957e-01,1.835161895751953125e+02
7.029119879007339478e+01,2.083029139156932497e-01,2.083546103933892057e-01,1.833445129394531250e+02
7.071720808744430542e+01,2.076219818647367654e-01,2.076733642288809967e-01,1.831734771728515625e+02
7.114322483539581299e+01,2.069457615170560427e-01,2.069963999280514666e-01,1.830031585693359375e+02
7.156924158334732056e+01,2.062737899684696230e-01,2.063236844263162395e-01,1.828334960937500000e+02
7.199525088071823120e+01,2.056063978648214052e-01,2.056554326434738567e-01,1.826645965576171875e+02
7.242126762866973877e+01,2.049433041571440683e-01,2.049914792566023269e-01,1.824963226318359375e+02
7.284727692604064941e+01,2.042843269902234749e-01,2.043318903948704857e-01,1.823288116455078125e+02
7.327329367399215698e+01,2.036295490255205787e-01,2.036765172676485436e-01,1.821619873046875000e+02
7.369931042194366455e+01,2.029789206661588019e-01,2.030252937457677209e-01,1.819958801269531250e+02
7.412531971931457520e+01,2.023323427183849610e-01,2.023782859583968252e-01,1.818304138183593750e+02
7.455133646726608276e+01,2.016896663915693222e-01,2.017353947117826174e-01,1.816656646728515625e+02
7.497734576463699341e+01,2.010509743471728394e-01,2.010964381507110155e-01,1.815015258789062500e+02
7.540336251258850098e+01,2.004162831174877146e-01,2.004615981303961292e-01,1.813380432128906250e+02
7.582937926054000854e+01,1.997853281858388286e-01,1.998309407800067661e-01,1.811753082275390625e+02
7.625538855791091919e+01,1.991585228595310619e-01,1.992041850505755773e-01,1.810132293701171875e+02
7.668140530586242676e+01,1.985355530250126899e-01,1.985812978775181870e-01,1.808517608642578125e+02
7.710742205381393433e+01,1.979164186822837401e-01,1.979622957931267968e-01,1.806909484863281250e+02
7.753343135118484497e+01,1.973012686219739187e-01,1.973471292005248012e-01,1.805307769775390625e+02
7.795944809913635254e+01,1.966902020378364646e-01,1.967355666476214571e-01,1.803712005615234375e+02
7.838545739650726318e+01,1.960828882840274234e-01,1.961276081344167921e-01,1.802122039794921875e+02
7.881147414445877075e+01,1.954791620376248595e-01,1.955233363223717602e-01,1.800538177490234375e+02
7.923749089241027832e+01,1.948791059600897269e-01,1.949228008083629671e-01,1.798960723876953125e+02
7.966350018978118896e+01,1.942823067441171447e-01,1.943261834476045502e-01,1.797390441894531250e+02
8.008951693773269653e+01,1.936889793095056822e-01,1.937332858525901425e-01,1.795826110839843750e+02
8.051552623510360718e+01,1.930992063177162654e-01,1.931439427003978360e-01,1.794267425537109375e+02
8.094154298305511475e+01,1.925130704302099316e-01,1.925581209264431992e-01,1.792715606689453125e+02
8.136755973100662231e+01,1.919300922105129370e-01,1.919755725463433149e-01,1.791168212890625000e+02
8.179356902837753296e+01,1.913506684336380437e-01,1.913964959476045502e-01,1.789627075195312500e+02
8.221958577632904053e+01,1.907745511152023066e-01,1.908206596781361064e-01,1.788091583251953125e+02
8.264559507369995117e+01,1.902020378364652209e-01,1.902480472056458372e-01,1.786560821533203125e+02
8.307161182165145874e+01,1.896326656932453003e-01,1.896786089332571645e-01,1.785035247802734375e+02
8.349762856960296631e+01,1.890669802511850406e-01,1.891123779255544368e-01,1.783515167236328125e+02
8.392363786697387695e+01,1.885045847352717074e-01,1.885495525700440211e-01,1.782001190185546875e+02
8.434965461492538452e+01,1.879456279361350901e-01,1.879899675438039541e-01,1.780492706298828125e+02
8.477567136287689209e+01,1.873899775954376290e-01,1.874336393791264654e-01,1.778989868164062500e+02
8.520168066024780273e+01,1.868375510517182869e-01,1.868805184791349216e-01,1.777491912841796875e+02
8.562769740819931030e+01,1.862883483049771471e-01,1.863306709729981303e-01,1.776000518798828125e+02
8.605370670557022095e+01,1.857421709677078148e-01,1.857838654086253483e-01,1.774513854980468750e+02
8.647972345352172852e+01,1.851991182336634456e-01,1.852402009797697591e-01,1.773032073974609375e+02
8.690574020147323608e+01,1.846588098601235906e-01,1.846998264770611242e-01,1.771557006835937500e+02
8.733174949884414673e+01,1.841216756866852766e-01,1.841624277869476911e-01,1.770086822509765625e+02
8.775776624679565430e+01,1.835875173258422199e-01,1.836281041031826711e-01,1.768621826171875000e+02
8.818377554416656494e+01,1.830564009067631726e-01,1.830969380872270180e-01,1.767162780761718750e+02
8.860979229211807251e+01,1.825280123158963819e-01,1.825688140130353743e-01,1.765708618164062500e+02
8.903580904006958008e+01,1.820027648605468118e-01,1.820437649451921436e-01,1.764259948730468750e+02
8.946181833744049072e+01,1.814804436209158656e-01,1.815216916899441424e-01,1.762817077636718750e+02
8.988783508539199829e+01,1.809608171449128278e-01,1.810025611827069669e-01,1.761378936767578125e+02
9.031384438276290894e+01,1.804441334169206157e-01,1.804863238266040393e-01,1.759946289062500000e+02
9.073986113071441650e+01,1.799302105817250641e-01,1.799727647018367904e-01,1.758517608642578125e+02
9.116587787866592407e+01,1.794186353320213201e-01,1.794620325990350374e-01,1.757093811035156250e+02
9.159188717603683472e+01,1.789103334761723285e-01,1.789541275181987523e-01,1.755675659179687500e+02
9.201790392398834229e+01,1.784062308225410620e-01,1.784488510718215681e-01,1.754261779785156250e+02
9.244391322135925293e+01,1.779111878650330159e-01,1.779463189859488703e-01,1.752852630615234375e+02
9.286992996931076050e+01,1.774352231727188145e-01,1.774465973897494386e-01,1.751448364257812500e+02
9.329594671726226807e+01,1.770189400552310832e-01,1.769498020092686585e-01,1.750049591064453125e+02
9.372195601463317871e+01,1.766747377317166023e-01,1.764558336507533465e-01,1.748656768798828125e+02
9.414797276258468628e+01,1.765936633707888836e-01,1.759643286037751719e-01,1.747267608642578125e+02
9.457398951053619385e+01,1.767130430527340534e-01,1.754757167079312730e-01,1.745882873535156250e+02
9.499999880790710449e+01,1.780451324964025805e-01,1.749895515913323096e-01,1.744505157470703125e+02
