step,nonfinite,theta_r_w40_50,delta_loc_w40_50,theta_r_w65_75,delta_loc_w65_75,theta_r_w84_94,delta_loc_w84_94,Q_w,exit_M_line,eta0.0_mean_pct,eta0.1_mean_pct
180000,0,0.0880687534368,0.203284940804,0.118219399616,0.398011235799,0.128778674492,0.54770470254,9732397.53153,6.02674062924,0.383029376315,0.383688782227
182500,0,0.0880850384271,0.203882510954,0.118458414806,0.396985120952,0.129108864766,0.54814548506,9731234.22802,6.026673121,0.386197979756,0.385203085562
185000,0,0.0880684737838,0.203734085102,0.118507169503,0.397241222668,0.129042949734,0.547548128597,9689436.58402,6.026589525,0.384612951329,0.38211106776
187500,0,0.0878904010643,0.204062400944,0.118399326165,0.397636861227,0.129110950707,0.548100819865,9674078.66294,6.02705607039,0.37971878696,0.380147465807
190000,0,0.0884926247004,0.202991785783,0.118376140793,0.397110178785,0.1289631599,0.548082540769,9687440.83563,6.02639594873,0.39153013642,0.38945171405
192500,0,0.0879797278991,0.203904784204,0.118463283884,0.398332612528,0.128897537098,0.548319552389,9694988.56201,6.02567849614,0.386139275235,0.381643407335
195000,0,0.0879839887673,0.203832989201,0.118285185319,0.397719917585,0.128905966719,0.548079085448,9711468.64924,6.02594401849,0.380564931178,0.382180654052
197500,0,0.0878998855505,0.203345175176,0.118272813211,0.398390788866,0.12861627258,0.546980279287,9717813.87649,6.02641528692,0.382158197081,0.382238533878
200000,0,0.0882577531852,0.20351588447,0.118150796654,0.396425695238,0.129063461174,0.548222388244,9680105.24904,6.0268068274,0.382135409791,0.38767609527
