step,theta_r_w40_50,delta_loc_w40_50,theta_r_w65_75,delta_loc_w65_75,theta_r_w84_94,delta_loc_w84_94,Q_w,theta_r_w40_50_lin,delta_loc_w40_50_lin,theta_r_w65_75_lin,delta_loc_w65_75_lin,theta_r_w84_94_lin,delta_loc_w84_94_lin,exit_M_line,eta0.0_mean_pct,eta0.1_mean_pct
125000,0.0854178499,0.2074892965,0.1150192704,0.4007607157,0.1255688967,0.550260515,9283734.156,0.08551253814,0.207722416,0.1151473002,0.4011557496,0.1257158333,0.5507089848,6.027151296,0.5812653083,0.3869604274
127500,0.08538195132,0.2076295558,0.1150132076,0.4009529761,0.1256148144,0.5505681871,9292966.5,0.08547665566,0.207862893,0.1151412405,0.4013478047,0.1257624546,0.5510174832,6.027011175,0.5784311565,0.3837035239
130000,0.08538893386,0.2076715427,0.1149941958,0.4009960821,0.1255712255,0.5505379778,9296180.531,0.08548366843,0.2079050865,0.1151222145,0.4013909961,0.1257186627,0.5509873558,6.02692304,0.5799442726,0.3846927119
132500,0.08542233901,0.207538927,0.1150227115,0.400865827,0.1256194704,0.5505747145,9282858.974,0.08551705023,0.2077722798,0.1151507342,0.4012607682,0.125766991,0.5510239996,6.027032652,0.5790757348,0.3857489078
135000,0.08542694101,0.2073840992,0.1151492028,0.4009717766,0.1256632407,0.5505430984,9281344.797,0.08552163518,0.2076169584,0.1152773374,0.4013666244,0.1258104066,0.5509917622,6.027317389,0.5799584528,0.3865236192
137500,0.08539687205,0.207664607,0.1150450501,0.4009701605,0.1255658079,0.5503006114,9291660.987,0.08549164909,0.2078976977,0.1151731339,0.4013650253,0.1257131568,0.5507500029,6.027044618,0.5793692835,0.3831157263
140000,0.08537184877,0.2076830729,0.1150277683,0.4010863102,0.1256076736,0.5506718876,9291160.954,0.08546661207,0.2079162716,0.1151558321,0.4014812816,0.1257550692,0.5511211581,6.026936052,0.5782087418,0.3833698935
142500,0.08542674934,0.2076335727,0.1150119546,0.4010174956,0.1255609567,0.5505272791,9292995.215,0.08552143292,0.2078669328,0.1151400549,0.4014126436,0.1257079685,0.5509760455,6.026961257,0.5802096653,0.3867338575
145000,0.08542774633,0.2076909463,0.1149896994,0.4009617935,0.1255504457,0.5504400012,9276396.691,0.08552241389,0.207924482,0.1151177897,0.4013568835,0.1256979518,0.5508895867,6.026971282,0.5796229709,0.3846563104
