step,onset_c_g1e4_mm,onset_c_g1e3_mm,g_exit_mw,g_exit_c,pw_mean_x10,pw21,pw42,pw52,dev_pct,Tw_mean_x10_K,T_cond0_vmean_K,g_cond0_vmean,gmax,nonfinite,nonfinite_cons,min_rv,min_rg,min_rQ2,min_rQ1,min_rQ0,neg_rv,neg_rg,neg_rQ
0,17.3422542,23.2328538,0.0100568867,0.0108585977,0.311679258,0.345421843,0.333632053,0.299984724,2.47225464,283.186191,222.390142,0.00778104457,0.0108586354,0,0,1.83428638e-05,0,0,0,0,0,0,0
400,17.3409012,23.2313859,0.0101202724,0.0108553842,0.312887216,0.345430035,0.335153464,0.301768744,2.91295921,283.531238,223.536652,0.00780416788,0.0108614452,0,0,1.90816354e-05,0,0,0,0,0,0,0
800,17.3395388,23.230114,0.0102226008,0.0108545572,0.313194537,0.345431143,0.335700071,0.302149522,3.02059573,283.676652,223.596629,0.00787281127,0.0108597232,0,0,1.92767475e-05,0,0,0,0,0,0,0
1200,17.3385294,23.2289948,0.0102837216,0.0108549721,0.313134866,0.345428539,0.335851208,0.302020677,2.99345632,283.708517,223.509803,0.00790507559,0.0108601628,0,0,1.91824511e-05,0,0,0,0,0,0,0
1600,17.3379407,23.2283487,0.0103248953,0.0108556156,0.313032805,0.345426044,0.335913296,0.301869091,2.95142989,283.6258,223.432453,0.00792279282,0.0108626224,0,0,1.90350693e-05,0,0,0,0,0,0,0
2000,17.3375467,23.2279148,0.0103525033,0.010856152,0.312966878,0.345424823,0.335970842,0.301783204,2.92382598,283.465826,223.380274,0.00793265209,0.0108644916,0,0,1.89098064e-05,0,0,0,0,0,0,0
2400,17.3372132,23.2275085,0.0103703028,0.010856512,0.312936527,0.34542396,0.3360279,0.301751995,2.91036105,283.270006,223.347654,0.00793782185,0.0108651565,0,0,1.8826453e-05,0,0,0,0,0,0,0
2800,17.3369878,23.2272731,0.0103814228,0.0108567295,0.312926045,0.345422628,0.336076106,0.301748536,2.90501907,283.064158,223.326578,0.00794029523,0.0108649805,0,0,1.87756959e-05,0,0,0,0,0,0,0
3200,17.3368049,23.2270453,0.0103882127,0.0108568436,0.3129241,0.345421595,0.336113217,0.301755254,2.90335534,282.862076,223.311635,0.0079412749,0.0108643416,0,0,1.87456608e-05,0,0,0,0,0,0,0
3600,17.3366627,23.2268959,0.0103922427,0.0108569283,0.312925607,0.345420716,0.336140815,0.301764801,2.90328827,282.67072,223.300143,0.00794142948,0.0108634932,0,0,1.87265687e-05,0,0,0,0,0,0,0
4000,17.3365646,23.2267316,0.0103944895,0.0108569828,0.312928893,0.345420071,0.336161306,0.301775552,2.90408447,282.493305,223.291043,0.00794112618,0.0108625861,0,0,1.87139958e-05,0,0,0,0,0,0,0
4400,17.3365194,23.2267118,0.0103955551,0.0108570182,0.312933087,0.345419703,0.336176166,0.301786601,2.9053724,282.330928,223.283915,0.0079405671,0.0108616846,0,0,1.87065452e-05,0,0,0,0,0,0,0
4800,17.3365319,23.2267026,0.0103958479,0.0108570182,0.312938088,0.345419264,0.336187241,0.301797168,2.90707514,282.183137,223.278428,0.00793988557,0.0108615616,0,0,1.87023543e-05,0,0,0,0,0,0,0
5200,17.336452,23.2265886,0.0103956478,0.0108570224,0.312943442,0.345419122,0.33619542,0.301807095,2.90898405,282.049203,223.274239,0.00793915879,0.0108614368,0,0,1.87004916e-05,0,0,0,0,0,0,0
5600,17.3363809,23.2265796,0.010395156,0.0108570186,0.312948856,0.345418989,0.336201336,0.301815644,2.91098174,281.927558,223.271054,0.00793843775,0.0108613167,0,0,1.87035184e-05,0,0,0,0,0,0,0
6000,17.3364139,23.2265695,0.0103944893,0.0108570084,0.312953947,0.345418947,0.336205688,0.301822735,2.91289649,281.817371,223.268581,0.00793774931,0.010861204,0,0,1.87063124e-05,0,0,0,0,0,0,0
6400,17.3364276,23.2265532,0.0103937375,0.0108569865,0.312958206,0.345418923,0.336208677,0.301828951,2.91451495,281.716803,223.266623,0.00793710602,0.0108610932,0,0,1.87105034e-05,0,0,0,0,0,0,0
6800,17.3364108,23.2265356,0.0103929511,0.0108569684,0.312962649,0.345418937,0.336210732,0.301833843,2.91623043,281.625361,223.265014,0.00793651236,0.0108609991,0,0,1.87153928e-05,0,0,0,0,0,0,0
7200,17.3363528,23.2264873,0.0103921585,0.0108569399,0.312966181,0.34541897,0.336212209,0.301837257,2.91759778,281.5424,223.263664,0.00793597058,0.0108609153,0,0,1.87202822e-05,0,0,0,0,0,0,0
7600,17.3364874,23.2266554,0.010391387,0.0108569232,0.312969428,0.345419065,0.336213153,0.301840534,2.91887119,281.46716,223.262505,0.00793547957,0.0108608417,0,0,1.87251717e-05,0,0,0,0,0,0,0
8000,17.3364832,23.2266015,0.0103906402,0.0108569032,0.312972091,0.345419307,0.336213715,0.301843142,2.91991042,281.399075,223.261482,0.00793503619,0.0108607607,0,0,1.87298283e-05,0,0,0,0,0,0,0
8400,17.3365297,23.2266455,0.0103899432,0.0108568831,0.312974326,0.345419472,0.336214363,0.301844903,2.92079579,281.335644,223.260583,0.00793463521,0.0108607076,0,0,1.87347177e-05,0,0,0,0,0,0,0
8800,17.3364329,23.2265851,0.0103892827,0.0108568608,0.312976576,0.345419565,0.336214621,0.301846523,2.92168773,281.279066,223.259795,0.007934274,0.0108606471,0,0,1.87389087e-05,0,0,0,0,0,0,0
9200,17.3365934,23.2268894,0.0103886754,0.0108568529,0.312978244,0.345419697,0.33621453,0.301847761,2.92235441,281.227689,223.259086,0.00793394637,0.0108605921,0,0,1.87421683e-05,0,0,0,0,0,0,0
9600,17.33656,23.2267636,0.0103881071,0.0108568375,0.312979778,0.345419687,0.336214694,0.301848489,2.92297873,281.180438,223.258456,0.0079336544,0.0108605521,0,0,1.87463593e-05,0,0,0,0,0,0,0
10000,17.3365336,23.226777,0.010387583,0.0108568212,0.312981238,0.345419724,0.33621497,0.301849797,2.92356112,281.13788,223.257884,0.00793338902,0.0108605064,0,0,1.87496189e-05,0,0,0,0,0,0,0
10400,17.3364689,23.226766,0.0103871045,0.0108568133,0.312982504,0.345419856,0.33621525,0.301850472,2.92406993,281.098922,223.257362,0.0079331503,0.0108604683,0,0,1.87526457e-05,0,0,0,0,0,0,0
10800,17.3364965,23.2268234,0.0103866669,0.0108567937,0.312983609,0.345420094,0.336215217,0.301851037,2.92451952,281.063894,223.256886,0.00793293691,0.0108604366,0,0,1.87554397e-05,0,0,0,0,0,0,0
11200,17.3364627,23.2267923,0.0103862721,0.0108567858,0.312983896,0.345420303,0.336214802,0.301852012,2.92464294,281.031714,223.25647,0.00793274508,0.0108604115,0,0,1.87582336e-05,0,0,0,0,0,0,0
11600,17.3365079,23.226904,0.0103859111,0.0108567821,0.312984972,0.345420475,0.3362147,0.301851921,2.92509074,281.002195,223.256107,0.00793257328,0.0108603835,0,0,1.87605619e-05,0,0,0,0,0,0,0
12000,17.3364547,23.2268187,0.0103855829,0.0108567709,0.312986008,0.345420743,0.336214698,0.301852655,2.92550989,280.976187,223.255792,0.00793241895,0.0108603612,0,0,1.87626574e-05,0,0,0,0,0,0,0
12400,17.3364396,23.2268085,0.010385287,0.0108567593,0.31298655,0.345421,0.336214555,0.301853218,2.92572945,280.952744,223.255518,0.00793228131,0.010860336,0,0,1.87652186e-05,0,0,0,0,0,0,0
12800,17.3364646,23.2267658,0.0103850146,0.0108567569,0.312987137,0.345421284,0.336214495,0.30185305,2.92597803,280.931522,223.255281,0.00793216037,0.0108603202,0,0,1.87666155e-05,0,0,0,0,0,0,0
13200,17.336397,23.2267388,0.010384771,0.0108567523,0.312987679,0.345421588,0.336214276,0.301853647,2.92618774,280.911978,223.255064,0.00793205108,0.0108602969,0,0,1.87682454e-05,0,0,0,0,0,0,0
13600,17.3362931,23.2267703,0.0103845474,0.0108567374,0.312988051,0.34542178,0.336214097,0.301853504,2.92634305,280.894203,223.254876,0.00793195417,0.0108602839,0,0,1.87698752e-05,0,0,0,0,0,0,0
14000,17.3364018,23.226767,0.0103843489,0.0108567388,0.312988743,0.345421889,0.336213865,0.301854075,2.9266216,280.878369,223.254712,0.00793186908,0.0108602718,0,0,1.8771505e-05,0,0,0,0,0,0,0
14400,17.3363963,23.2267245,0.0103841657,0.0108567309,0.312988914,0.34542179,0.336213814,0.301854279,2.92668962,280.864851,223.254561,0.00793179547,0.0108602652,0,0,1.87724363e-05,0,0,0,0,0,0,0
14800,17.3363508,23.2267182,0.0103840022,0.0108567174,0.312989138,0.345421856,0.336213762,0.301854211,2.92678597,280.851672,223.254436,0.00793172828,0.0108602503,0,0,1.87736005e-05,0,0,0,0,0,0,0
15200,17.3363502,23.226749,0.0103838571,0.0108567239,0.312989647,0.345421668,0.336213596,0.301854463,2.92699928,280.839894,223.254334,0.00793167001,0.0108602392,0,0,1.87747646e-05,0,0,0,0,0,0,0
15600,17.3363578,23.2266973,0.0103837253,0.0108567197,0.312989748,0.345421823,0.336213607,0.301854024,2.9270403,280.829755,223.254251,0.00793161771,0.0108602336,0,0,1.87756959e-05,0,0,0,0,0,0,0
16000,17.3363394,23.226694,0.0103836087,0.0108567122,0.312990263,0.34542172,0.336213563,0.301854703,2.92724482,280.820158,223.254175,0.00793157054,0.010860228,0,0,1.87768601e-05,0,0,0,0,0,0,0
16400,17.3363094,23.2266621,0.0103835032,0.0108567094,0.312990404,0.345421641,0.336213188,0.301854411,2.92730863,280.81229,223.254105,0.00793152881,0.0108602215,0,0,1.87773257e-05,0,0,0,0,0,0,0
16800,17.3363297,23.2267182,0.0103834061,0.0108567141,0.312990277,0.345421499,0.336212928,0.301854641,2.92726279,280.804236,223.254037,0.0079314917,0.0108602159,0,0,1.87782571e-05,0,0,0,0,0,0,0
17200,17.3363107,23.2266122,0.0103833178,0.0108567015,0.312990385,0.345421324,0.336212991,0.301854543,2.92731998,280.797036,223.253968,0.00793146238,0.0108602112,0,0,1.87784899e-05,0,0,0,0,0,0,0
17600,17.3363228,23.2266564,0.010383244,0.010856708,0.312990453,0.345421337,0.336213066,0.301854246,2.92735453,280.791153,223.253919,0.00793143205,0.010860201,0,0,1.87791884e-05,0,0,0,0,0,0,0
18000,17.3361707,23.2265847,0.0103831739,0.0108566978,0.312990701,0.345421224,0.336212863,0.301854554,2.92744643,280.786161,223.253878,0.00793140778,0.0108601945,0,0,1.87801197e-05,0,0,0,0,0,0,0
18400,17.3363337,23.2266423,0.0103831146,0.0108566992,0.312990778,0.345421218,0.336212531,0.301854255,2.92749088,280.780693,223.25384,0.00793138579,0.0108601889,0,0,1.87798869e-05,0,0,0,0,0,0,0
18800,17.3362283,23.2265265,0.01038306,0.0108567039,0.312991008,0.345420946,0.336212502,0.301854421,2.92758418,280.776331,223.253822,0.0079313686,0.0108601907,0,0,1.87808182e-05,0,0,0,0,0,0,0
19200,17.3362073,23.2264592,0.0103830124,0.0108566955,0.312990793,0.34542096,0.336212214,0.30185386,2.92750987,280.772423,223.253795,0.00793135253,0.0108601861,0,0,1.87815167e-05,0,0,0,0,0,0,0
19600,17.3361398,23.2264498,0.0103829689,0.0108566973,0.312990809,0.345420884,0.336212194,0.301854163,2.92752657,280.7689,223.253761,0.00793133764,0.0108601879,0,0,1.87815167e-05,0,0,0,0,0,0,0
20000,17.3361253,23.2265188,0.0103829341,0.0108566973,0.312990821,0.345420583,0.336211895,0.30185381,2.92753784,280.765705,223.253742,0.00793132345,0.0108601823,0,0,1.87817495e-05,0,0,0,0,0,0,0
20400,17.336151,23.2264522,0.010382896,0.0108566936,0.312990795,0.345420629,0.336212045,0.301853878,2.9275249,280.762672,223.253713,0.00793131532,0.0108601861,0,0,1.87819824e-05,0,0,0,0,0,0,0
20800,17.3360845,23.2264577,0.0103828641,0.0108566973,0.312990738,0.345420524,0.336211949,0.301853659,2.92751493,280.760116,223.253689,0.00793130606,0.0108601796,0,0,1.87817495e-05,0,0,0,0,0,0,0
21200,17.3361621,23.2264298,0.0103828366,0.0108566917,0.312990883,0.345420318,0.336211936,0.30185372,2.92757246,280.758344,223.253666,0.00793129806,0.0108601805,0,0,1.87819824e-05,0,0,0,0,0,0,0
21600,17.3361479,23.2264525,0.0103828147,0.0108566857,0.312990755,0.345420308,0.336211718,0.301853814,2.92752371,280.756332,223.25367,0.00793129163,0.0108601758,0,0,1.8782448e-05,0,0,0,0,0,0,0
22000,17.3361197,23.2263951,0.0103827976,0.0108566964,0.312990977,0.345420292,0.336211611,0.301853369,2.92762085,280.75408,223.253662,0.00793128563,0.0108601693,0,0,1.87826809e-05,0,0,0,0,0,0,0
22400,17.3361345,23.2263729,0.0103827756,0.010856689,0.312990957,0.345420176,0.336211441,0.301853727,2.92761133,280.752667,223.253638,0.0079312806,0.010860174,0,0,1.87831465e-05,0,0,0,0,0,0,0
22800,17.3361376,23.2264284,0.0103827606,0.0108566941,0.312990577,0.345420038,0.336211237,0.301853203,2.92746911,280.751429,223.253624,0.007931275,0.0108601768,0,0,1.87833793e-05,0,0,0,0,0,0,0
23200,17.3361483,23.2264681,0.0103827444,0.0108566848,0.312990681,0.345420057,0.336211213,0.301853555,2.92751811,280.750361,223.253615,0.00793127007,0.0108601702,0,0,1.87833793e-05,0,0,0,0,0,0,0
23600,17.3360677,23.2263296,0.0103827287,0.0108566838,0.312990544,0.345419968,0.33621122,0.301852963,2.92746944,280.748658,223.253599,0.00793126774,0.0108601712,0,0,1.87831465e-05,0,0,0,0,0,0,0
24000,17.3361256,23.2264354,0.0103827201,0.010856689,0.312990574,0.345419892,0.336211005,0.301853432,2.92747639,280.747757,223.25358,0.00793126632,0.0108601712,0,0,1.87833793e-05,0,0,0,0,0,0,0
24400,17.3361177,23.2263564,0.0103827091,0.0108566754,0.312990626,0.345419773,0.33621099,0.301853268,2.92750505,280.746688,223.253566,0.00793126448,0.0108601702,0,0,1.87836122e-05,0,0,0,0,0,0,0
24800,17.336064,23.2263191,0.0103827035,0.0108566843,0.312990744,0.345419643,0.336211028,0.301853145,2.92755188,280.746197,223.253552,0.00793126227,0.0108601721,0,0,1.87833793e-05,0,0,0,0,0,0,0
25200,17.3360386,23.2263372,0.0103826973,0.0108566787,0.312990663,0.34541976,0.336211097,0.301853169,2.9275154,280.745452,223.253543,0.00793126125,0.0108601693,0,0,1.87829137e-05,0,0,0,0,0,0,0
25600,17.3361312,23.2263297,0.0103826929,0.0108566899,0.31299077,0.345419643,0.336210858,0.301853017,2.92756457,280.744825,223.25356,0.0079312595,0.0108601712,0,0,1.87836122e-05,0,0,0,0,0,0,0
26000,17.3359705,23.2262358,0.0103826905,0.0108566843,0.31299063,0.345419661,0.336210771,0.301853132,2.92750705,280.744788,223.253534,0.00793125753,0.0108601702,0,0,1.8783845e-05,0,0,0,0,0,0,0
26400,17.3360793,23.2262844,0.0103826853,0.010856689,0.312990477,0.345419587,0.336210872,0.301852699,2.92745958,280.74444,223.253538,0.00793125765,0.0108601693,0,0,1.8783845e-05,0,0,0,0,0,0,0
26800,17.3359919,23.2263303,0.0103826794,0.0108566848,0.312990589,0.345419534,0.336210648,0.30185309,2.92749945,280.743792,223.253531,0.00793125466,0.0108601721,0,0,1.87836122e-05,0,0,0,0,0,0,0
27200,17.3360424,23.2262327,0.010382677,0.0108566796,0.312990298,0.345419538,0.336210449,0.301852672,2.92739395,280.742744,223.253531,0.00793125463,0.0108601693,0,0,1.87833793e-05,0,0,0,0,0,0,0
27600,17.3360793,23.2262906,0.0103826754,0.0108566838,0.312990774,0.345419495,0.336210401,0.301853035,2.92758266,280.742336,223.253526,0.00793125217,0.0108601702,0,0,1.8783845e-05,0,0,0,0,0,0,0
28000,17.3360472,23.2262765,0.0103826675,0.010856681,0.312990431,0.345419392,0.336210222,0.301852474,2.92744873,280.742077,223.253529,0.00793125213,0.0108601693,0,0,1.87840778e-05,0,0,0,0,0,0,0
28400,17.3361501,23.226351,0.0103826645,0.010856688,0.312990308,0.345419336,0.336210469,0.301852638,2.92739963,280.742107,223.253526,0.00793125147,0.0108601702,0,0,1.87840778e-05,0,0,0,0,0,0,0
28800,17.3359962,23.2262656,0.010382665,0.0108566852,0.312990632,0.345419266,0.336210252,0.301852847,2.92753287,280.742241,223.253535,0.0079312526,0.0108601693,0,0,1.8783845e-05,0,0,0,0,0,0,0
29200,17.3360766,23.2263418,0.0103826561,0.0108566824,0.31299038,0.345419293,0.336210191,0.301852552,2.92743221,280.742041,223.253548,0.00793124908,0.0108601684,0,0,1.87836122e-05,0,0,0,0,0,0,0
29600,17.3360203,23.2262982,0.0103826589,0.010856688,0.312990286,0.345419198,0.336210177,0.301852471,2.92740269,280.742341,223.253531,0.00793124948,0.0108601693,0,0,1.87840778e-05,0,0,0,0,0,0,0
30000,17.3360439,23.2262681,0.0103826541,0.0108566829,0.312990162,0.345419128,0.336209962,0.301852211,2.92735701,280.742397,223.253528,0.00793125106,0.0108601721,0,0,1.87843107e-05,0,0,0,0,0,0,0
30400,17.3361141,23.2263921,0.0103826555,0.0108566885,0.312990384,0.345419128,0.336210168,0.301852395,2.92743942,280.741744,223.253551,0.00793124842,0.0108601684,0,0,1.87843107e-05,0,0,0,0,0,0,0
30800,17.3359983,23.2261983,0.0103826526,0.0108566876,0.312990356,0.345419072,0.336210263,0.301852486,2.92742876,280.741667,223.253549,0.00793125116,0.0108601721,0,0,1.87840778e-05,0,0,0,0,0,0,0
31200,17.3359229,23.2261481,0.0103826478,0.0108566834,0.312990092,0.345419114,0.3362098,0.301852296,2.92733074,280.741045,223.253546,0.00793124741,0.0108601665,0,0,1.87845435e-05,0,0,0,0,0,0,0
31600,17.3360877,23.2263111,0.0103826458,0.0108566782,0.312990313,0.345419038,0.336209911,0.301852431,2.92741863,280.741273,223.253536,0.0079312463,0.0108601646,0,0,1.8783845e-05,0,0,0,0,0,0,0
32000,17.336074,23.2264219,0.0103826469,0.0108566806,0.312990205,0.345419038,0.33620992,0.301852011,2.92737825,280.741946,223.253525,0.00793124764,0.0108601674,0,0,1.87843107e-05,0,0,0,0,0,0,0
32400,17.3359413,23.2262707,0.0103826432,0.0108566745,0.312990286,0.345419038,0.336209767,0.301852225,2.927416,280.741561,223.25353,0.00793124651,0.0108601637,0,0,1.8783845e-05,0,0,0,0,0,0,0
32800,17.3360271,23.2261923,0.0103826471,0.010856688,0.31299,0.345419048,0.336209892,0.301852419,2.92728916,280.741185,223.253532,0.00793124938,0.0108601684,0,0,1.87840778e-05,0,0,0,0,0,0,0
33200,17.3360152,23.226262,0.0103826446,0.0108566824,0.312990209,0.345419124,0.336210065,0.301852097,2.92737151,280.740609,223.253526,0.00793124947,0.0108601674,0,0,1.8783845e-05,0,0,0,0,0,0,0
33600,17.3360639,23.2262872,0.0103826456,0.0108566838,0.312990345,0.345419095,0.3362098,0.301852386,2.92743672,280.7412,223.253535,0.00793125059,0.0108601684,0,0,1.87840778e-05,0,0,0,0,0,0,0
34000,17.336025,23.2262954,0.010382645,0.0108566848,0.312989839,0.345419005,0.336209898,0.301852155,2.92723152,280.741089,223.253543,0.00793124926,0.0108601684,0,0,1.87840778e-05,0,0,0,0,0,0,0
34400,17.3360686,23.2263281,0.0103826481,0.0108566871,0.31299037,0.345418992,0.336209901,0.301852138,2.92744082,280.740647,223.253538,0.00793124826,0.0108601693,0,0,1.87847763e-05,0,0,0,0,0,0,0
34800,17.3359478,23.2261698,0.010382645,0.0108566782,0.312990359,0.345419029,0.336209773,0.301852066,2.92744104,280.740933,223.253552,0.00793124883,0.0108601656,0,0,1.87840778e-05,0,0,0,0,0,0,0
35200,17.3360283,23.2262573,0.0103826446,0.0108566801,0.312990034,0.345419009,0.336209853,0.30185207,2.92730991,280.740923,223.253554,0.00793124715,0.0108601684,0,0,1.87845435e-05,0,0,0,0,0,0,0
35600,17.335988,23.2262859,0.0103826425,0.010856688,0.312990227,0.345419032,0.336209821,0.301852,2.92739486,280.741335,223.25354,0.00793124701,0.0108601674,0,0,1.87843107e-05,0,0,0,0,0,0,0
36000,17.3359629,23.226162,0.0103826415,0.0108566713,0.312989664,0.345418989,0.33620959,0.301852237,2.92716642,280.741217,223.253542,0.00793124587,0.0108601684,0,0,1.87843107e-05,0,0,0,0,0,0,0
36400,17.3359721,23.226242,0.0103826367,0.0108566815,0.31298996,0.345418827,0.336209555,0.301851996,2.92728938,280.741272,223.253534,0.00793124686,0.0108601646,0,0,1.87843107e-05,0,0,0,0,0,0,0
36800,17.3359317,23.2261802,0.0103826383,0.010856682,0.312990279,0.34541884,0.33620953,0.301852025,2.92742379,280.741413,223.253529,0.00793124672,0.0108601646,0,0,1.87840778e-05,0,0,0,0,0,0,0
37200,17.3359776,23.2262719,0.0103826384,0.010856688,0.312989919,0.345418807,0.336209364,0.301852018,2.92727306,280.741717,223.253536,0.00793124639,0.0108601665,0,0,1.87840778e-05,0,0,0,0,0,0,0
37600,17.3360628,23.2263566,0.0103826368,0.0108566778,0.312989966,0.34541883,0.33620948,0.301851795,2.92729309,280.741033,223.253536,0.0079312464,0.0108601684,0,0,1.8783845e-05,0,0,0,0,0,0,0
38000,17.3359935,23.2262065,0.0103826402,0.0108566796,0.312989953,0.345418817,0.336209489,0.30185182,2.92729142,280.74121,223.253535,0.00793124819,0.0108601646,0,0,1.87843107e-05,0,0,0,0,0,0,0
38400,17.3360433,23.226258,0.0103826391,0.0108566848,0.312989885,0.34541883,0.336209393,0.301851779,2.92726588,280.74099,223.25353,0.0079312473,0.0108601619,0,0,1.87845435e-05,0,0,0,0,0,0,0
38800,17.3360186,23.2262757,0.0103826373,0.0108566838,0.312990117,0.34541884,0.336209561,0.301851863,2.92735787,280.741304,223.253534,0.00793124741,0.0108601674,0,0,1.87840778e-05,0,0,0,0,0,0,0
39200,17.3360403,23.2262169,0.01038264,0.0108566834,0.31298988,0.345418953,0.336209567,0.301851482,2.92726938,280.741773,223.253539,0.0079312483,0.0108601637,0,0,1.87843107e-05,0,0,0,0,0,0,0
39600,17.3359858,23.2262583,0.010382638,0.0108566857,0.312989976,0.345419009,0.336209588,0.301852014,2.92729719,280.741069,223.253538,0.00793124854,0.0108601628,0,0,1.87847763e-05,0,0,0,0,0,0,0
40000,17.3359799,23.226197,0.0103826376,0.0108566843,0.312990115,0.34541892,0.336209537,0.301851515,2.92735781,280.741348,223.253536,0.00793124843,0.0108601656,0,0,1.87840778e-05,0,0,0,0,0,0,0
40400,17.3359578,23.2262048,0.0103826357,0.0108566671,0.312989941,0.345418873,0.336209548,0.301851987,2.92728531,280.741621,223.253527,0.00793124579,0.0108601637,0,0,1.87845435e-05,0,0,0,0,0,0,0
40800,17.3360041,23.2262345,0.010382639,0.0108566876,0.312989703,0.345418877,0.336209608,0.301851886,2.92719399,280.741449,223.253535,0.00793124799,0.0108601684,0,0,1.8783845e-05,0,0,0,0,0,0,0
41200,17.3360063,23.2262368,0.0103826365,0.0108566699,0.31298994,0.34541891,0.33620936,0.301851798,2.92729003,280.741443,223.253529,0.00793124697,0.0108601609,0,0,1.87847763e-05,0,0,0,0,0,0,0
41600,17.3359909,23.2261661,0.0103826392,0.0108566852,0.312990023,0.345418807,0.336209481,0.30185182,2.92732008,280.741404,223.253533,0.00793124959,0.0108601665,0,0,1.87845435e-05,0,0,0,0,0,0,0
42000,17.3359769,23.2261553,0.0103826368,0.0108566731,0.312990009,0.34541882,0.336209603,0.301851736,2.92731494,280.741593,223.253541,0.00793124661,0.0108601646,0,0,1.87836122e-05,0,0,0,0,0,0,0
42400,17.3359946,23.2262017,0.0103826398,0.0108566824,0.312989954,0.345418754,0.336209472,0.301851935,2.92729449,280.74205,223.253555,0.00793124874,0.0108601684,0,0,1.87845435e-05,0,0,0,0,0,0,0
42800,17.336035,23.2262479,0.0103826363,0.0108566792,0.312989883,0.345418787,0.336209516,0.301851579,2.92726899,280.741598,223.253546,0.00793124651,0.0108601619,0,0,1.87840778e-05,0,0,0,0,0,0,0
43200,17.3360007,23.2262053,0.0103826344,0.0108566778,0.312989891,0.345418778,0.336209388,0.301851962,2.92727493,280.741933,223.253539,0.00793124583,0.0108601619,0,0,1.87843107e-05,0,0,0,0,0,0,0
43600,17.3359911,23.2262727,0.0103826357,0.0108566829,0.312989843,0.345418735,0.336209251,0.30185182,2.92725461,280.74231,223.253546,0.00793124634,0.0108601619,0,0,1.87843107e-05,0,0,0,0,0,0,0
44000,17.3360385,23.2262821,0.0103826359,0.0108566796,0.312990073,0.345418678,0.336209403,0.301851767,2.92734625,280.742166,223.253545,0.00793124629,0.0108601637,0,0,1.87840778e-05,0,0,0,0,0,0,0
44400,17.3359656,23.2261041,0.0103826337,0.0108566815,0.312989814,0.345418721,0.336209173,0.301851818,2.92724205,280.741908,223.253548,0.00793124751,0.0108601693,0,0,1.87840778e-05,0,0,0,0,0,0,0
44800,17.3361171,23.2263269,0.0103826313,0.0108566745,0.312989696,0.345418642,0.33620927,0.301851603,2.92719735,280.741558,223.253534,0.0079312468,0.0108601637,0,0,1.87836122e-05,0,0,0,0,0,0,0
45200,17.3359425,23.2261748,0.0103826337,0.010856688,0.312989915,0.345418665,0.33620917,0.301851859,2.92728941,280.741746,223.253547,0.00793124736,0.0108601674,0,0,1.87840778e-05,0,0,0,0,0,0,0
45600,17.3359799,23.2262162,0.0103826341,0.0108566815,0.312989798,0.345418665,0.336209106,0.301851708,2.92724706,280.742358,223.253534,0.00793124833,0.0108601628,0,0,1.87847763e-05,0,0,0,0,0,0,0
46000,17.3359854,23.2261425,0.0103826331,0.0108566782,0.312989812,0.345418655,0.336209283,0.301851434,2.92724722,280.741827,223.253535,0.00793124846,0.0108601665,0,0,1.87845435e-05,0,0,0,0,0,0,0
46400,17.3359929,23.2262308,0.0103826342,0.0108566782,0.312990039,0.345418618,0.336209002,0.301851697,2.92733481,280.742397,223.253547,0.00793124823,0.0108601646,0,0,1.87843107e-05,0,0,0,0,0,0,0
46800,17.335996,23.2262316,0.0103826353,0.0108566866,0.312989671,0.345418688,0.33620919,0.301851626,2.92719109,280.742863,223.253533,0.00793124854,0.0108601637,0,0,1.87847763e-05,0,0,0,0,0,0,0
47200,17.3360226,23.2262949,0.0103826349,0.0108566717,0.312989859,0.345418721,0.336209454,0.301851535,2.92726374,280.742373,223.253537,0.00793124645,0.0108601619,0,0,1.87847763e-05,0,0,0,0,0,0,0
47600,17.336087,23.2263156,0.0103826333,0.0108566745,0.312989849,0.345418787,0.336209142,0.301851805,2.92725134,280.74277,223.253538,0.00793124678,0.0108601609,0,0,1.87845435e-05,0,0,0,0,0,0,0
48000,17.3360452,23.226302,0.0103826356,0.0108566838,0.312989601,0.345418764,0.336209203,0.30185189,2.9271536,280.742063,223.253541,0.00793124707,0.0108601637,0,0,1.87845435e-05,0,0,0,0,0,0,0
